[Licensing::Module] Trying to connect to existing licensing client channel...
Built from '6000.5/staging' branch; Version is '6000.5.5f1 (d16e074b49fd) revision 13725191'; Using compiler version '194234433'; Build Type 'Release'
OS: 'Windows 11  (10.0.26200) Professional' Language: 'en' Physical Memory: 64661 MB
[Licensing::IpcConnector] Successfully connected to: "LicenseClient-JW" at "2026-07-28T14:31:24.299241Z"
BatchMode: 1, IsHumanControllingUs: 0, StartBugReporterOnCrash: 0, Is64bit: 1
System  architecture: x64
Process architecture: x64
Date: 2026-07-28T14:31:24Z

COMMAND LINE ARGUMENTS:
C:\Program Files\Unity\Hub\Editor\6000.5.5f1\Editor\Unity.exe
-batchmode
-nographics
-quit
-projectPath
c:\Users\JW\Desktop\projects\solarSim\UnityProject
-executeMethod
SolarSim.Unity.Editor.SceneBootstrap.EnsureMainSceneBatch
-logFile
c:\Users\JW\Desktop\projects\solarSim\UnityProject\unity-batch2.log
Successfully changed project path to: c:\Users\JW\Desktop\projects\solarSim\UnityProject
C:/Users/JW/Desktop/projects/solarSim/UnityProject
[UnityMemory] Configuration Parameters - Can be set up in boot.config
    "memorysetup-temp-allocator-size-gi-baking-worker=262144"
    "memorysetup-temp-allocator-size-gi-baking-worker=262144"
    "memorysetup-temp-allocator-size-gi-baking-worker=262144"
    "memorysetup-temp-allocator-size-gi-baking-worker=262144"
    "memorysetup-temp-allocator-size-gi-baking-worker=262144"
    "memorysetup-temp-allocator-size-nav-mesh-worker=65536"
    "memorysetup-temp-allocator-size-audio-worker=65536"
    "memorysetup-temp-allocator-size-cloud-worker=32768"
    "memorysetup-temp-allocator-size-gfx=262144"
    "memorysetup-temp-allocator-size-preload-manager=33554432"
    "memorysetup-allocator-temp-initial-block-size-main=262144"
    "memorysetup-allocator-temp-initial-block-size-worker=262144"
    "memorysetup-temp-allocator-size-job-worker=262144"
    "memorysetup-temp-allocator-size-background-worker=32768"
    "memorysetup-bucket-allocator-granularity=16"
    "memorysetup-bucket-allocator-bucket-count=8"
    "memorysetup-bucket-allocator-block-size=33554432"
    "memorysetup-bucket-allocator-block-count=8"
    "memorysetup-main-allocator-block-size=16777216"
    "memorysetup-thread-allocator-block-size=16777216"
    "memorysetup-main-allocator-mimalloc-enabled=0"
    "memorysetup-gfx-main-allocator-block-size=16777216"
    "memorysetup-gfx-thread-allocator-block-size=16777216"
    "memorysetup-cache-allocator-block-size=4194304"
    "memorysetup-typetree-allocator-block-size=2097152"
    "memorysetup-profiler-bucket-allocator-granularity=16"
    "memorysetup-profiler-bucket-allocator-bucket-count=8"
    "memorysetup-profiler-bucket-allocator-block-size=33554432"
    "memorysetup-profiler-bucket-allocator-block-count=8"
    "memorysetup-profiler-allocator-block-size=16777216"
    "memorysetup-profiler-editor-allocator-block-size=1048576"
    "memorysetup-temp-allocator-size-main=16777216"
    "memorysetup-job-temp-allocator-block-size=2097152"
    "memorysetup-job-temp-allocator-block-size-background=1048576"
    "memorysetup-job-temp-allocator-reduction-small-platforms=262144"
Logging is directed to a specific file, skipping project log.Player connection [37348]  Target information:

Player connection [37348]  * "[IP] 192.168.1.137 [Port] 55504 [Flags] 2 [Guid] 575493596 [EditorId] 575493596 [Version] 1048832 [Id] WindowsEditor(7,DESKTOP-1KIOJU3) [Debug] 1 [PackageName] WindowsEditor [ProjectName] Editor" 

Player connection [37348]  * "[IP] 10.5.0.2 [Port] 55504 [Flags] 2 [Guid] 575493596 [EditorId] 575493596 [Version] 1048832 [Id] WindowsEditor(7,DESKTOP-1KIOJU3) [Debug] 1 [PackageName] WindowsEditor [ProjectName] Editor" 

Player connection [37348] Host joined multi-casting on [225.0.0.222:54997]...
Player connection [37348] Host joined alternative multi-casting on [225.0.0.222:34997]...
Input System module state changed to: Initialized.
[Physics::Module] Initialized fallback backend.
[Physics::Module] Id: 0xdecafbad
[Package Manager] Connected to IPC stream "Upm-23692" after 0.2 seconds.
[Licensing::Module] Licensing is not yet initialized.
[Licensing::Client] Error: HandshakeResponse reported an error:
	ResponseCode: 505
	ResponseStatus: Unsupported protocol version '1.18.1'.
[Licensing::Module] Error: Failed to handshake to channel: "LicenseClient-JW"
[Licensing::IpcConnector] LicenseClient-JW channel disconnected successfully.
[Licensing::IpcConnector] Channel LicenseClient-JW-6000.5.5 doesn't exist
[Licensing::Module] Successfully launched the LicensingClient (PId: 47064)
[Licensing::IpcConnector] Successfully connected to: "LicenseClient-JW-6000.5.5" at "2026-07-28T14:31:25.5290675Z"
[Licensing::Client] Code 10 while verifying Licensing Client signature (process Id: 47064, path: "C:/Program Files/Unity/Hub/Editor/6000.5.5f1/Editor/Data/Resources/Licensing/Client/Unity.Licensing.Client.exe")
[Licensing::Module] LicensingClient has failed validation; ignoring
[Licensing::Client] Handshaking with LicensingClient:
  Version:                 1.18.1+9fbee8e
  Session Id:              a6ca9a8c2cb345b79dc0395e871d0eaa
  Correlation Id:          d5d0a605a1bad6dc4dd3cdc19f5cd387
  External correlation Id: 5720333391056028071
  Machine Id:              fDzdlJJmCmr+dCM7uHNVPTVlmZU=
[Licensing::Module] Successfully connected to LicensingClient on channel: "LicenseClient-JW-6000.5.5" (connect: 0.24s, validation: 0.22s, handshake: 0.01s)
[Licensing::IpcConnector] Successfully connected to: "LicenseClient-JW-6000.5.5-notifications" at "2026-07-28T14:31:25.7530397Z"
[Licensing::Module] Connected to LicensingClient (PId: 47064, launch time: 0.00, total connection time: 0.47s)
[Licensing::Module] Error: Access token is unavailable; failed to update
[Licensing::Client] Successfully resolved entitlement details
[Licensing::Module] License group:
  Id: 17867665166671-UnityPersXXXX
  Product: Unity Personal
  Type: Assigned
  Expiration: Unlimited
[Licensing::Client] Successfully updated license, isAsync: True, time: 0.03
[Licensing::Client] Successfully resolved entitlement details
[Licensing::Module] Licensing Background thread has ended after 1.51s
[Licensing::Module] Licensing is initialized (took 0.94s).
[Licensing::Client] Successfully resolved entitlement details
Library Redirect Path: Library/
[Physics::Module] Selected backend.
[Physics::Module] Name: PhysX
[Physics::Module] Id: 0xf2b8ea05
[Physics::Module] SDK Version: 4.1.2
[Physics::Module] Integration Version: 1.0.0
[Physics::Module] Threading Mode: Multi-Threaded
Initialize engine version: 6000.5.5f1 (d16e074b49fd)
[Subsystems] Discovering subsystems at path C:/Program Files/Unity/Hub/Editor/6000.5.5f1/Editor/Data/Resources/UnitySubsystems
[Subsystems] Discovering subsystems at path C:/Users/JW/Desktop/projects/solarSim/UnityProject/Assets
Forcing GfxDevice: Null
GfxDevice: creating device client; kGfxThreadingModeNonThreaded
NullGfxDevice:
    Version:  NULL 1.0 [1.0]
    Renderer: Null Device
    Vendor:   Unity Technologies
Initialize mono
Mono path[0] = 'C:/Program Files/Unity/Hub/Editor/6000.5.5f1/Editor/Data/Managed'
Mono path[1] = 'C:/Program Files/Unity/Hub/Editor/6000.5.5f1/Editor/Data/BCLExtensions/runtime/netstandard2.1'
Mono path[2] = 'C:/Program Files/Unity/Hub/Editor/6000.5.5f1/Editor/Data/MonoBleedingEdge/lib/mono/unityjit-win32'
Mono config path = 'C:/Program Files/Unity/Hub/Editor/6000.5.5f1/Editor/Data/MonoBleedingEdge/etc'
Using monoOptions --debugger-agent=transport=dt_socket,embedding=1,server=y,suspend=n,address=127.0.0.1:56692
CodeReloadManager initialized
ImportWorker Server TCP listen port: 0
AcceleratorClientConnectionCallback - disconnected - :0
Begin MonoManager ReloadAssembly
Registering precompiled unity dll's ...
Register platform support module: C:/Program Files/Unity/Hub/Editor/6000.5.5f1/Editor/Data/PlaybackEngines/WebGLSupport/UnityEditor.WebGL.Extensions.dll
Register platform support module: C:/Program Files/Unity/Hub/Editor/6000.5.5f1/Editor/Data/PlaybackEngines/WindowsStandaloneSupport/UnityEditor.WindowsStandalone.Extensions.dll
Registered in 0.003201 seconds.
Native extension for WindowsStandalone target not found
Native extension for WebGL target not found
Package Manager log level set to [2]
ScheduleIndexationOnStartup MainProcess:False IndexOnStartup:False
Mono: successfully reloaded assembly
- Finished resetting the current domain, in  0.303 seconds
Domain Reload Profiling: 755ms
	BeginReloadAssembly (118ms)
		CreateAndSetChildDomain (4ms)
	RebuildCommonClasses (4ms)
	RebuildNativeTypeToScriptingClass (14ms)
	initialDomainReloadingComplete (63ms)
	LoadAllAssembliesAndSetupDomain (249ms)
		LoadAssemblies (110ms)
		AnalyzeDomain (182ms)
			TypeCache.Refresh (181ms)
				TypeCache.ScanAssembly (168ms)
	FinalizeReload (306ms)
		SetupLoadedEditorAssemblies (0ms)
			BeforeProcessingInitializeOnLoad (72ms)
			ProcessInitializeOnLoadAttributes (74ms)
			ProcessInitializeOnLoadMethodAttributes (93ms)
[Licensing::Client] Successfully resolved entitlement details
Application.AssetDatabase Initial Refresh Start
[Package Manager] Restoring resolved packages state from cache
[Licensing::Client] Successfully resolved entitlement details
[Package Manager] Registered 25 packages:
  Packages from [https://packages.unity.com]:
    com.unity.ide.visualstudio@2.0.23 (location: C:\Users\JW\Desktop\projects\solarSim\UnityProject\Library\PackageCache\com.unity.ide.visualstudio@198cdf337d13)
    com.unity.inputsystem@1.14.0 (location: C:\Users\JW\Desktop\projects\solarSim\UnityProject\Library\PackageCache\com.unity.inputsystem@7fe8299111a7)
  Built-in packages:
    com.unity.test-framework@1.7.0 (location: C:\Users\JW\Desktop\projects\solarSim\UnityProject\Library\PackageCache\com.unity.test-framework@1405238725ab)
    com.unity.ugui@2.5.0 (location: C:\Users\JW\Desktop\projects\solarSim\UnityProject\Library\PackageCache\com.unity.ugui@f2d87ebaaa32)
    com.unity.modules.androidjni@1.0.0 (location: C:\Users\JW\Desktop\projects\solarSim\UnityProject\Library\PackageCache\com.unity.modules.androidjni)
    com.unity.modules.animation@1.0.0 (location: C:\Users\JW\Desktop\projects\solarSim\UnityProject\Library\PackageCache\com.unity.modules.animation)
    com.unity.modules.assetbundle@1.0.0 (location: C:\Users\JW\Desktop\projects\solarSim\UnityProject\Library\PackageCache\com.unity.modules.assetbundle)
    com.unity.modules.audio@1.0.0 (location: C:\Users\JW\Desktop\projects\solarSim\UnityProject\Library\PackageCache\com.unity.modules.audio)
    com.unity.modules.director@1.0.0 (location: C:\Users\JW\Desktop\projects\solarSim\UnityProject\Library\PackageCache\com.unity.modules.director)
    com.unity.modules.imageconversion@1.0.0 (location: C:\Users\JW\Desktop\projects\solarSim\UnityProject\Library\PackageCache\com.unity.modules.imageconversion)
    com.unity.modules.imgui@1.0.0 (location: C:\Users\JW\Desktop\projects\solarSim\UnityProject\Library\PackageCache\com.unity.modules.imgui)
    com.unity.modules.jsonserialize@1.0.0 (location: C:\Users\JW\Desktop\projects\solarSim\UnityProject\Library\PackageCache\com.unity.modules.jsonserialize)
    com.unity.modules.particlesystem@1.0.0 (location: C:\Users\JW\Desktop\projects\solarSim\UnityProject\Library\PackageCache\com.unity.modules.particlesystem)
    com.unity.modules.physics@1.0.0 (location: C:\Users\JW\Desktop\projects\solarSim\UnityProject\Library\PackageCache\com.unity.modules.physics)
    com.unity.modules.physics2d@1.0.0 (location: C:\Users\JW\Desktop\projects\solarSim\UnityProject\Library\PackageCache\com.unity.modules.physics2d)
    com.unity.modules.ui@1.0.0 (location: C:\Users\JW\Desktop\projects\solarSim\UnityProject\Library\PackageCache\com.unity.modules.ui)
    com.unity.modules.uielements@1.0.0 (location: C:\Users\JW\Desktop\projects\solarSim\UnityProject\Library\PackageCache\com.unity.modules.uielements)
    com.unity.modules.umbra@1.0.0 (location: C:\Users\JW\Desktop\projects\solarSim\UnityProject\Library\PackageCache\com.unity.modules.umbra)
    com.unity.modules.unitywebrequest@1.0.0 (location: C:\Users\JW\Desktop\projects\solarSim\UnityProject\Library\PackageCache\com.unity.modules.unitywebrequest)
    com.unity.modules.unitywebrequestwww@1.0.0 (location: C:\Users\JW\Desktop\projects\solarSim\UnityProject\Library\PackageCache\com.unity.modules.unitywebrequestwww)
    com.unity.modules.unitywebrequestassetbundle@1.0.0 (location: C:\Users\JW\Desktop\projects\solarSim\UnityProject\Library\PackageCache\com.unity.modules.unitywebrequestassetbundle)
    com.unity.modules.unitywebrequestaudio@1.0.0 (location: C:\Users\JW\Desktop\projects\solarSim\UnityProject\Library\PackageCache\com.unity.modules.unitywebrequestaudio)
    com.unity.modules.hierarchycore@1.0.0 (location: C:\Users\JW\Desktop\projects\solarSim\UnityProject\Library\PackageCache\com.unity.modules.hierarchycore)
    com.unity.modules.physicscore2d@1.0.0 (location: C:\Users\JW\Desktop\projects\solarSim\UnityProject\Library\PackageCache\com.unity.modules.physicscore2d)
    com.unity.ext.nunit@2.1.0 (location: C:\Users\JW\Desktop\projects\solarSim\UnityProject\Library\PackageCache\com.unity.ext.nunit@44f7d31723bd)
[Subsystems] No new subsystems found in resolved package list.
[Package Manager] Done registering packages in 0.01 seconds
[Package Manager] Done resolving packages in 3.09 seconds
[Licensing::Client] Successfully resolved entitlement details
[Package Manager] Lock file was created
[Package Manager] Registered 17 packages:
  Packages from [https://packages.unity.com]:
    com.unity.ide.visualstudio@2.0.23 (location: C:\Users\JW\Desktop\projects\solarSim\UnityProject\Library\PackageCache\com.unity.ide.visualstudio@198cdf337d13)
  Built-in packages:
    com.unity.ugui@2.5.0 (location: C:\Users\JW\Desktop\projects\solarSim\UnityProject\Library\PackageCache\com.unity.ugui@f2d87ebaaa32)
    com.unity.modules.androidjni@1.0.0 (location: C:\Users\JW\Desktop\projects\solarSim\UnityProject\Library\PackageCache\com.unity.modules.androidjni)
    com.unity.modules.animation@1.0.0 (location: C:\Users\JW\Desktop\projects\solarSim\UnityProject\Library\PackageCache\com.unity.modules.animation)
    com.unity.modules.audio@1.0.0 (location: C:\Users\JW\Desktop\projects\solarSim\UnityProject\Library\PackageCache\com.unity.modules.audio)
    com.unity.modules.imageconversion@1.0.0 (location: C:\Users\JW\Desktop\projects\solarSim\UnityProject\Library\PackageCache\com.unity.modules.imageconversion)
    com.unity.modules.imgui@1.0.0 (location: C:\Users\JW\Desktop\projects\solarSim\UnityProject\Library\PackageCache\com.unity.modules.imgui)
    com.unity.modules.jsonserialize@1.0.0 (location: C:\Users\JW\Desktop\projects\solarSim\UnityProject\Library\PackageCache\com.unity.modules.jsonserialize)
    com.unity.modules.physics@1.0.0 (location: C:\Users\JW\Desktop\projects\solarSim\UnityProject\Library\PackageCache\com.unity.modules.physics)
    com.unity.modules.physics2d@1.0.0 (location: C:\Users\JW\Desktop\projects\solarSim\UnityProject\Library\PackageCache\com.unity.modules.physics2d)
    com.unity.modules.ui@1.0.0 (location: C:\Users\JW\Desktop\projects\solarSim\UnityProject\Library\PackageCache\com.unity.modules.ui)
    com.unity.modules.uielements@1.0.0 (location: C:\Users\JW\Desktop\projects\solarSim\UnityProject\Library\PackageCache\com.unity.modules.uielements)
    com.unity.modules.unitywebrequest@1.0.0 (location: C:\Users\JW\Desktop\projects\solarSim\UnityProject\Library\PackageCache\com.unity.modules.unitywebrequest)
    com.unity.modules.hierarchycore@1.0.0 (location: C:\Users\JW\Desktop\projects\solarSim\UnityProject\Library\PackageCache\com.unity.modules.hierarchycore)
    com.unity.modules.physicscore2d@1.0.0 (location: C:\Users\JW\Desktop\projects\solarSim\UnityProject\Library\PackageCache\com.unity.modules.physicscore2d)
    com.unity.test-framework@1.7.0 (location: C:\Users\JW\Desktop\projects\solarSim\UnityProject\Library\PackageCache\com.unity.test-framework@1405238725ab)
    com.unity.ext.nunit@2.1.0 (location: C:\Users\JW\Desktop\projects\solarSim\UnityProject\Library\PackageCache\com.unity.ext.nunit@44f7d31723bd)
[Subsystems] No new subsystems found in resolved package list.
[Package Manager] Done registering packages in 0.00 seconds
[ScriptCompilation] Requested script compilation because: Assembly Definition File(s) changed
[ScriptCompilation] Requested script compilation because: AssetDatabase observed changes in script compilation related files
Starting: C:\Program Files\Unity\Hub\Editor\6000.5.5f1\Editor\Data\Tools\BuildPipeline\bee_backend.exe --ipc --defer-dag-verification --dagfile="Library/Bee/1900b0aE.dag" --continue-on-failure --profile="Library/Bee/backend1.traceevents" ScriptAssemblies
WorkingDir: C:/Users/JW/Desktop/projects/solarSim/UnityProject
DisplayProgressbar: Compiling Scripts
ExitCode: 4 Duration: 1s218ms
[234/287    0s] CopyFiles Library/ScriptAssemblies/UnityEngine.UI.pdb
[235/287    0s] CopyFiles Library/ScriptAssemblies/UnityEngine.TestRunner.dll
[236/287    0s] CopyFiles Library/ScriptAssemblies/UnityEditor.TestRunner.pdb
[237/287    0s] CopyFiles Library/ScriptAssemblies/UnityEditor.TestRunner.dll
[240/287    0s] CopyFiles Library/ScriptAssemblies/UnityEngine.TestRunner.pdb
[243/287    0s] CopyFiles Library/ScriptAssemblies/UnityEditor.UI.dll
[244/287    0s] CopyFiles Library/ScriptAssemblies/UnityEditor.UI.pdb
[251/287    0s] CopyFiles Library/ScriptAssemblies/Unity.VisualStudio.Editor.pdb
[252/287    0s] CopyFiles Library/ScriptAssemblies/Unity.InternalAPIEngineBridge.004.dll
[253/287    0s] CopyFiles Library/ScriptAssemblies/Unity.VisualStudio.Editor.dll
[254/287    0s] CopyFiles Library/ScriptAssemblies/Unity.InternalAPIEngineBridge.004.pdb
[255/287    0s] CopyFiles Library/ScriptAssemblies/Unity.TextMeshPro.pdb
[256/287    0s] CopyFiles Library/ScriptAssemblies/Unity.TextMeshPro.dll
[257/287    0s] CopyFiles Library/ScriptAssemblies/UnityEditor.UI.Analytics.dll
[258/287    0s] CopyFiles Library/ScriptAssemblies/Unity.TextMeshPro.Editor.dll
[259/287    0s] CopyFiles Library/ScriptAssemblies/UnityEditor.UI.Analytics.pdb
[260/287    0s] CopyFiles Library/ScriptAssemblies/Unity.TextMeshPro.Editor.pdb
[261/287    0s] CopyFiles Library/ScriptAssemblies/UnityEngine.UI.dll
Rebuilding DAG because FileSignature timestamp changed: Library/Bee/1900b0aE-inputdata.json
[           0s] Csc Library/Bee/artifacts/1900b0aE.dag/Unity.InputSystem.dll (+2 others) [CacheMiss 419bc626e5c02fdae93dd2396188a48d00000000000000000000000000000006]
*** Tundra requires additional run (1.19 seconds), 20 items updated, 261 evaluated
Starting: C:\Program Files\Unity\Hub\Editor\6000.5.5f1\Editor\Data\netcorerun\netcorerun.exe "C:\Program Files\Unity\Hub\Editor\6000.5.5f1\Editor\Data\Tools\BuildPipeline\ScriptCompilationBuildProgram.exe" "Library/Bee/1900b0aE.dag.json" "Library/Bee/1900b0aE-inputdata.json" "Library\Bee\buildprogram0.traceevents"
WorkingDir: C:/Users/JW/Desktop/projects/solarSim/UnityProject
ExitCode: 0 Duration: 0s245ms
Starting: C:\Program Files\Unity\Hub\Editor\6000.5.5f1\Editor\Data\Tools\BuildPipeline\bee_backend.exe --ipc --defer-dag-verification --dagfile="Library/Bee/1900b0aE.dag" --continue-on-failure --dagfilejson="Library\Bee\1900b0aE.dag.json" --profile="Library/Bee/backend2.traceevents" ScriptAssemblies
WorkingDir: C:/Users/JW/Desktop/projects/solarSim/UnityProject
ExitCode: 3 Duration: 2s369ms
Finished compiling graph: 257 nodes, 2248 flattened edges (2124 ToBuild, 24 ToUse), maximum node priority 105
[           0s] Delete 17 artifact files that are no longer in use. (like Library\Bee\artifacts\1900b0aE.dag\Unity.InputSystem.rsp)
[191/254    0s] WriteText Library/Bee/artifacts/1900b0aE.dag/UnityEngine.TestRunner.dll.mvfrm.rsp
[192/254    0s] WriteText Library/Bee/artifacts/1900b0aE.dag/Unity.TextMeshPro.rsp
[193/254    0s] WriteText Library/Bee/artifacts/1900b0aE.dag/UnityEngine.TestRunner.rsp
[194/254    0s] WriteText Library/Bee/artifacts/1900b0aE.dag/SolarSim.Unity.rsp
[195/254    0s] WriteText Library/Bee/artifacts/1900b0aE.dag/UnityEngine.UI.rsp
[196/254    0s] WriteText Library/Bee/artifacts/1900b0aE.dag/UnityEngine.UI.dll.mvfrm.rsp
[197/254    0s] WriteText Library/Bee/artifacts/1900b0aE.dag/Unity.InternalAPIEngineBridge.004.rsp
[198/254    0s] WriteText Library/Bee/artifacts/1900b0aE.dag/Unity.TextMeshPro.dll.mvfrm.rsp
[199/254    0s] WriteText Library/Bee/artifacts/1900b0aE.dag/SolarSim.Unity.dll.mvfrm.rsp
[200/254    0s] WriteText Library/Bee/artifacts/1900b0aE.dag/Unity.InternalAPIEngineBridge.004.dll.mvfrm.rsp
[201/254    0s] MovedFromExtractor-Combine Library/Bee/artifacts/1900b0aE.dag/UnityEngine.UI.dll.mvfrm
[202/254    0s] MovedFromExtractor-Combine Library/Bee/artifacts/1900b0aE.dag/UnityEngine.TestRunner.dll.mvfrm
[           0s] Csc Library/Bee/artifacts/1900b0aE.dag/UnityEngine.UI.dll (+2 others) [CacheMiss 949bcf688b057a50dc8c8f970849fb4b00000000000000000000000000000006]
[           0s] Csc Library/Bee/artifacts/1900b0aE.dag/UnityEngine.TestRunner.dll (+2 others) [CacheMiss f451bd700bcef1300a7ad2705de8dd1d00000000000000000000000000000006]
[203/254    0s] Csc Library/Bee/artifacts/1900b0aE.dag/UnityEngine.TestRunner.dll (+2 others)
[204/254    0s] Csc Library/Bee/artifacts/1900b0aE.dag/UnityEngine.UI.dll (+2 others)
[           0s] Csc Library/Bee/artifacts/1900b0aE.dag/UnityEngine.TestRunner.dll (+2 others) [CacheWrite f451bd700bcef1300a7ad2705de8dd1d00000000000000000000000000000006]
[           0s] Csc Library/Bee/artifacts/1900b0aE.dag/UnityEngine.UI.dll (+2 others) [CacheWrite 949bcf688b057a50dc8c8f970849fb4b00000000000000000000000000000006]
[209/254    0s] CopyFiles Library/ScriptAssemblies/UnityEngine.TestRunner.pdb
[213/254    0s] CopyFiles Library/ScriptAssemblies/UnityEngine.UI.pdb
[224/254    0s] CopyFiles Library/ScriptAssemblies/UnityEngine.TestRunner.dll
[225/254    0s] CopyFiles Library/ScriptAssemblies/UnityEngine.UI.dll
[226/254    0s] MovedFromExtractor-Combine Library/Bee/artifacts/1900b0aE.dag/Unity.InternalAPIEngineBridge.004.dll.mvfrm
[227/254    0s] MovedFromExtractor-Combine Library/Bee/artifacts/1900b0aE.dag/SolarSim.Unity.dll.mvfrm
[           0s] Csc Library/Bee/artifacts/1900b0aE.dag/Unity.InternalAPIEngineBridge.004.dll (+2 others) [CacheMiss a15cb263d49d76b1b46796d7a1f546f000000000000000000000000000000006]
[228/254    0s] Csc Library/Bee/artifacts/1900b0aE.dag/Unity.InternalAPIEngineBridge.004.dll (+2 others)
[           0s] Csc Library/Bee/artifacts/1900b0aE.dag/Unity.InternalAPIEngineBridge.004.dll (+2 others) [CacheWrite a15cb263d49d76b1b46796d7a1f546f000000000000000000000000000000006]
[230/254    0s] CopyFiles Library/ScriptAssemblies/Unity.InternalAPIEngineBridge.004.dll
[231/254    0s] CopyFiles Library/ScriptAssemblies/Unity.InternalAPIEngineBridge.004.pdb
[232/254    0s] MovedFromExtractor-Combine Library/Bee/artifacts/1900b0aE.dag/Unity.TextMeshPro.dll.mvfrm
[           0s] Csc Library/Bee/artifacts/1900b0aE.dag/Unity.TextMeshPro.dll (+2 others) [CacheMiss 6de406ce3f0b14f4f843f004b862c47800000000000000000000000000000006]
[233/254    0s] Csc Library/Bee/artifacts/1900b0aE.dag/Unity.TextMeshPro.dll (+2 others)
[           0s] Csc Library/Bee/artifacts/1900b0aE.dag/Unity.TextMeshPro.dll (+2 others) [CacheWrite 6de406ce3f0b14f4f843f004b862c47800000000000000000000000000000006]
[243/254    0s] CopyFiles Library/ScriptAssemblies/Unity.TextMeshPro.pdb
[244/254    0s] CopyFiles Library/ScriptAssemblies/Unity.TextMeshPro.dll
[245/254    0s] Csc Library/Bee/artifacts/1900b0aE.dag/SolarSim.Runtime.dll (+2 others)
##### CommandLine
"C:\Program Files\Unity\Hub\Editor\6000.5.5f1\Editor\Data\DotNetSdk\dotnet.exe" exec "C:/Program Files/Unity/Hub/Editor/6000.5.5f1/Editor/Data/DotNetSdk/sdk/8.0.318/Roslyn/bincore/csc.dll" /nostdlib /noconfig /shared "@Library/Bee/artifacts/1900b0aE.dag/SolarSim.Runtime.rsp" "@Library/Bee/artifacts/1900b0aE.dag/SolarSim.Runtime.rsp2"
##### Contents of Library\Bee\artifacts\1900b0aE.dag\SolarSim.Runtime.rsp
-target:library
-out:"Library/Bee/artifacts/1900b0aE.dag/SolarSim.Runtime.dll"
-refout:"Library/Bee/artifacts/1900b0aE.dag/SolarSim.Runtime.ref.dll"
-define:UNITY_6000_5_5
-define:UNITY_6000_5
-define:UNITY_6000
-define:UNITY_5_3_OR_NEWER
-define:UNITY_5_4_OR_NEWER
-define:UNITY_5_5_OR_NEWER
-define:UNITY_5_6_OR_NEWER
-define:UNITY_2017_1_OR_NEWER
-define:UNITY_2017_2_OR_NEWER
-define:UNITY_2017_3_OR_NEWER
-define:UNITY_2017_4_OR_NEWER
-define:UNITY_2018_1_OR_NEWER
-define:UNITY_2018_2_OR_NEWER
-define:UNITY_2018_3_OR_NEWER
-define:UNITY_2018_4_OR_NEWER
-define:UNITY_2019_1_OR_NEWER
-define:UNITY_2019_2_OR_NEWER
-define:UNITY_2019_3_OR_NEWER
-define:UNITY_2019_4_OR_NEWER
-define:UNITY_2020_1_OR_NEWER
-define:UNITY_2020_2_OR_NEWER
-define:UNITY_2020_3_OR_NEWER
-define:UNITY_2021_1_OR_NEWER
-define:UNITY_2021_2_OR_NEWER
-define:UNITY_2021_3_OR_NEWER
-define:UNITY_2022_1_OR_NEWER
-define:UNITY_2022_2_OR_NEWER
-define:UNITY_2022_3_OR_NEWER
-define:UNITY_2023_1_OR_NEWER
-define:UNITY_2023_2_OR_NEWER
-define:UNITY_2023_3_OR_NEWER
-define:UNITY_6000_0_OR_NEWER
-define:UNITY_6000_1_OR_NEWER
-define:UNITY_6000_2_OR_NEWER
-define:UNITY_6000_3_OR_NEWER
-define:UNITY_6000_4_OR_NEWER
-define:UNITY_6000_5_OR_NEWER
-define:PLATFORM_ARCH_64
-define:UNITY_64
-define:UNITY_INCLUDE_TESTS
-define:ENABLE_AR
-define:ENABLE_AUDIO
-define:ENABLE_AUDIO_SCRIPTABLE_PIPELINE
-define:ENABLE_CACHING
-define:ENABLE_CLOTH
-define:ENABLE_EVENT_QUEUE
-define:ENABLE_MICROPHONE
-define:ENABLE_MULTIPLE_DISPLAYS
-define:ENABLE_PHYSICS
-define:ENABLE_TEXTURE_STREAMING
-define:ENABLE_VIRTUALTEXTURING
-define:ENABLE_LZMA
-define:ENABLE_UNITYEVENTS
-define:ENABLE_VR
-define:ENABLE_WEBCAM
-define:ENABLE_UNITYWEBREQUEST
-define:ENABLE_WWW
-define:ENABLE_CLOUD_SERVICES
-define:ENABLE_CLOUD_SERVICES_ADS
-define:ENABLE_CLOUD_SERVICES_USE_WEBREQUEST
-define:ENABLE_UNITY_CONSENT
-define:ENABLE_UNITY_CLOUD_IDENTIFIERS
-define:ENABLE_CLOUD_SERVICES_CRASH_REPORTING
-define:ENABLE_CLOUD_SERVICES_NATIVE_CRASH_REPORTING
-define:ENABLE_CLOUD_SERVICES_PURCHASING
-define:ENABLE_CLOUD_SERVICES_ANALYTICS
-define:ENABLE_CLOUD_SERVICES_BUILD
-define:ENABLE_EDITOR_GAME_SERVICES
-define:ENABLE_UNITY_GAME_SERVICES_ANALYTICS_SUPPORT
-define:ENABLE_CLOUD_LICENSE
-define:ENABLE_EDITOR_HUB_LICENSE
-define:ENABLE_WEBSOCKET_CLIENT
-define:ENABLE_GENERATE_NATIVE_PLUGINS_FOR_ASSEMBLIES_API
-define:ENABLE_DIRECTOR_AUDIO
-define:ENABLE_DIRECTOR_TEXTURE
-define:ENABLE_MANAGED_JOBS
-define:ENABLE_MANAGED_TRANSFORM_JOBS
-define:ENABLE_MANAGED_ANIMATION_JOBS
-define:ENABLE_MANAGED_AUDIO_JOBS
-define:ENABLE_MANAGED_UNITYTLS
-define:INCLUDE_DYNAMIC_GI
-define:ENABLE_SCRIPTING_GC_WBARRIERS
-define:PLATFORM_SUPPORTS_MONO
-define:RENDER_SOFTWARE_CURSOR
-define:ENABLE_MARSHALLING_TESTS
-define:ENABLE_VIDEO
-define:ENABLE_NAVIGATION_OFFMESHLINK_TO_NAVMESHLINK
-define:ENABLE_ACCELERATOR_CLIENT_DEBUGGING
-define:ENABLE_ACCESSIBILITY_SCREEN_READER
-define:TEXTCORE_1_0_OR_NEWER
-define:EDITOR_ONLY_NAVMESH_BUILDER_DEPRECATED
-define:PLATFORM_STANDALONE_WIN
-define:PLATFORM_STANDALONE
-define:UNITY_STANDALONE_WIN
-define:UNITY_STANDALONE
-define:ENABLE_RUNTIME_GI
-define:ENABLE_MOVIES
-define:ENABLE_NETWORK
-define:ENABLE_NVIDIA
-define:ENABLE_AMD
-define:ENABLE_CRUNCH_TEXTURE_COMPRESSION
-define:ENABLE_CLOUD_SERVICES_ENGINE_DIAGNOSTICS
-define:ENABLE_OUT_OF_PROCESS_CRASH_HANDLER
-define:ENABLE_CLUSTER_SYNC
-define:ENABLE_CLUSTERINPUT
-define:PLATFORM_UPDATES_TIME_OUTSIDE_OF_PLAYER_LOOP
-define:GFXDEVICE_WAITFOREVENT_MESSAGEPUMP
-define:PLATFORM_USES_EXPLICIT_MEMORY_MANAGER_INITIALIZER
-define:PLATFORM_SUPPORTS_WAIT_FOR_PRESENTATION
-define:PLATFORM_SUPPORTS_SPLIT_GRAPHICS_JOBS
-define:PLATFORM_USES_VULKAN_OLD_SWAPCHAIN
-define:USE_READ_ASYNC_MANAGED_API
-define:ENABLE_MONO
-define:NET_STANDARD_2_0
-define:NET_STANDARD
-define:NET_STANDARD_2_1
-define:NETSTANDARD
-define:NETSTANDARD2_1
-define:ENABLE_PROFILER
-define:DEBUG
-define:TRACE
-define:UNITY_ASSERTIONS
-define:UNITY_EDITOR
-define:UNITY_EDITOR_64
-define:UNITY_EDITOR_WIN
-define:ENABLE_UNITY_COLLECTIONS_CHECKS
-define:ENABLE_BURST_AOT
-define:UNITY_TEAM_LICENSE
-define:ENABLE_CUSTOM_RENDER_TEXTURE
-define:ENABLE_DIRECTOR
-define:ENABLE_LOCALIZATION
-define:ENABLE_SPRITES
-define:ENABLE_TERRAIN
-define:ENABLE_TILEMAP
-define:ENABLE_TIMELINE
-define:ENABLE_LEGACY_INPUT_MANAGER
-define:TEXTCORE_FONT_ENGINE_1_5_OR_NEWER
-define:TEXTCORE_TEXT_ENGINE_1_5_OR_NEWER
-define:TEXTCORE_FONT_ENGINE_1_6_OR_NEWER
-define:CSHARP_7_OR_LATER
-define:CSHARP_7_3_OR_NEWER
-r:"C:/Program Files/Unity/Hub/Editor/6000.5.5f1/Editor/Data/BCLExtensions/TargetingPacks/netstandard2.1/ref/Microsoft.Bcl.AsyncInterfaces.dll"
-r:"C:/Program Files/Unity/Hub/Editor/6000.5.5f1/Editor/Data/BCLExtensions/TargetingPacks/netstandard2.1/ref/Microsoft.Extensions.DependencyInjection.Abstractions.dll"
-r:"C:/Program Files/Unity/Hub/Editor/6000.5.5f1/Editor/Data/BCLExtensions/TargetingPacks/netstandard2.1/ref/Microsoft.Extensions.Logging.Abstractions.dll"
-r:"C:/Program Files/Unity/Hub/Editor/6000.5.5f1/Editor/Data/BCLExtensions/TargetingPacks/netstandard2.1/ref/System.Collections.Immutable.dll"
-r:"C:/Program Files/Unity/Hub/Editor/6000.5.5f1/Editor/Data/BCLExtensions/TargetingPacks/netstandard2.1/ref/System.Diagnostics.DiagnosticSource.dll"
-r:"C:/Program Files/Unity/Hub/Editor/6000.5.5f1/Editor/Data/BCLExtensions/TargetingPacks/netstandard2.1/ref/System.IO.Hashing.dll"
-r:"C:/Program Files/Unity/Hub/Editor/6000.5.5f1/Editor/Data/BCLExtensions/TargetingPacks/netstandard2.1/ref/System.Reflection.Metadata.dll"
-r:"C:/Program Files/Unity/Hub/Editor/6000.5.5f1/Editor/Data/BCLExtensions/TargetingPacks/netstandard2.1/ref/System.Runtime.CompilerServices.Unsafe.dll"
-r:"C:/Program Files/Unity/Hub/Editor/6000.5.5f1/Editor/Data/BCLExtensions/TargetingPacks/netstandard2.1/ref/System.Text.Encodings.Web.dll"
-r:"C:/Program Files/Unity/Hub/Editor/6000.5.5f1/Editor/Data/BCLExtensions/TargetingPacks/netstandard2.1/ref/System.Text.Json.dll"
-r:"C:/Program Files/Unity/Hub/Editor/6000.5.5f1/Editor/Data/NetStandard/Extensions/2.0.0/System.Runtime.InteropServices.WindowsRuntime.dll"
-r:"C:/Program Files/Unity/Hub/Editor/6000.5.5f1/Editor/Data/NetStandard/compat/2.1.0/shims/netfx/System.ComponentModel.Composition.dll"
-r:"C:/Program Files/Unity/Hub/Editor/6000.5.5f1/Editor/Data/NetStandard/compat/2.1.0/shims/netfx/System.Core.dll"
-r:"C:/Program Files/Unity/Hub/Editor/6000.5.5f1/Editor/Data/NetStandard/compat/2.1.0/shims/netfx/System.Data.dll"
-r:"C:/Program Files/Unity/Hub/Editor/6000.5.5f1/Editor/Data/NetStandard/compat/2.1.0/shims/netfx/System.Drawing.dll"
-r:"C:/Program Files/Unity/Hub/Editor/6000.5.5f1/Editor/Data/NetStandard/compat/2.1.0/shims/netfx/System.IO.Compression.FileSystem.dll"
-r:"C:/Program Files/Unity/Hub/Editor/6000.5.5f1/Editor/Data/NetStandard/compat/2.1.0/shims/netfx/System.Net.dll"
-r:"C:/Program Files/Unity/Hub/Editor/6000.5.5f1/Editor/Data/NetStandard/compat/2.1.0/shims/netfx/System.Numerics.dll"
-r:"C:/Program Files/Unity/Hub/Editor/6000.5.5f1/Editor/Data/NetStandard/compat/2.1.0/shims/netfx/System.Runtime.Serialization.dll"
-r:"C:/Program Files/Unity/Hub/Editor/6000.5.5f1/Editor/Data/NetStandard/compat/2.1.0/shims/netfx/System.ServiceModel.Web.dll"
-r:"C:/Program Files/Unity/Hub/Editor/6000.5.5f1/Editor/Data/NetStandard/compat/2.1.0/shims/netfx/System.Transactions.dll"
-r:"C:/Program Files/Unity/Hub/Editor/6000.5.5f1/Editor/Data/NetStandard/compat/2.1.0/shims/netfx/System.Web.dll"
-r:"C:/Program Files/Unity/Hub/Editor/6000.5.5f1/Editor/Data/NetStandard/compat/2.1.0/shims/netfx/System.Windows.dll"
-r:"C:/Program Files/Unity/Hub/Editor/6000.5.5f1/Editor/Data/NetStandard/compat/2.1.0/shims/netfx/System.Xml.Linq.dll"
-r:"C:/Program Files/Unity/Hub/Editor/6000.5.5f1/Editor/Data/NetStandard/compat/2.1.0/shims/netfx/System.Xml.Serialization.dll"
-r:"C:/Program Files/Unity/Hub/Editor/6000.5.5f1/Editor/Data/NetStandard/compat/2.1.0/shims/netfx/System.Xml.dll"
-r:"C:/Program Files/Unity/Hub/Editor/6000.5.5f1/Editor/Data/NetStandard/compat/2.1.0/shims/netfx/System.dll"
-r:"C:/Program Files/Unity/Hub/Editor/6000.5.5f1/Editor/Data/NetStandard/compat/2.1.0/shims/netfx/mscorlib.dll"
-r:"C:/Program Files/Unity/Hub/Editor/6000.5.5f1/Editor/Data/NetStandard/compat/2.1.0/shims/netstandard/Microsoft.Win32.Primitives.dll"
-r:"C:/Program Files/Unity/Hub/Editor/6000.5.5f1/Editor/Data/NetStandard/compat/2.1.0/shims/netstandard/System.AppContext.dll"
-r:"C:/Program Files/Unity/Hub/Editor/6000.5.5f1/Editor/Data/NetStandard/compat/2.1.0/shims/netstandard/System.Buffers.dll"
-r:"C:/Program Files/Unity/Hub/Editor/6000.5.5f1/Editor/Data/NetStandard/compat/2.1.0/shims/netstandard/System.Collections.Concurrent.dll"
-r:"C:/Program Files/Unity/Hub/Editor/6000.5.5f1/Editor/Data/NetStandard/compat/2.1.0/shims/netstandard/System.Collections.NonGeneric.dll"
-r:"C:/Program Files/Unity/Hub/Editor/6000.5.5f1/Editor/Data/NetStandard/compat/2.1.0/shims/netstandard/System.Collections.Specialized.dll"
-r:"C:/Program Files/Unity/Hub/Editor/6000.5.5f1/Editor/Data/NetStandard/compat/2.1.0/shims/netstandard/System.Collections.dll"
-r:"C:/Program Files/Unity/Hub/Editor/6000.5.5f1/Editor/Data/NetStandard/compat/2.1.0/shims/netstandard/System.ComponentModel.EventBasedAsync.dll"
-r:"C:/Program Files/Unity/Hub/Editor/6000.5.5f1/Editor/Data/NetStandard/compat/2.1.0/shims/netstandard/System.ComponentModel.Primitives.dll"
-r:"C:/Program Files/Unity/Hub/Editor/6000.5.5f1/Editor/Data/NetStandard/compat/2.1.0/shims/netstandard/System.ComponentModel.TypeConverter.dll"
-r:"C:/Program Files/Unity/Hub/Editor/6000.5.5f1/Editor/Data/NetStandard/compat/2.1.0/shims/netstandard/System.ComponentModel.dll"
-r:"C:/Program Files/Unity/Hub/Editor/6000.5.5f1/Editor/Data/NetStandard/compat/2.1.0/shims/netstandard/System.Console.dll"
-r:"C:/Program Files/Unity/Hub/Editor/6000.5.5f1/Editor/Data/NetStandard/compat/2.1.0/shims/netstandard/System.Data.Common.dll"
-r:"C:/Program Files/Unity/Hub/Editor/6000.5.5f1/Editor/Data/NetStandard/compat/2.1.0/shims/netstandard/System.Diagnostics.Contracts.dll"
-r:"C:/Program Files/Unity/Hub/Editor/6000.5.5f1/Editor/Data/NetStandard/compat/2.1.0/shims/netstandard/System.Diagnostics.Debug.dll"
-r:"C:/Program Files/Unity/Hub/Editor/6000.5.5f1/Editor/Data/NetStandard/compat/2.1.0/shims/netstandard/System.Diagnostics.FileVersionInfo.dll"
-r:"C:/Program Files/Unity/Hub/Editor/6000.5.5f1/Editor/Data/NetStandard/compat/2.1.0/shims/netstandard/System.Diagnostics.Process.dll"
-r:"C:/Program Files/Unity/Hub/Editor/6000.5.5f1/Editor/Data/NetStandard/compat/2.1.0/shims/netstandard/System.Diagnostics.StackTrace.dll"
-r:"C:/Program Files/Unity/Hub/Editor/6000.5.5f1/Editor/Data/NetStandard/compat/2.1.0/shims/netstandard/System.Diagnostics.TextWriterTraceListener.dll"
-r:"C:/Program Files/Unity/Hub/Editor/6000.5.5f1/Editor/Data/NetStandard/compat/2.1.0/shims/netstandard/System.Diagnostics.Tools.dll"
-r:"C:/Program Files/Unity/Hub/Editor/6000.5.5f1/Editor/Data/NetStandard/compat/2.1.0/shims/netstandard/System.Diagnostics.TraceSource.dll"
-r:"C:/Program Files/Unity/Hub/Editor/6000.5.5f1/Editor/Data/NetStandard/compat/2.1.0/shims/netstandard/System.Diagnostics.Tracing.dll"
-r:"C:/Program Files/Unity/Hub/Editor/6000.5.5f1/Editor/Data/NetStandard/compat/2.1.0/shims/netstandard/System.Drawing.Primitives.dll"
-r:"C:/Program Files/Unity/Hub/Editor/6000.5.5f1/Editor/Data/NetStandard/compat/2.1.0/shims/netstandard/System.Dynamic.Runtime.dll"
-r:"C:/Program Files/Unity/Hub/Editor/6000.5.5f1/Editor/Data/NetStandard/compat/2.1.0/shims/netstandard/System.Globalization.Calendars.dll"
-r:"C:/Program Files/Unity/Hub/Editor/6000.5.5f1/Editor/Data/NetStandard/compat/2.1.0/shims/netstandard/System.Globalization.Extensions.dll"
-r:"C:/Program Files/Unity/Hub/Editor/6000.5.5f1/Editor/Data/NetStandard/compat/2.1.0/shims/netstandard/System.Globalization.dll"
-r:"C:/Program Files/Unity/Hub/Editor/6000.5.5f1/Editor/Data/NetStandard/compat/2.1.0/shims/netstandard/System.IO.Compression.ZipFile.dll"
-r:"C:/Program Files/Unity/Hub/Editor/6000.5.5f1/Editor/Data/NetStandard/compat/2.1.0/shims/netstandard/System.IO.Compression.dll"
-r:"C:/Program Files/Unity/Hub/Editor/6000.5.5f1/Editor/Data/NetStandard/compat/2.1.0/shims/netstandard/System.IO.FileSystem.DriveInfo.dll"
-r:"C:/Program Files/Unity/Hub/Editor/6000.5.5f1/Editor/Data/NetStandard/compat/2.1.0/shims/netstandard/System.IO.FileSystem.Primitives.dll"
-r:"C:/Program Files/Unity/Hub/Editor/6000.5.5f1/Editor/Data/NetStandard/compat/2.1.0/shims/netstandard/System.IO.FileSystem.Watcher.dll"
-r:"C:/Program Files/Unity/Hub/Editor/6000.5.5f1/Editor/Data/NetStandard/compat/2.1.0/shims/netstandard/System.IO.FileSystem.dll"
-r:"C:/Program Files/Unity/Hub/Editor/6000.5.5f1/Editor/Data/NetStandard/compat/2.1.0/shims/netstandard/System.IO.IsolatedStorage.dll"
-r:"C:/Program Files/Unity/Hub/Editor/6000.5.5f1/Editor/Data/NetStandard/compat/2.1.0/shims/netstandard/System.IO.MemoryMappedFiles.dll"
-r:"C:/Program Files/Unity/Hub/Editor/6000.5.5f1/Editor/Data/NetStandard/compat/2.1.0/shims/netstandard/System.IO.Pipes.dll"
-r:"C:/Program Files/Unity/Hub/Editor/6000.5.5f1/Editor/Data/NetStandard/compat/2.1.0/shims/netstandard/System.IO.UnmanagedMemoryStream.dll"
-r:"C:/Program Files/Unity/Hub/Editor/6000.5.5f1/Editor/Data/NetStandard/compat/2.1.0/shims/netstandard/System.IO.dll"
-r:"C:/Program Files/Unity/Hub/Editor/6000.5.5f1/Editor/Data/NetStandard/compat/2.1.0/shims/netstandard/System.Linq.Expressions.dll"
-r:"C:/Program Files/Unity/Hub/Editor/6000.5.5f1/Editor/Data/NetStandard/compat/2.1.0/shims/netstandard/System.Linq.Parallel.dll"
-r:"C:/Program Files/Unity/Hub/Editor/6000.5.5f1/Editor/Data/NetStandard/compat/2.1.0/shims/netstandard/System.Linq.Queryable.dll"
-r:"C:/Program Files/Unity/Hub/Editor/6000.5.5f1/Editor/Data/NetStandard/compat/2.1.0/shims/netstandard/System.Linq.dll"
-r:"C:/Program Files/Unity/Hub/Editor/6000.5.5f1/Editor/Data/NetStandard/compat/2.1.0/shims/netstandard/System.Memory.dll"
-r:"C:/Program Files/Unity/Hub/Editor/6000.5.5f1/Editor/Data/NetStandard/compat/2.1.0/shims/netstandard/System.Net.Http.dll"
-r:"C:/Program Files/Unity/Hub/Editor/6000.5.5f1/Editor/Data/NetStandard/compat/2.1.0/shims/netstandard/System.Net.NameResolution.dll"
-r:"C:/Program Files/Unity/Hub/Editor/6000.5.5f1/Editor/Data/NetStandard/compat/2.1.0/shims/netstandard/System.Net.NetworkInformation.dll"
-r:"C:/Program Files/Unity/Hub/Editor/6000.5.5f1/Editor/Data/NetStandard/compat/2.1.0/shims/netstandard/System.Net.Ping.dll"
-r:"C:/Program Files/Unity/Hub/Editor/6000.5.5f1/Editor/Data/NetStandard/compat/2.1.0/shims/netstandard/System.Net.Primitives.dll"
-r:"C:/Program Files/Unity/Hub/Editor/6000.5.5f1/Editor/Data/NetStandard/compat/2.1.0/shims/netstandard/System.Net.Requests.dll"
-r:"C:/Program Files/Unity/Hub/Editor/6000.5.5f1/Editor/Data/NetStandard/compat/2.1.0/shims/netstandard/System.Net.Security.dll"
-r:"C:/Program Files/Unity/Hub/Editor/6000.5.5f1/Editor/Data/NetStandard/compat/2.1.0/shims/netstandard/System.Net.Sockets.dll"
-r:"C:/Program Files/Unity/Hub/Editor/6000.5.5f1/Editor/Data/NetStandard/compat/2.1.0/shims/netstandard/System.Net.WebHeaderCollection.dll"
-r:"C:/Program Files/Unity/Hub/Editor/6000.5.5f1/Editor/Data/NetStandard/compat/2.1.0/shims/netstandard/System.Net.WebSockets.Client.dll"
-r:"C:/Program Files/Unity/Hub/Editor/6000.5.5f1/Editor/Data/NetStandard/compat/2.1.0/shims/netstandard/System.Net.WebSockets.dll"
-r:"C:/Program Files/Unity/Hub/Editor/6000.5.5f1/Editor/Data/NetStandard/compat/2.1.0/shims/netstandard/System.Numerics.Vectors.dll"
-r:"C:/Program Files/Unity/Hub/Editor/6000.5.5f1/Editor/Data/NetStandard/compat/2.1.0/shims/netstandard/System.ObjectModel.dll"
-r:"C:/Program Files/Unity/Hub/Editor/6000.5.5f1/Editor/Data/NetStandard/compat/2.1.0/shims/netstandard/System.Reflection.DispatchProxy.dll"
-r:"C:/Program Files/Unity/Hub/Editor/6000.5.5f1/Editor/Data/NetStandard/compat/2.1.0/shims/netstandard/System.Reflection.Emit.ILGeneration.dll"
-r:"C:/Program Files/Unity/Hub/Editor/6000.5.5f1/Editor/Data/NetStandard/compat/2.1.0/shims/netstandard/System.Reflection.Emit.Lightweight.dll"
-r:"C:/Program Files/Unity/Hub/Editor/6000.5.5f1/Editor/Data/NetStandard/compat/2.1.0/shims/netstandard/System.Reflection.Emit.dll"
-r:"C:/Program Files/Unity/Hub/Editor/6000.5.5f1/Editor/Data/NetStandard/compat/2.1.0/shims/netstandard/System.Reflection.Extensions.dll"
-r:"C:/Program Files/Unity/Hub/Editor/6000.5.5f1/Editor/Data/NetStandard/compat/2.1.0/shims/netstandard/System.Reflection.Primitives.dll"
-r:"C:/Program Files/Unity/Hub/Editor/6000.5.5f1/Editor/Data/NetStandard/compat/2.1.0/shims/netstandard/System.Reflection.dll"
-r:"C:/Program Files/Unity/Hub/Editor/6000.5.5f1/Editor/Data/NetStandard/compat/2.1.0/shims/netstandard/System.Resources.Reader.dll"
-r:"C:/Program Files/Unity/Hub/Editor/6000.5.5f1/Editor/Data/NetStandard/compat/2.1.0/shims/netstandard/System.Resources.ResourceManager.dll"
-r:"C:/Program Files/Unity/Hub/Editor/6000.5.5f1/Editor/Data/NetStandard/compat/2.1.0/shims/netstandard/System.Resources.Writer.dll"
-r:"C:/Program Files/Unity/Hub/Editor/6000.5.5f1/Editor/Data/NetStandard/compat/2.1.0/shims/netstandard/System.Runtime.CompilerServices.VisualC.dll"
-r:"C:/Program Files/Unity/Hub/Editor/6000.5.5f1/Editor/Data/NetStandard/compat/2.1.0/shims/netstandard/System.Runtime.Extensions.dll"
-r:"C:/Program Files/Unity/Hub/Editor/6000.5.5f1/Editor/Data/NetStandard/compat/2.1.0/shims/netstandard/System.Runtime.Handles.dll"
-r:"C:/Program Files/Unity/Hub/Editor/6000.5.5f1/Editor/Data/NetStandard/compat/2.1.0/shims/netstandard/System.Runtime.InteropServices.RuntimeInformation.dll"
-r:"C:/Program Files/Unity/Hub/Editor/6000.5.5f1/Editor/Data/NetStandard/compat/2.1.0/shims/netstandard/System.Runtime.InteropServices.dll"
-r:"C:/Program Files/Unity/Hub/Editor/6000.5.5f1/Editor/Data/NetStandard/compat/2.1.0/shims/netstandard/System.Runtime.Numerics.dll"
-r:"C:/Program Files/Unity/Hub/Editor/6000.5.5f1/Editor/Data/NetStandard/compat/2.1.0/shims/netstandard/System.Runtime.Serialization.Formatters.dll"
-r:"C:/Program Files/Unity/Hub/Editor/6000.5.5f1/Editor/Data/NetStandard/compat/2.1.0/shims/netstandard/System.Runtime.Serialization.Json.dll"
-r:"C:/Program Files/Unity/Hub/Editor/6000.5.5f1/Editor/Data/NetStandard/compat/2.1.0/shims/netstandard/System.Runtime.Serialization.Primitives.dll"
-r:"C:/Program Files/Unity/Hub/Editor/6000.5.5f1/Editor/Data/NetStandard/compat/2.1.0/shims/netstandard/System.Runtime.Serialization.Xml.dll"
-r:"C:/Program Files/Unity/Hub/Editor/6000.5.5f1/Editor/Data/NetStandard/compat/2.1.0/shims/netstandard/System.Runtime.dll"
-r:"C:/Program Files/Unity/Hub/Editor/6000.5.5f1/Editor/Data/NetStandard/compat/2.1.0/shims/netstandard/System.Security.Claims.dll"
-r:"C:/Program Files/Unity/Hub/Editor/6000.5.5f1/Editor/Data/NetStandard/compat/2.1.0/shims/netstandard/System.Security.Cryptography.Algorithms.dll"
-r:"C:/Program Files/Unity/Hub/Editor/6000.5.5f1/Editor/Data/NetStandard/compat/2.1.0/shims/netstandard/System.Security.Cryptography.Csp.dll"
-r:"C:/Program Files/Unity/Hub/Editor/6000.5.5f1/Editor/Data/NetStandard/compat/2.1.0/shims/netstandard/System.Security.Cryptography.Encoding.dll"
-r:"C:/Program Files/Unity/Hub/Editor/6000.5.5f1/Editor/Data/NetStandard/compat/2.1.0/shims/netstandard/System.Security.Cryptography.Primitives.dll"
-r:"C:/Program Files/Unity/Hub/Editor/6000.5.5f1/Editor/Data/NetStandard/compat/2.1.0/shims/netstandard/System.Security.Cryptography.X509Certificates.dll"
-r:"C:/Program Files/Unity/Hub/Editor/6000.5.5f1/Editor/Data/NetStandard/compat/2.1.0/shims/netstandard/System.Security.Principal.dll"
-r:"C:/Program Files/Unity/Hub/Editor/6000.5.5f1/Editor/Data/NetStandard/compat/2.1.0/shims/netstandard/System.Security.SecureString.dll"
-r:"C:/Program Files/Unity/Hub/Editor/6000.5.5f1/Editor/Data/NetStandard/compat/2.1.0/shims/netstandard/System.Text.Encoding.Extensions.dll"
-r:"C:/Program Files/Unity/Hub/Editor/6000.5.5f1/Editor/Data/NetStandard/compat/2.1.0/shims/netstandard/System.Text.Encoding.dll"
-r:"C:/Program Files/Unity/Hub/Editor/6000.5.5f1/Editor/Data/NetStandard/compat/2.1.0/shims/netstandard/System.Text.RegularExpressions.dll"
-r:"C:/Program Files/Unity/Hub/Editor/6000.5.5f1/Editor/Data/NetStandard/compat/2.1.0/shims/netstandard/System.Threading.Overlapped.dll"
-r:"C:/Program Files/Unity/Hub/Editor/6000.5.5f1/Editor/Data/NetStandard/compat/2.1.0/shims/netstandard/System.Threading.Tasks.Extensions.dll"
-r:"C:/Program Files/Unity/Hub/Editor/6000.5.5f1/Editor/Data/NetStandard/compat/2.1.0/shims/netstandard/System.Threading.Tasks.Parallel.dll"
-r:"C:/Program Files/Unity/Hub/Editor/6000.5.5f1/Editor/Data/NetStandard/compat/2.1.0/shims/netstandard/System.Threading.Tasks.dll"
-r:"C:/Program Files/Unity/Hub/Editor/6000.5.5f1/Editor/Data/NetStandard/compat/2.1.0/shims/netstandard/System.Threading.Thread.dll"
-r:"C:/Program Files/Unity/Hub/Editor/6000.5.5f1/Editor/Data/NetStandard/compat/2.1.0/shims/netstandard/System.Threading.ThreadPool.dll"
-r:"C:/Program Files/Unity/Hub/Editor/6000.5.5f1/Editor/Data/NetStandard/compat/2.1.0/shims/netstandard/System.Threading.Timer.dll"
-r:"C:/Program Files/Unity/Hub/Editor/6000.5.5f1/Editor/Data/NetStandard/compat/2.1.0/shims/netstandard/System.Threading.dll"
-r:"C:/Program Files/Unity/Hub/Editor/6000.5.5f1/Editor/Data/NetStandard/compat/2.1.0/shims/netstandard/System.ValueTuple.dll"
-r:"C:/Program Files/Unity/Hub/Editor/6000.5.5f1/Editor/Data/NetStandard/compat/2.1.0/shims/netstandard/System.Xml.ReaderWriter.dll"
-r:"C:/Program Files/Unity/Hub/Editor/6000.5.5f1/Editor/Data/NetStandard/compat/2.1.0/shims/netstandard/System.Xml.XDocument.dll"
-r:"C:/Program Files/Unity/Hub/Editor/6000.5.5f1/Editor/Data/NetStandard/compat/2.1.0/shims/netstandard/System.Xml.XPath.XDocument.dll"
-r:"C:/Program Files/Unity/Hub/Editor/6000.5.5f1/Editor/Data/NetStandard/compat/2.1.0/shims/netstandard/System.Xml.XPath.dll"
-r:"C:/Program Files/Unity/Hub/Editor/6000.5.5f1/Editor/Data/NetStandard/compat/2.1.0/shims/netstandard/System.Xml.XmlDocument.dll"
-r:"C:/Program Files/Unity/Hub/Editor/6000.5.5f1/Editor/Data/NetStandard/compat/2.1.0/shims/netstandard/System.Xml.XmlSerializer.dll"
-r:"C:/Program Files/Unity/Hub/Editor/6000.5.5f1/Editor/Data/NetStandard/ref/2.1.0/netstandard.dll"
-r:"Library/PackageCache/com.unity.ext.nunit@44f7d31723bd/net472/unity-custom/nunit.framework.dll"
-analyzer:"C:/Program Files/Unity/Hub/Editor/6000.5.5f1/Editor/Data/BCLExtensions/TargetingPacks/netstandard2.1/analyzers/dotnet/roslyn4.0/cs/Microsoft.Extensions.Logging.Generators.dll"
-analyzer:"C:/Program Files/Unity/Hub/Editor/6000.5.5f1/Editor/Data/BCLExtensions/TargetingPacks/netstandard2.1/analyzers/dotnet/roslyn4.0/cs/System.Text.Json.SourceGeneration.dll"
-analyzer:"C:/Program Files/Unity/Hub/Editor/6000.5.5f1/Editor/Data/Tools/BuildPipeline/Unity.Analyzers.Common/Unity.Analyzers.Common.dll"
-analyzer:"C:/Program Files/Unity/Hub/Editor/6000.5.5f1/Editor/Data/Tools/BuildPipeline/Unity.Analyzers.LongLiving/Unity.Analyzers.LongLiving.dll"
-analyzer:"C:/Program Files/Unity/Hub/Editor/6000.5.5f1/Editor/Data/Tools/BuildPipeline/Unity.SourceGenerators/Unity.Properties.SourceGenerator.dll"
-analyzer:"C:/Program Files/Unity/Hub/Editor/6000.5.5f1/Editor/Data/Tools/BuildPipeline/Unity.SourceGenerators/Unity.SourceGenerators.dll"
-analyzer:"C:/Program Files/Unity/Hub/Editor/6000.5.5f1/Editor/Data/Tools/BuildPipeline/Unity.SourceGenerators/Unity.UIToolkit.SourceGenerator.dll"
"Assets/SolarSim/Runtime/Application/Commands/CommandHistory.cs"
"Assets/SolarSim/Runtime/Application/Commands/ProjectCommands.cs"
"Assets/SolarSim/Runtime/Application/Equipment/CustomPanelFactory.cs"
"Assets/SolarSim/Runtime/Application/Events/ProjectEvents.cs"
"Assets/SolarSim/Runtime/Application/Project/SolarProject.cs"
"Assets/SolarSim/Runtime/Application/Serialization/SolarProjectSerializer.cs"
"Assets/SolarSim/Runtime/Application/Units/UnitConversionService.cs"
"Assets/SolarSim/Runtime/Domain/Electrical/BomScheduleService.cs"
"Assets/SolarSim/Runtime/Domain/Electrical/ConnectionValidator.cs"
"Assets/SolarSim/Runtime/Domain/Electrical/ElectricalCalculationService.cs"
"Assets/SolarSim/Runtime/Domain/Electrical/ElectricalConnection.cs"
"Assets/SolarSim/Runtime/Domain/Electrical/ElectricalGraph.cs"
"Assets/SolarSim/Runtime/Domain/Electrical/ElectricalPort.cs"
"Assets/SolarSim/Runtime/Domain/Electrical/Enums.cs"
"Assets/SolarSim/Runtime/Domain/Electrical/MpptCompatibilityService.cs"
"Assets/SolarSim/Runtime/Domain/Electrical/SingleLineDiagramService.cs"
"Assets/SolarSim/Runtime/Domain/Electrical/SiteDesignConditions.cs"
"Assets/SolarSim/Runtime/Domain/Electrical/StringSizingService.cs"
"Assets/SolarSim/Runtime/Domain/Electrical/TemperatureDeratingService.cs"
"Assets/SolarSim/Runtime/Domain/Electrical/VoltageDropCalculator.cs"
"Assets/SolarSim/Runtime/Domain/Electrical/WireRouting.cs"
"Assets/SolarSim/Runtime/Domain/Equipment/ElectricalEquipmentInstance.cs"
"Assets/SolarSim/Runtime/Domain/Equipment/InverterDefinition.cs"
"Assets/SolarSim/Runtime/Domain/Equipment/SolarPanelDefinition.cs"
"Assets/SolarSim/Runtime/Domain/Equipment/SolarPanelInstance.cs"
"Assets/SolarSim/Runtime/Domain/Roof/RackingLayoutService.cs"
"Assets/SolarSim/Runtime/Domain/Roof/RackingParameters.cs"
"Assets/SolarSim/Runtime/Domain/Roof/RoofDocument.cs"
"Assets/SolarSim/Runtime/Domain/Roof/RoofGeometry.cs"
"Assets/SolarSim/Runtime/Domain/Roof/RoofSurface.cs"
-langversion:9.0
/deterministic
/optimize+
/debug:portable
/nologo
/RuntimeMetadataVersion:v4.0.30319
/nowarn:0169
/nowarn:0649
/nowarn:0282
/nowarn:1701
/nowarn:1702
/utf8output
/preferreduilang:en-US
/additionalfile:"Library/Bee/artifacts/1900b0aE.dag/SolarSim.Runtime.UnityAdditionalFile.txt"
##### Custom Environment Variables
DOTNET_HOST_PATH=C:\Program Files\Unity\Hub\Editor\6000.5.5f1\Editor\Data\DotNetSdk\dotnet.exe
DOTNET_MULTILEVEL_LOOKUP=0
##### ExitCode
1
##### Output
Assets\SolarSim\Runtime\Application\Commands\CommandHistory.cs(1,1): error CS8773: Feature 'file-scoped namespace' is not available in C# 9.0. Please use language version 10.0 or greater.

Assets\SolarSim\Runtime\Application\Commands\ProjectCommands.cs(6,1): error CS8773: Feature 'file-scoped namespace' is not available in C# 9.0. Please use language version 10.0 or greater.

Assets\SolarSim\Runtime\Application\Equipment\CustomPanelFactory.cs(3,1): error CS8773: Feature 'file-scoped namespace' is not available in C# 9.0. Please use language version 10.0 or greater.

Assets\SolarSim\Runtime\Application\Events\ProjectEvents.cs(1,1): error CS8773: Feature 'file-scoped namespace' is not available in C# 9.0. Please use language version 10.0 or greater.

Assets\SolarSim\Runtime\Application\Project\SolarProject.cs(6,1): error CS8773: Feature 'file-scoped namespace' is not available in C# 9.0. Please use language version 10.0 or greater.

Assets\SolarSim\Runtime\Application\Serialization\SolarProjectSerializer.cs(8,1): error CS8773: Feature 'file-scoped namespace' is not available in C# 9.0. Please use language version 10.0 or greater.

Assets\SolarSim\Runtime\Application\Units\UnitConversionService.cs(1,1): error CS8773: Feature 'file-scoped namespace' is not available in C# 9.0. Please use language version 10.0 or greater.

Assets\SolarSim\Runtime\Domain\Electrical\BomScheduleService.cs(4,1): error CS8773: Feature 'file-scoped namespace' is not available in C# 9.0. Please use language version 10.0 or greater.

Assets\SolarSim\Runtime\Domain\Electrical\ConnectionValidator.cs(1,1): error CS8773: Feature 'file-scoped namespace' is not available in C# 9.0. Please use language version 10.0 or greater.

Assets\SolarSim\Runtime\Domain\Electrical\ElectricalCalculationService.cs(3,1): error CS8773: Feature 'file-scoped namespace' is not available in C# 9.0. Please use language version 10.0 or greater.

Assets\SolarSim\Runtime\Domain\Electrical\ElectricalConnection.cs(3,1): error CS8773: Feature 'file-scoped namespace' is not available in C# 9.0. Please use language version 10.0 or greater.

Assets\SolarSim\Runtime\Domain\Electrical\ElectricalGraph.cs(3,1): error CS8773: Feature 'file-scoped namespace' is not available in C# 9.0. Please use language version 10.0 or greater.

Assets\SolarSim\Runtime\Domain\Electrical\ElectricalPort.cs(1,1): error CS8773: Feature 'file-scoped namespace' is not available in C# 9.0. Please use language version 10.0 or greater.

Assets\SolarSim\Runtime\Domain\Electrical\Enums.cs(1,1): error CS8773: Feature 'file-scoped namespace' is not available in C# 9.0. Please use language version 10.0 or greater.

Assets\SolarSim\Runtime\Domain\Electrical\MpptCompatibilityService.cs(3,1): error CS8773: Feature 'file-scoped namespace' is not available in C# 9.0. Please use language version 10.0 or greater.

Assets\SolarSim\Runtime\Domain\Electrical\SingleLineDiagramService.cs(3,1): error CS8773: Feature 'file-scoped namespace' is not available in C# 9.0. Please use language version 10.0 or greater.

Assets\SolarSim\Runtime\Domain\Electrical\SiteDesignConditions.cs(1,1): error CS8773: Feature 'file-scoped namespace' is not available in C# 9.0. Please use language version 10.0 or greater.

Assets\SolarSim\Runtime\Domain\Electrical\StringSizingService.cs(3,1): error CS8773: Feature 'file-scoped namespace' is not available in C# 9.0. Please use language version 10.0 or greater.

Assets\SolarSim\Runtime\Domain\Electrical\TemperatureDeratingService.cs(3,1): error CS8773: Feature 'file-scoped namespace' is not available in C# 9.0. Please use language version 10.0 or greater.

Assets\SolarSim\Runtime\Domain\Electrical\VoltageDropCalculator.cs(1,1): error CS8773: Feature 'file-scoped namespace' is not available in C# 9.0. Please use language version 10.0 or greater.

Assets\SolarSim\Runtime\Domain\Electrical\WireRouting.cs(3,1): error CS8773: Feature 'file-scoped namespace' is not available in C# 9.0. Please use language version 10.0 or greater.

Assets\SolarSim\Runtime\Domain\Equipment\ElectricalEquipmentInstance.cs(3,1): error CS8773: Feature 'file-scoped namespace' is not available in C# 9.0. Please use language version 10.0 or greater.

Assets\SolarSim\Runtime\Domain\Equipment\InverterDefinition.cs(1,1): error CS8773: Feature 'file-scoped namespace' is not available in C# 9.0. Please use language version 10.0 or greater.

Assets\SolarSim\Runtime\Domain\Equipment\SolarPanelDefinition.cs(1,1): error CS8773: Feature 'file-scoped namespace' is not available in C# 9.0. Please use language version 10.0 or greater.

Assets\SolarSim\Runtime\Domain\Equipment\SolarPanelInstance.cs(3,1): error CS8773: Feature 'file-scoped namespace' is not available in C# 9.0. Please use language version 10.0 or greater.

Assets\SolarSim\Runtime\Domain\Roof\RackingLayoutService.cs(3,1): error CS8773: Feature 'file-scoped namespace' is not available in C# 9.0. Please use language version 10.0 or greater.

Assets\SolarSim\Runtime\Domain\Roof\RackingParameters.cs(1,1): error CS8773: Feature 'file-scoped namespace' is not available in C# 9.0. Please use language version 10.0 or greater.

Assets\SolarSim\Runtime\Domain\Roof\RoofDocument.cs(1,1): error CS8773: Feature 'file-scoped namespace' is not available in C# 9.0. Please use language version 10.0 or greater.

Assets\SolarSim\Runtime\Domain\Roof\RoofGeometry.cs(1,1): error CS8773: Feature 'file-scoped namespace' is not available in C# 9.0. Please use language version 10.0 or greater.

Assets\SolarSim\Runtime\Domain\Roof\RoofSurface.cs(1,1): error CS8773: Feature 'file-scoped namespace' is not available in C# 9.0. Please use language version 10.0 or greater.

Assets\SolarSim\Runtime\Domain\Electrical\VoltageDropCalculator.cs(59,24): error CS8773: Feature 'record structs' is not available in C# 9.0. Please use language version 10.0 or greater.

Assets\SolarSim\Runtime\Domain\Roof\RoofGeometry.cs(301,24): error CS8773: Feature 'record structs' is not available in C# 9.0. Please use language version 10.0 or greater.

Assets\SolarSim\Runtime\Domain\Roof\RoofSurface.cs(3,24): error CS8773: Feature 'record structs' is not available in C# 9.0. Please use language version 10.0 or greater.

Assets\SolarSim\Runtime\Application\Events\ProjectEvents.cs(8,33): error CS0518: Predefined type 'System.Runtime.CompilerServices.IsExternalInit' is not defined or imported

Assets\SolarSim\Runtime\Application\Commands\CommandHistory.cs(25,18): error CS0246: The type or namespace name 'Action' could not be found (are you missing a using directive or an assembly reference?)

Assets\SolarSim\Runtime\Domain\Electrical\BomScheduleService.cs(8,35): error CS0518: Predefined type 'System.Runtime.CompilerServices.IsExternalInit' is not defined or imported

Assets\SolarSim\Runtime\Application\Equipment\CustomPanelFactory.cs(23,19): error CS0246: The type or namespace name 'IReadOnlyList<>' could not be found (are you missing a using directive or an assembly reference?)

Assets\SolarSim\Runtime\Domain\Electrical\BomScheduleService.cs(9,38): error CS0518: Predefined type 'System.Runtime.CompilerServices.IsExternalInit' is not defined or imported

Assets\SolarSim\Runtime\Domain\Electrical\BomScheduleService.cs(10,32): error CS0518: Predefined type 'System.Runtime.CompilerServices.IsExternalInit' is not defined or imported

Assets\SolarSim\Runtime\Application\Events\ProjectEvents.cs(13,12): error CS0246: The type or namespace name 'IReadOnlyList<>' could not be found (are you missing a using directive or an assembly reference?)

Assets\SolarSim\Runtime\Application\Events\ProjectEvents.cs(13,26): error CS0246: The type or namespace name 'Guid' could not be found (are you missing a using directive or an assembly reference?)

Assets\SolarSim\Runtime\Domain\Electrical\BomScheduleService.cs(11,31): error CS0518: Predefined type 'System.Runtime.CompilerServices.IsExternalInit' is not defined or imported

Assets\SolarSim\Runtime\Application\Events\ProjectEvents.cs(13,60): error CS0518: Predefined type 'System.Runtime.CompilerServices.IsExternalInit' is not defined or imported

Assets\SolarSim\Runtime\Domain\Equipment\InverterDefinition.cs(89,12): error CS0246: The type or namespace name 'Guid' could not be found (are you missing a using directive or an assembly reference?)

Assets\SolarSim\Runtime\Domain\Electrical\BomScheduleService.cs(12,41): error CS0518: Predefined type 'System.Runtime.CompilerServices.IsExternalInit' is not defined or imported

Assets\SolarSim\Runtime\Application\Commands\CommandHistory.cs(23,12): error CS0246: The type or namespace name 'IReadOnlyList<>' could not be found (are you missing a using directive or an assembly reference?)

Assets\SolarSim\Runtime\Domain\Electrical\BomScheduleService.cs(13,18): warning CS8632: The annotation for nullable reference types should only be used in code within a '#nullable' annotations context.

Assets\SolarSim\Runtime\Domain\Roof\RackingLayoutService.cs(7,12): error CS0246: The type or namespace name 'IReadOnlyList<>' could not be found (are you missing a using directive or an assembly reference?)

Assets\SolarSim\Runtime\Domain\Electrical\BomScheduleService.cs(13,33): error CS0518: Predefined type 'System.Runtime.CompilerServices.IsExternalInit' is not defined or imported

Assets\SolarSim\Runtime\Domain\Roof\RackingLayoutService.cs(7,60): error CS0518: Predefined type 'System.Runtime.CompilerServices.IsExternalInit' is not defined or imported

Assets\SolarSim\Runtime\Domain\Roof\RackingLayoutService.cs(8,44): error CS0518: Predefined type 'System.Runtime.CompilerServices.IsExternalInit' is not defined or imported

Assets\SolarSim\Runtime\Domain\Equipment\SolarPanelDefinition.cs(8,12): error CS0246: The type or namespace name 'Guid' could not be found (are you missing a using directive or an assembly reference?)

Assets\SolarSim\Runtime\Domain\Roof\RackingLayoutService.cs(9,33): error CS0518: Predefined type 'System.Runtime.CompilerServices.IsExternalInit' is not defined or imported

Assets\SolarSim\Runtime\Application\Project\SolarProject.cs(16,18): error CS0246: The type or namespace name 'Action' could not be found (are you missing a using directive or an assembly reference?)

Assets\SolarSim\Runtime\Application\Events\ProjectEvents.cs(14,12): error CS0246: The type or namespace name 'IReadOnlyList<>' could not be found (are you missing a using directive or an assembly reference?)

Assets\SolarSim\Runtime\Application\Events\ProjectEvents.cs(14,26): error CS0246: The type or namespace name 'Guid' could not be found (are you missing a using directive or an assembly reference?)

Assets\SolarSim\Runtime\Domain\Equipment\InverterDefinition.cs(8,12): error CS0246: The type or namespace name 'Guid' could not be found (are you missing a using directive or an assembly reference?)

Assets\SolarSim\Runtime\Application\Events\ProjectEvents.cs(14,61): error CS0518: Predefined type 'System.Runtime.CompilerServices.IsExternalInit' is not defined or imported

Assets\SolarSim\Runtime\Domain\Roof\RackingLayoutService.cs(11,37): error CS0518: Predefined type 'System.Runtime.CompilerServices.IsExternalInit' is not defined or imported

Assets\SolarSim\Runtime\Domain\Roof\RackingLayoutService.cs(12,37): error CS0518: Predefined type 'System.Runtime.CompilerServices.IsExternalInit' is not defined or imported

Assets\SolarSim\Runtime\Domain\Roof\RackingLayoutService.cs(13,32): error CS0518: Predefined type 'System.Runtime.CompilerServices.IsExternalInit' is not defined or imported

Assets\SolarSim\Runtime\Application\Commands\CommandHistory.cs(12,22): error CS0246: The type or namespace name 'List<>' could not be found (are you missing a using directive or an assembly reference?)

Assets\SolarSim\Runtime\Domain\Electrical\BomScheduleService.cs(18,12): error CS0246: The type or namespace name 'IReadOnlyList<>' could not be found (are you missing a using directive or an assembly reference?)

Assets\SolarSim\Runtime\Domain\Electrical\BomScheduleService.cs(18,52): error CS0518: Predefined type 'System.Runtime.CompilerServices.IsExternalInit' is not defined or imported

Assets\SolarSim\Runtime\Domain\Electrical\BomScheduleService.cs(19,34): error CS0518: Predefined type 'System.Runtime.CompilerServices.IsExternalInit' is not defined or imported

Assets\SolarSim\Runtime\Domain\Electrical\BomScheduleService.cs(20,39): error CS0518: Predefined type 'System.Runtime.CompilerServices.IsExternalInit' is not defined or imported

Assets\SolarSim\Runtime\Domain\Equipment\SolarPanelInstance.cs(10,12): error CS0246: The type or namespace name 'Guid' could not be found (are you missing a using directive or an assembly reference?)

Assets\SolarSim\Runtime\Domain\Electrical\BomScheduleService.cs(21,36): error CS0518: Predefined type 'System.Runtime.CompilerServices.IsExternalInit' is not defined or imported

Assets\SolarSim\Runtime\Application\Commands\CommandHistory.cs(13,22): error CS0246: The type or namespace name 'List<>' could not be found (are you missing a using directive or an assembly reference?)

Assets\SolarSim\Runtime\Domain\Electrical\BomScheduleService.cs(22,44): error CS0518: Predefined type 'System.Runtime.CompilerServices.IsExternalInit' is not defined or imported

Assets\SolarSim\Runtime\Domain\Electrical\BomScheduleService.cs(55,9): error CS0246: The type or namespace name 'IReadOnlyDictionary<,>' could not be found (are you missing a using directive or an assembly reference?)

Assets\SolarSim\Runtime\Domain\Electrical\BomScheduleService.cs(55,29): error CS0246: The type or namespace name 'Guid' could not be found (are you missing a using directive or an assembly reference?)

Assets\SolarSim\Runtime\Domain\Electrical\BomScheduleService.cs(56,28): warning CS8632: The annotation for nullable reference types should only be used in code within a '#nullable' annotations context.

Assets\SolarSim\Runtime\Application\Commands\CommandHistory.cs(25,26): error CS0066: 'CommandHistory.HistoryChanged': event must be of a delegate type

Assets\SolarSim\Runtime\Domain\Electrical\ConnectionValidator.cs(29,12): error CS0246: The type or namespace name 'List<>' could not be found (are you missing a using directive or an assembly reference?)

Assets\SolarSim\Runtime\Domain\Equipment\SolarPanelInstance.cs(11,12): error CS0246: The type or namespace name 'Guid' could not be found (are you missing a using directive or an assembly reference?)

Assets\SolarSim\Runtime\Domain\Equipment\InverterDefinition.cs(79,19): error CS0246: The type or namespace name 'IReadOnlyList<>' could not be found (are you missing a using directive or an assembly reference?)

Assets\SolarSim\Runtime\Domain\Equipment\SolarPanelDefinition.cs(24,18): warning CS8632: The annotation for nullable reference types should only be used in code within a '#nullable' annotations context.

Assets\SolarSim\Runtime\Application\Commands\ProjectCommands.cs(111,22): error CS0246: The type or namespace name 'Guid' could not be found (are you missing a using directive or an assembly reference?)

Assets\SolarSim\Runtime\Domain\Electrical\ConnectionValidator.cs(30,12): error CS0246: The type or namespace name 'List<>' could not be found (are you missing a using directive or an assembly reference?)

Assets\SolarSim\Runtime\Domain\Roof\RackingLayoutService.cs(145,29): error CS8773: Feature 'record structs' is not available in C# 9.0. Please use language version 10.0 or greater.

Assets\SolarSim\Runtime\Application\Commands\ProjectCommands.cs(151,22): error CS0246: The type or namespace name 'Guid' could not be found (are you missing a using directive or an assembly reference?)

Assets\SolarSim\Runtime\Domain\Electrical\ElectricalCalculationService.cs(42,35): error CS0518: Predefined type 'System.Runtime.CompilerServices.IsExternalInit' is not defined or imported

Assets\SolarSim\Runtime\Domain\Electrical\ConnectionValidator.cs(9,12): error CS0246: The type or namespace name 'IReadOnlyList<>' could not be found (are you missing a using directive or an assembly reference?)

Assets\SolarSim\Runtime\Domain\Electrical\ConnectionValidator.cs(9,26): error CS0246: The type or namespace name 'Guid' could not be found (are you missing a using directive or an assembly reference?)

Assets\SolarSim\Runtime\Domain\Electrical\ElectricalCalculationService.cs(43,39): error CS0518: Predefined type 'System.Runtime.CompilerServices.IsExternalInit' is not defined or imported

Assets\SolarSim\Runtime\Domain\Equipment\SolarPanelDefinition.cs(129,19): error CS0246: The type or namespace name 'IReadOnlyList<>' could not be found (are you missing a using directive or an assembly reference?)

Assets\SolarSim\Runtime\Domain\Electrical\ElectricalCalculationService.cs(44,41): error CS0518: Predefined type 'System.Runtime.CompilerServices.IsExternalInit' is not defined or imported

Assets\SolarSim\Runtime\Domain\Equipment\InverterDefinition.cs(21,9): error CS0246: The type or namespace name 'Guid' could not be found (are you missing a using directive or an assembly reference?)

Assets\SolarSim\Runtime\Domain\Electrical\ElectricalCalculationService.cs(45,35): error CS0518: Predefined type 'System.Runtime.CompilerServices.IsExternalInit' is not defined or imported

Assets\SolarSim\Runtime\Domain\Electrical\ElectricalCalculationService.cs(10,12): error CS0246: The type or namespace name 'Guid' could not be found (are you missing a using directive or an assembly reference?)

Assets\SolarSim\Runtime\Domain\Electrical\ElectricalCalculationService.cs(46,41): error CS0518: Predefined type 'System.Runtime.CompilerServices.IsExternalInit' is not defined or imported

Assets\SolarSim\Runtime\Domain\Electrical\ConnectionValidator.cs(32,76): error CS0246: The type or namespace name 'Guid' could not be found (are you missing a using directive or an assembly reference?)

Assets\SolarSim\Runtime\Application\Commands\ProjectCommands.cs(243,38): warning CS8632: The annotation for nullable reference types should only be used in code within a '#nullable' annotations context.

Assets\SolarSim\Runtime\Application\Project\SolarProject.cs(114,18): error CS0246: The type or namespace name 'Action<>' could not be found (are you missing a using directive or an assembly reference?)

Assets\SolarSim\Runtime\Application\Project\SolarProject.cs(115,18): error CS0246: The type or namespace name 'Action' could not be found (are you missing a using directive or an assembly reference?)

Assets\SolarSim\Runtime\Domain\Equipment\InverterDefinition.cs(99,9): error CS0246: The type or namespace name 'Guid' could not be found (are you missing a using directive or an assembly reference?)

Assets\SolarSim\Runtime\Domain\Equipment\SolarPanelInstance.cs(56,12): error CS0246: The type or namespace name 'IReadOnlyList<>' could not be found (are you missing a using directive or an assembly reference?)

Assets\SolarSim\Runtime\Domain\Electrical\ElectricalCalculationService.cs(26,12): error CS0246: The type or namespace name 'Guid' could not be found (are you missing a using directive or an assembly reference?)

Assets\SolarSim\Runtime\Domain\Electrical\ConnectionValidator.cs(35,78): error CS0246: The type or namespace name 'Guid' could not be found (are you missing a using directive or an assembly reference?)

Assets\SolarSim\Runtime\Domain\Electrical\ElectricalCalculationService.cs(26,33): error CS0518: Predefined type 'System.Runtime.CompilerServices.IsExternalInit' is not defined or imported

Assets\SolarSim\Runtime\Domain\Electrical\ElectricalCalculationService.cs(27,38): error CS0518: Predefined type 'System.Runtime.CompilerServices.IsExternalInit' is not defined or imported

Assets\SolarSim\Runtime\Domain\Electrical\ElectricalCalculationService.cs(28,34): error CS0518: Predefined type 'System.Runtime.CompilerServices.IsExternalInit' is not defined or imported

Assets\SolarSim\Runtime\Domain\Equipment\SolarPanelDefinition.cs(28,9): error CS0246: The type or namespace name 'Guid' could not be found (are you missing a using directive or an assembly reference?)

Assets\SolarSim\Runtime\Domain\Equipment\SolarPanelDefinition.cs(44,15): warning CS8632: The annotation for nullable reference types should only be used in code within a '#nullable' annotations context.

Assets\SolarSim\Runtime\Domain\Electrical\ElectricalCalculationService.cs(29,41): error CS0518: Predefined type 'System.Runtime.CompilerServices.IsExternalInit' is not defined or imported

Assets\SolarSim\Runtime\Domain\Electrical\ConnectionValidator.cs(16,9): error CS0246: The type or namespace name 'IEnumerable<>' could not be found (are you missing a using directive or an assembly reference?)

Assets\SolarSim\Runtime\Domain\Electrical\ConnectionValidator.cs(16,21): error CS0246: The type or namespace name 'Guid' could not be found (are you missing a using directive or an assembly reference?)

Assets\SolarSim\Runtime\Domain\Electrical\ElectricalCalculationService.cs(47,12): error CS0246: The type or namespace name 'IReadOnlyList<>' could not be found (are you missing a using directive or an assembly reference?)

Assets\SolarSim\Runtime\Domain\Electrical\ElectricalCalculationService.cs(30,35): error CS0518: Predefined type 'System.Runtime.CompilerServices.IsExternalInit' is not defined or imported

Assets\SolarSim\Runtime\Domain\Electrical\ElectricalCalculationService.cs(47,66): error CS0518: Predefined type 'System.Runtime.CompilerServices.IsExternalInit' is not defined or imported

Assets\SolarSim\Runtime\Application\Serialization\SolarProjectSerializer.cs(16,12): error CS0246: The type or namespace name 'Guid' could not be found (are you missing a using directive or an assembly reference?)

Assets\SolarSim\Runtime\Domain\Electrical\ElectricalCalculationService.cs(31,35): error CS0518: Predefined type 'System.Runtime.CompilerServices.IsExternalInit' is not defined or imported

Assets\SolarSim\Runtime\Domain\Electrical\ElectricalCalculationService.cs(32,34): error CS0518: Predefined type 'System.Runtime.CompilerServices.IsExternalInit' is not defined or imported

Assets\SolarSim\Runtime\Domain\Electrical\ElectricalCalculationService.cs(33,34): error CS0518: Predefined type 'System.Runtime.CompilerServices.IsExternalInit' is not defined or imported

Assets\SolarSim\Runtime\Domain\Electrical\ElectricalCalculationService.cs(34,44): error CS0518: Predefined type 'System.Runtime.CompilerServices.IsExternalInit' is not defined or imported

Assets\SolarSim\Runtime\Domain\Electrical\ElectricalCalculationService.cs(35,37): error CS0518: Predefined type 'System.Runtime.CompilerServices.IsExternalInit' is not defined or imported

Assets\SolarSim\Runtime\Application\Commands\ProjectCommands.cs(155,53): error CS0246: The type or namespace name 'Guid' could not be found (are you missing a using directive or an assembly reference?)

Assets\SolarSim\Runtime\Application\Commands\ProjectCommands.cs(119,9): error CS0246: The type or namespace name 'Guid' could not be found (are you missing a using directive or an assembly reference?)

Assets\SolarSim\Runtime\Domain\Equipment\SolarPanelInstance.cs(70,33): error CS0246: The type or namespace name 'Guid' could not be found (are you missing a using directive or an assembly reference?)

Assets\SolarSim\Runtime\Domain\Electrical\ElectricalCalculationService.cs(12,12): error CS0246: The type or namespace name 'IReadOnlyList<>' could not be found (are you missing a using directive or an assembly reference?)

Assets\SolarSim\Runtime\Domain\Electrical\ElectricalCalculationService.cs(12,26): error CS0246: The type or namespace name 'Guid' could not be found (are you missing a using directive or an assembly reference?)

Assets\SolarSim\Runtime\Application\Commands\ProjectCommands.cs(192,12): error CS0246: The type or namespace name 'Guid' could not be found (are you missing a using directive or an assembly reference?)

Assets\SolarSim\Runtime\Application\Commands\ProjectCommands.cs(244,12): error CS0246: The type or namespace name 'Guid' could not be found (are you missing a using directive or an assembly reference?)

Assets\SolarSim\Runtime\Application\Serialization\SolarProjectSerializer.cs(71,12): error CS0246: The type or namespace name 'Guid' could not be found (are you missing a using directive or an assembly reference?)

Assets\SolarSim\Runtime\Domain\Electrical\ElectricalCalculationService.cs(48,12): error CS0246: The type or namespace name 'IReadOnlyList<>' could not be found (are you missing a using directive or an assembly reference?)

Assets\SolarSim\Runtime\Domain\Electrical\ElectricalCalculationService.cs(48,59): error CS0518: Predefined type 'System.Runtime.CompilerServices.IsExternalInit' is not defined or imported

Assets\SolarSim\Runtime\Domain\Roof\RackingLayoutService.cs(23,9): error CS0246: The type or namespace name 'IReadOnlyList<>' could not be found (are you missing a using directive or an assembly reference?)

Assets\SolarSim\Runtime\Domain\Roof\RackingLayoutService.cs(24,9): error CS0246: The type or namespace name 'IReadOnlyDictionary<,>' could not be found (are you missing a using directive or an assembly reference?)

Assets\SolarSim\Runtime\Domain\Roof\RackingLayoutService.cs(24,29): error CS0246: The type or namespace name 'Guid' could not be found (are you missing a using directive or an assembly reference?)

Assets\SolarSim\Runtime\Domain\Electrical\ElectricalConnection.cs(10,12): error CS0246: The type or namespace name 'Guid' could not be found (are you missing a using directive or an assembly reference?)

Assets\SolarSim\Runtime\Domain\Electrical\ElectricalCalculationService.cs(36,12): error CS0246: The type or namespace name 'IReadOnlyList<>' could not be found (are you missing a using directive or an assembly reference?)

Assets\SolarSim\Runtime\Domain\Electrical\ElectricalCalculationService.cs(36,59): error CS0518: Predefined type 'System.Runtime.CompilerServices.IsExternalInit' is not defined or imported

Assets\SolarSim\Runtime\Domain\Equipment\SolarPanelInstance.cs(72,35): error CS0246: The type or namespace name 'Guid' could not be found (are you missing a using directive or an assembly reference?)

Assets\SolarSim\Runtime\Application\Project\SolarProject.cs(96,12): error CS0246: The type or namespace name 'Guid' could not be found (are you missing a using directive or an assembly reference?)

Assets\SolarSim\Runtime\Application\Project\SolarProject.cs(13,12): error CS0246: The type or namespace name 'IReadOnlyCollection<>' could not be found (are you missing a using directive or an assembly reference?)

Assets\SolarSim\Runtime\Application\Project\SolarProject.cs(13,32): error CS0246: The type or namespace name 'Guid' could not be found (are you missing a using directive or an assembly reference?)

Assets\SolarSim\Runtime\Application\Project\SolarProject.cs(98,18): warning CS8632: The annotation for nullable reference types should only be used in code within a '#nullable' annotations context.

Assets\SolarSim\Runtime\Domain\Electrical\ElectricalCalculationService.cs(49,12): error CS0246: The type or namespace name 'IReadOnlyList<>' could not be found (are you missing a using directive or an assembly reference?)

Assets\SolarSim\Runtime\Domain\Electrical\ElectricalConnection.cs(11,12): error CS0246: The type or namespace name 'Guid' could not be found (are you missing a using directive or an assembly reference?)

Assets\SolarSim\Runtime\Domain\Electrical\ElectricalCalculationService.cs(49,57): error CS0518: Predefined type 'System.Runtime.CompilerServices.IsExternalInit' is not defined or imported

Assets\SolarSim\Runtime\Domain\Electrical\ElectricalCalculationService.cs(37,12): error CS0246: The type or namespace name 'IReadOnlyList<>' could not be found (are you missing a using directive or an assembly reference?)

Assets\SolarSim\Runtime\Domain\Electrical\ElectricalPort.cs(5,5): error CS0246: The type or namespace name 'Guid' could not be found (are you missing a using directive or an assembly reference?)

Assets\SolarSim\Runtime\Domain\Electrical\ElectricalCalculationService.cs(37,57): error CS0518: Predefined type 'System.Runtime.CompilerServices.IsExternalInit' is not defined or imported

Assets\SolarSim\Runtime\Application\Serialization\SolarProjectSerializer.cs(84,12): error CS0246: The type or namespace name 'Guid' could not be found (are you missing a using directive or an assembly reference?)

Assets\SolarSim\Runtime\Domain\Electrical\ElectricalConnection.cs(55,12): error CS0246: The type or namespace name 'List<>' could not be found (are you missing a using directive or an assembly reference?)

Assets\SolarSim\Runtime\Domain\Electrical\ElectricalCalculationService.cs(71,9): error CS0246: The type or namespace name 'IReadOnlyDictionary<,>' could not be found (are you missing a using directive or an assembly reference?)

Assets\SolarSim\Runtime\Domain\Electrical\ElectricalCalculationService.cs(71,29): error CS0246: The type or namespace name 'Guid' could not be found (are you missing a using directive or an assembly reference?)

Assets\SolarSim\Runtime\Domain\Electrical\ElectricalCalculationService.cs(72,9): error CS0246: The type or namespace name 'IReadOnlyDictionary<,>' could not be found (are you missing a using directive or an assembly reference?)

Assets\SolarSim\Runtime\Domain\Electrical\ElectricalCalculationService.cs(72,29): error CS0246: The type or namespace name 'Guid' could not be found (are you missing a using directive or an assembly reference?)

Assets\SolarSim\Runtime\Domain\Roof\RackingLayoutService.cs(94,20): error CS0246: The type or namespace name 'List<>' could not be found (are you missing a using directive or an assembly reference?)

Assets\SolarSim\Runtime\Domain\Electrical\ElectricalCalculationService.cs(56,9): error CS0246: The type or namespace name 'IReadOnlyDictionary<,>' could not be found (are you missing a using directive or an assembly reference?)

Assets\SolarSim\Runtime\Domain\Electrical\ElectricalCalculationService.cs(56,29): error CS0246: The type or namespace name 'Guid' could not be found (are you missing a using directive or an assembly reference?)

Assets\SolarSim\Runtime\Domain\Electrical\ElectricalCalculationService.cs(57,9): error CS0246: The type or namespace name 'IReadOnlyDictionary<,>' could not be found (are you missing a using directive or an assembly reference?)

Assets\SolarSim\Runtime\Domain\Electrical\ElectricalCalculationService.cs(57,29): error CS0246: The type or namespace name 'Guid' could not be found (are you missing a using directive or an assembly reference?)

Assets\SolarSim\Runtime\Domain\Electrical\ElectricalPort.cs(6,5): error CS0246: The type or namespace name 'IReadOnlyList<>' could not be found (are you missing a using directive or an assembly reference?)

Assets\SolarSim\Runtime\Domain\Electrical\ElectricalConnection.cs(12,12): error CS0246: The type or namespace name 'Guid' could not be found (are you missing a using directive or an assembly reference?)

Assets\SolarSim\Runtime\Application\Commands\ProjectCommands.cs(181,22): error CS0246: The type or namespace name 'Guid' could not be found (are you missing a using directive or an assembly reference?)

Assets\SolarSim\Runtime\Application\Serialization\SolarProjectSerializer.cs(22,12): error CS0246: The type or namespace name 'List<>' could not be found (are you missing a using directive or an assembly reference?)

Assets\SolarSim\Runtime\Domain\Electrical\ElectricalCalculationService.cs(14,21): error CS0246: The type or namespace name 'Guid' could not be found (are you missing a using directive or an assembly reference?)

Assets\SolarSim\Runtime\Domain\Electrical\ElectricalCalculationService.cs(14,50): error CS0246: The type or namespace name 'IReadOnlyList<>' could not be found (are you missing a using directive or an assembly reference?)

Assets\SolarSim\Runtime\Domain\Electrical\ElectricalCalculationService.cs(14,64): error CS0246: The type or namespace name 'Guid' could not be found (are you missing a using directive or an assembly reference?)

Assets\SolarSim\Runtime\Application\Commands\ProjectCommands.cs(183,31): warning CS8632: The annotation for nullable reference types should only be used in code within a '#nullable' annotations context.

Assets\SolarSim\Runtime\Application\Commands\ProjectCommands.cs(229,22): error CS0246: The type or namespace name 'Guid' could not be found (are you missing a using directive or an assembly reference?)

Assets\SolarSim\Runtime\Application\Commands\ProjectCommands.cs(278,22): error CS0246: The type or namespace name 'Guid' could not be found (are you missing a using directive or an assembly reference?)

Assets\SolarSim\Runtime\Application\Commands\ProjectCommands.cs(279,33): warning CS8632: The annotation for nullable reference types should only be used in code within a '#nullable' annotations context.

Assets\SolarSim\Runtime\Domain\Electrical\ElectricalConnection.cs(30,30): error CS0246: The type or namespace name 'Guid' could not be found (are you missing a using directive or an assembly reference?)

Assets\SolarSim\Runtime\Application\Commands\ProjectCommands.cs(325,22): error CS0246: The type or namespace name 'Guid' could not be found (are you missing a using directive or an assembly reference?)

Assets\SolarSim\Runtime\Application\Serialization\SolarProjectSerializer.cs(78,12): error CS0246: The type or namespace name 'List<>' could not be found (are you missing a using directive or an assembly reference?)

Assets\SolarSim\Runtime\Application\Serialization\SolarProjectSerializer.cs(79,28): warning CS8632: The annotation for nullable reference types should only be used in code within a '#nullable' annotations context.

Assets\SolarSim\Runtime\Domain\Electrical\ElectricalPort.cs(11,12): error CS0246: The type or namespace name 'Guid' could not be found (are you missing a using directive or an assembly reference?)

Assets\SolarSim\Runtime\Domain\Electrical\ElectricalGraph.cs(7,5): error CS0246: The type or namespace name 'IReadOnlyDictionary<,>' could not be found (are you missing a using directive or an assembly reference?)

Assets\SolarSim\Runtime\Domain\Electrical\ElectricalGraph.cs(7,25): error CS0246: The type or namespace name 'Guid' could not be found (are you missing a using directive or an assembly reference?)

Assets\SolarSim\Runtime\Application\Serialization\SolarProjectSerializer.cs(96,12): error CS0246: The type or namespace name 'Guid' could not be found (are you missing a using directive or an assembly reference?)

Assets\SolarSim\Runtime\Application\Commands\ProjectCommands.cs(230,22): error CS0246: The type or namespace name 'Guid' could not be found (are you missing a using directive or an assembly reference?)

Assets\SolarSim\Runtime\Domain\Equipment\SolarPanelInstance.cs(20,9): error CS0246: The type or namespace name 'Guid' could not be found (are you missing a using directive or an assembly reference?)

Assets\SolarSim\Runtime\Domain\Equipment\SolarPanelInstance.cs(21,9): error CS0246: The type or namespace name 'Guid' could not be found (are you missing a using directive or an assembly reference?)

Assets\SolarSim\Runtime\Domain\Equipment\SolarPanelInstance.cs(26,23): warning CS8632: The annotation for nullable reference types should only be used in code within a '#nullable' annotations context.

Assets\SolarSim\Runtime\Domain\Equipment\SolarPanelInstance.cs(27,23): warning CS8632: The annotation for nullable reference types should only be used in code within a '#nullable' annotations context.

Assets\SolarSim\Runtime\Application\Commands\ProjectCommands.cs(185,56): error CS0246: The type or namespace name 'Guid' could not be found (are you missing a using directive or an assembly reference?)

Assets\SolarSim\Runtime\Domain\Electrical\ElectricalConnection.cs(32,27): error CS0246: The type or namespace name 'Guid' could not be found (are you missing a using directive or an assembly reference?)

Assets\SolarSim\Runtime\Domain\Electrical\ElectricalConnection.cs(32,12): error CS0246: The type or namespace name 'Guid' could not be found (are you missing a using directive or an assembly reference?)

Assets\SolarSim\Runtime\Domain\Electrical\ElectricalPort.cs(12,12): error CS0246: The type or namespace name 'Guid' could not be found (are you missing a using directive or an assembly reference?)

Assets\SolarSim\Runtime\Domain\Roof\RackingLayoutService.cs(119,61): error CS0246: The type or namespace name 'List<>' could not be found (are you missing a using directive or an assembly reference?)

Assets\SolarSim\Runtime\Domain\Roof\RackingLayoutService.cs(119,20): error CS0246: The type or namespace name 'List<>' could not be found (are you missing a using directive or an assembly reference?)

Assets\SolarSim\Runtime\Domain\Roof\RackingLayoutService.cs(119,25): error CS0246: The type or namespace name 'List<>' could not be found (are you missing a using directive or an assembly reference?)

Assets\SolarSim\Runtime\Application\Commands\ProjectCommands.cs(281,52): error CS0246: The type or namespace name 'Guid' could not be found (are you missing a using directive or an assembly reference?)

Assets\SolarSim\Runtime\Application\Project\SolarProject.cs(105,12): error CS0246: The type or namespace name 'Dictionary<,>' could not be found (are you missing a using directive or an assembly reference?)

Assets\SolarSim\Runtime\Application\Project\SolarProject.cs(105,23): error CS0246: The type or namespace name 'Guid' could not be found (are you missing a using directive or an assembly reference?)

Assets\SolarSim\Runtime\Application\Commands\ProjectCommands.cs(329,55): error CS0246: The type or namespace name 'Guid' could not be found (are you missing a using directive or an assembly reference?)

Assets\SolarSim\Runtime\Domain\Electrical\ElectricalGraph.cs(42,12): error CS0246: The type or namespace name 'IReadOnlyDictionary<,>' could not be found (are you missing a using directive or an assembly reference?)

Assets\SolarSim\Runtime\Domain\Electrical\ElectricalGraph.cs(42,32): error CS0246: The type or namespace name 'Guid' could not be found (are you missing a using directive or an assembly reference?)

Assets\SolarSim\Runtime\Domain\Electrical\ElectricalPort.cs(18,12): error CS0246: The type or namespace name 'Guid' could not be found (are you missing a using directive or an assembly reference?)

Assets\SolarSim\Runtime\Domain\Electrical\ElectricalCalculationService.cs(157,9): error CS0246: The type or namespace name 'IReadOnlyList<>' could not be found (are you missing a using directive or an assembly reference?)

Assets\SolarSim\Runtime\Domain\Electrical\ElectricalCalculationService.cs(158,9): error CS0246: The type or namespace name 'IReadOnlyDictionary<,>' could not be found (are you missing a using directive or an assembly reference?)

Assets\SolarSim\Runtime\Domain\Electrical\ElectricalCalculationService.cs(158,29): error CS0246: The type or namespace name 'Guid' could not be found (are you missing a using directive or an assembly reference?)

Assets\SolarSim\Runtime\Domain\Electrical\ElectricalCalculationService.cs(159,9): error CS0246: The type or namespace name 'IReadOnlyDictionary<,>' could not be found (are you missing a using directive or an assembly reference?)

Assets\SolarSim\Runtime\Domain\Electrical\ElectricalCalculationService.cs(159,29): error CS0246: The type or namespace name 'Guid' could not be found (are you missing a using directive or an assembly reference?)

Assets\SolarSim\Runtime\Application\Serialization\SolarProjectSerializer.cs(25,12): error CS0246: The type or namespace name 'List<>' could not be found (are you missing a using directive or an assembly reference?)

Assets\SolarSim\Runtime\Domain\Electrical\ElectricalGraph.cs(8,5): error CS0246: The type or namespace name 'IReadOnlyDictionary<,>' could not be found (are you missing a using directive or an assembly reference?)

Assets\SolarSim\Runtime\Domain\Electrical\ElectricalGraph.cs(8,25): error CS0246: The type or namespace name 'Guid' could not be found (are you missing a using directive or an assembly reference?)

Assets\SolarSim\Runtime\Application\Commands\ProjectCommands.cs(232,13): error CS0246: The type or namespace name 'Guid' could not be found (are you missing a using directive or an assembly reference?)

Assets\SolarSim\Runtime\Application\Commands\ProjectCommands.cs(233,39): warning CS8632: The annotation for nullable reference types should only be used in code within a '#nullable' annotations context.

Assets\SolarSim\Runtime\Domain\Electrical\ElectricalCalculationService.cs(60,9): error CS0246: The type or namespace name 'IReadOnlyList<>' could not be found (are you missing a using directive or an assembly reference?)

Assets\SolarSim\Runtime\Domain\Electrical\ElectricalCalculationService.cs(61,9): error CS0246: The type or namespace name 'IReadOnlyDictionary<,>' could not be found (are you missing a using directive or an assembly reference?)

Assets\SolarSim\Runtime\Domain\Electrical\ElectricalCalculationService.cs(61,29): error CS0246: The type or namespace name 'Guid' could not be found (are you missing a using directive or an assembly reference?)

Assets\SolarSim\Runtime\Domain\Electrical\ElectricalCalculationService.cs(62,9): error CS0246: The type or namespace name 'IReadOnlyDictionary<,>' could not be found (are you missing a using directive or an assembly reference?)

Assets\SolarSim\Runtime\Domain\Electrical\ElectricalCalculationService.cs(62,29): error CS0246: The type or namespace name 'Guid' could not be found (are you missing a using directive or an assembly reference?)

Assets\SolarSim\Runtime\Application\Project\SolarProject.cs(14,12): error CS0246: The type or namespace name 'IReadOnlyCollection<>' could not be found (are you missing a using directive or an assembly reference?)

Assets\SolarSim\Runtime\Application\Project\SolarProject.cs(14,32): error CS0246: The type or namespace name 'Guid' could not be found (are you missing a using directive or an assembly reference?)

Assets\SolarSim\Runtime\Domain\Electrical\ElectricalPort.cs(51,34): error CS0246: The type or namespace name 'Guid' could not be found (are you missing a using directive or an assembly reference?)

Assets\SolarSim\Runtime\Domain\Electrical\ElectricalCalculationService.cs(203,45): error CS0246: The type or namespace name 'IReadOnlyList<>' could not be found (are you missing a using directive or an assembly reference?)

Assets\SolarSim\Runtime\Domain\Roof\RackingLayoutService.cs(145,58): error CS0518: Predefined type 'System.Runtime.CompilerServices.IsExternalInit' is not defined or imported

Assets\SolarSim\Runtime\Domain\Roof\RackingLayoutService.cs(145,68): error CS0518: Predefined type 'System.Runtime.CompilerServices.IsExternalInit' is not defined or imported

Assets\SolarSim\Runtime\Domain\Roof\RackingLayoutService.cs(145,78): error CS0518: Predefined type 'System.Runtime.CompilerServices.IsExternalInit' is not defined or imported

Assets\SolarSim\Runtime\Domain\Roof\RackingLayoutService.cs(145,88): error CS0518: Predefined type 'System.Runtime.CompilerServices.IsExternalInit' is not defined or imported

Assets\SolarSim\Runtime\Domain\Roof\RackingLayoutService.cs(145,98): error CS0518: Predefined type 'System.Runtime.CompilerServices.IsExternalInit' is not defined or imported

Assets\SolarSim\Runtime\Domain\Electrical\ElectricalPort.cs(58,33): error CS0246: The type or namespace name 'Guid' could not be found (are you missing a using directive or an assembly reference?)

Assets\SolarSim\Runtime\Domain\Electrical\MpptCompatibilityService.cs(7,36): error CS0518: Predefined type 'System.Runtime.CompilerServices.IsExternalInit' is not defined or imported

Assets\SolarSim\Runtime\Domain\Electrical\ElectricalConnection.cs(16,9): error CS0246: The type or namespace name 'Guid' could not be found (are you missing a using directive or an assembly reference?)

Assets\SolarSim\Runtime\Domain\Electrical\ElectricalConnection.cs(17,9): error CS0246: The type or namespace name 'Guid' could not be found (are you missing a using directive or an assembly reference?)

Assets\SolarSim\Runtime\Domain\Electrical\ElectricalConnection.cs(18,9): error CS0246: The type or namespace name 'Guid' could not be found (are you missing a using directive or an assembly reference?)

Assets\SolarSim\Runtime\Domain\Electrical\ElectricalConnection.cs(19,15): warning CS8632: The annotation for nullable reference types should only be used in code within a '#nullable' annotations context.

Assets\SolarSim\Runtime\Domain\Electrical\ElectricalGraph.cs(43,12): error CS0246: The type or namespace name 'IReadOnlyDictionary<,>' could not be found (are you missing a using directive or an assembly reference?)

Assets\SolarSim\Runtime\Domain\Electrical\ElectricalGraph.cs(43,32): error CS0246: The type or namespace name 'Guid' could not be found (are you missing a using directive or an assembly reference?)

Assets\SolarSim\Runtime\Domain\Roof\RoofGeometry.cs(301,71): warning CS8632: The annotation for nullable reference types should only be used in code within a '#nullable' annotations context.

Assets\SolarSim\Runtime\Domain\Roof\RoofGeometry.cs(301,85): warning CS8632: The annotation for nullable reference types should only be used in code within a '#nullable' annotations context.

Assets\SolarSim\Runtime\Application\Serialization\SolarProjectSerializer.cs(117,12): error CS0246: The type or namespace name 'Guid' could not be found (are you missing a using directive or an assembly reference?)

Assets\SolarSim\Runtime\Domain\Electrical\ElectricalGraph.cs(9,5): error CS0246: The type or namespace name 'IReadOnlyDictionary<,>' could not be found (are you missing a using directive or an assembly reference?)

Assets\SolarSim\Runtime\Domain\Electrical\ElectricalGraph.cs(9,25): error CS0246: The type or namespace name 'Guid' could not be found (are you missing a using directive or an assembly reference?)

Assets\SolarSim\Runtime\Domain\Electrical\MpptCompatibilityService.cs(8,12): error CS0246: The type or namespace name 'Guid' could not be found (are you missing a using directive or an assembly reference?)

Assets\SolarSim\Runtime\Application\Commands\ProjectCommands.cs(366,22): error CS0246: The type or namespace name 'Guid' could not be found (are you missing a using directive or an assembly reference?)

Assets\SolarSim\Runtime\Domain\Electrical\MpptCompatibilityService.cs(27,12): error CS0246: The type or namespace name 'Guid' could not be found (are you missing a using directive or an assembly reference?)

Assets\SolarSim\Runtime\Domain\Electrical\MpptCompatibilityService.cs(8,39): error CS0518: Predefined type 'System.Runtime.CompilerServices.IsExternalInit' is not defined or imported

Assets\SolarSim\Runtime\Domain\Electrical\MpptCompatibilityService.cs(27,35): error CS0518: Predefined type 'System.Runtime.CompilerServices.IsExternalInit' is not defined or imported

Assets\SolarSim\Runtime\Domain\Roof\RoofDocument.cs(11,12): error CS0246: The type or namespace name 'IReadOnlyList<>' could not be found (are you missing a using directive or an assembly reference?)

Assets\SolarSim\Runtime\Domain\Electrical\MpptCompatibilityService.cs(28,31): error CS0518: Predefined type 'System.Runtime.CompilerServices.IsExternalInit' is not defined or imported

Assets\SolarSim\Runtime\Application\Project\SolarProject.cs(132,51): error CS0246: The type or namespace name 'Guid' could not be found (are you missing a using directive or an assembly reference?)

Assets\SolarSim\Runtime\Domain\Electrical\MpptCompatibilityService.cs(29,49): error CS0518: Predefined type 'System.Runtime.CompilerServices.IsExternalInit' is not defined or imported

Assets\SolarSim\Runtime\Domain\Roof\RoofSurface.cs(3,47): error CS0518: Predefined type 'System.Runtime.CompilerServices.IsExternalInit' is not defined or imported

Assets\SolarSim\Runtime\Domain\Roof\RoofSurface.cs(3,57): error CS0518: Predefined type 'System.Runtime.CompilerServices.IsExternalInit' is not defined or imported

Assets\SolarSim\Runtime\Application\Serialization\SolarProjectSerializer.cs(129,12): error CS0246: The type or namespace name 'Guid' could not be found (are you missing a using directive or an assembly reference?)

Assets\SolarSim\Runtime\Domain\Roof\RoofDocument.cs(12,12): error CS0246: The type or namespace name 'Guid' could not be found (are you missing a using directive or an assembly reference?)

Assets\SolarSim\Runtime\Application\Commands\ProjectCommands.cs(49,22): error CS0246: The type or namespace name 'List<>' could not be found (are you missing a using directive or an assembly reference?)

Assets\SolarSim\Runtime\Domain\Roof\RoofGeometry.cs(21,9): error CS0246: The type or namespace name 'IReadOnlyList<>' could not be found (are you missing a using directive or an assembly reference?)

Assets\SolarSim\Runtime\Application\Serialization\SolarProjectSerializer.cs(105,12): error CS0246: The type or namespace name 'List<>' could not be found (are you missing a using directive or an assembly reference?)

Assets\SolarSim\Runtime\Domain\Electrical\ElectricalGraph.cs(10,5): error CS0246: The type or namespace name 'IReadOnlyList<>' could not be found (are you missing a using directive or an assembly reference?)

Assets\SolarSim\Runtime\Domain\Roof\RoofDocument.cs(14,23): warning CS8632: The annotation for nullable reference types should only be used in code within a '#nullable' annotations context.

Assets\SolarSim\Runtime\Domain\Electrical\StringSizingService.cs(41,9): error CS0246: The type or namespace name 'Guid' could not be found (are you missing a using directive or an assembly reference?)

Assets\SolarSim\Runtime\Domain\Electrical\MpptCompatibilityService.cs(9,12): error CS0246: The type or namespace name 'Guid' could not be found (are you missing a using directive or an assembly reference?)

Assets\SolarSim\Runtime\Domain\Electrical\MpptCompatibilityService.cs(9,39): error CS0518: Predefined type 'System.Runtime.CompilerServices.IsExternalInit' is not defined or imported

Assets\SolarSim\Runtime\Domain\Electrical\ElectricalGraph.cs(44,12): error CS0246: The type or namespace name 'IReadOnlyDictionary<,>' could not be found (are you missing a using directive or an assembly reference?)

Assets\SolarSim\Runtime\Domain\Electrical\ElectricalGraph.cs(44,32): error CS0246: The type or namespace name 'Guid' could not be found (are you missing a using directive or an assembly reference?)

Assets\SolarSim\Runtime\Domain\Electrical\ElectricalPort.cs(22,9): error CS0246: The type or namespace name 'Guid' could not be found (are you missing a using directive or an assembly reference?)

Assets\SolarSim\Runtime\Domain\Electrical\ElectricalPort.cs(23,9): error CS0246: The type or namespace name 'Guid' could not be found (are you missing a using directive or an assembly reference?)

Assets\SolarSim\Runtime\Domain\Electrical\ElectricalPort.cs(28,9): error CS0246: The type or namespace name 'Guid' could not be found (are you missing a using directive or an assembly reference?)

Assets\SolarSim\Runtime\Domain\Electrical\ElectricalPort.cs(30,15): warning CS8632: The annotation for nullable reference types should only be used in code within a '#nullable' annotations context.

Assets\SolarSim\Runtime\Domain\Electrical\MpptCompatibilityService.cs(30,12): error CS0246: The type or namespace name 'IReadOnlyList<>' could not be found (are you missing a using directive or an assembly reference?)

Assets\SolarSim\Runtime\Domain\Roof\RoofDocument.cs(32,38): warning CS8632: The annotation for nullable reference types should only be used in code within a '#nullable' annotations context.

Assets\SolarSim\Runtime\Domain\Electrical\MpptCompatibilityService.cs(10,42): error CS0518: Predefined type 'System.Runtime.CompilerServices.IsExternalInit' is not defined or imported

Assets\SolarSim\Runtime\Domain\Electrical\StringSizingService.cs(7,12): error CS0246: The type or namespace name 'Guid' could not be found (are you missing a using directive or an assembly reference?)

Assets\SolarSim\Runtime\Domain\Electrical\MpptCompatibilityService.cs(30,61): error CS0518: Predefined type 'System.Runtime.CompilerServices.IsExternalInit' is not defined or imported

Assets\SolarSim\Runtime\Domain\Electrical\StringSizingService.cs(7,42): error CS0518: Predefined type 'System.Runtime.CompilerServices.IsExternalInit' is not defined or imported

Assets\SolarSim\Runtime\Domain\Electrical\MpptCompatibilityService.cs(11,42): error CS0518: Predefined type 'System.Runtime.CompilerServices.IsExternalInit' is not defined or imported

Assets\SolarSim\Runtime\Domain\Electrical\StringSizingService.cs(8,36): error CS0518: Predefined type 'System.Runtime.CompilerServices.IsExternalInit' is not defined or imported

Assets\SolarSim\Runtime\Domain\Roof\RoofGeometry.cs(61,46): error CS0246: The type or namespace name 'IReadOnlyList<>' could not be found (are you missing a using directive or an assembly reference?)

Assets\SolarSim\Runtime\Domain\Electrical\StringSizingService.cs(9,38): error CS0518: Predefined type 'System.Runtime.CompilerServices.IsExternalInit' is not defined or imported

Assets\SolarSim\Runtime\Domain\Electrical\StringSizingService.cs(10,39): error CS0518: Predefined type 'System.Runtime.CompilerServices.IsExternalInit' is not defined or imported

Assets\SolarSim\Runtime\Domain\Electrical\StringSizingService.cs(11,38): error CS0518: Predefined type 'System.Runtime.CompilerServices.IsExternalInit' is not defined or imported

Assets\SolarSim\Runtime\Domain\Electrical\VoltageDropCalculator.cs(9,29): error CS0246: The type or namespace name 'Dictionary<,>' could not be found (are you missing a using directive or an assembly reference?)

Assets\SolarSim\Runtime\Domain\Electrical\StringSizingService.cs(12,44): error CS0518: Predefined type 'System.Runtime.CompilerServices.IsExternalInit' is not defined or imported

Assets\SolarSim\Runtime\Domain\Electrical\StringSizingService.cs(13,41): error CS0518: Predefined type 'System.Runtime.CompilerServices.IsExternalInit' is not defined or imported

Assets\SolarSim\Runtime\Domain\Roof\RoofDocument.cs(49,28): error CS0246: The type or namespace name 'Guid' could not be found (are you missing a using directive or an assembly reference?)

Assets\SolarSim\Runtime\Domain\Electrical\StringSizingService.cs(14,50): error CS0518: Predefined type 'System.Runtime.CompilerServices.IsExternalInit' is not defined or imported

Assets\SolarSim\Runtime\Domain\Electrical\VoltageDropCalculator.cs(60,12): error CS0518: Predefined type 'System.Runtime.CompilerServices.IsExternalInit' is not defined or imported

Assets\SolarSim\Runtime\Domain\Roof\RoofGeometry.cs(74,61): error CS0246: The type or namespace name 'IReadOnlyList<>' could not be found (are you missing a using directive or an assembly reference?)

Assets\SolarSim\Runtime\Domain\Electrical\StringSizingService.cs(15,44): error CS0518: Predefined type 'System.Runtime.CompilerServices.IsExternalInit' is not defined or imported

Assets\SolarSim\Runtime\Domain\Electrical\VoltageDropCalculator.cs(61,12): error CS0518: Predefined type 'System.Runtime.CompilerServices.IsExternalInit' is not defined or imported

Assets\SolarSim\Runtime\Domain\Electrical\VoltageDropCalculator.cs(62,12): error CS0518: Predefined type 'System.Runtime.CompilerServices.IsExternalInit' is not defined or imported

Assets\SolarSim\Runtime\Domain\Electrical\StringSizingService.cs(16,45): error CS0518: Predefined type 'System.Runtime.CompilerServices.IsExternalInit' is not defined or imported

Assets\SolarSim\Runtime\Domain\Electrical\VoltageDropCalculator.cs(63,12): error CS0518: Predefined type 'System.Runtime.CompilerServices.IsExternalInit' is not defined or imported

Assets\SolarSim\Runtime\Domain\Electrical\VoltageDropCalculator.cs(64,12): error CS0518: Predefined type 'System.Runtime.CompilerServices.IsExternalInit' is not defined or imported

Assets\SolarSim\Runtime\Domain\Electrical\StringSizingService.cs(17,47): error CS0518: Predefined type 'System.Runtime.CompilerServices.IsExternalInit' is not defined or imported

Assets\SolarSim\Runtime\Domain\Electrical\VoltageDropCalculator.cs(65,13): error CS0518: Predefined type 'System.Runtime.CompilerServices.IsExternalInit' is not defined or imported

Assets\SolarSim\Runtime\Domain\Electrical\ElectricalGraph.cs(13,22): error CS0246: The type or namespace name 'Guid' could not be found (are you missing a using directive or an assembly reference?)

Assets\SolarSim\Runtime\Domain\Electrical\VoltageDropCalculator.cs(66,18): error CS0518: Predefined type 'System.Runtime.CompilerServices.IsExternalInit' is not defined or imported

Assets\SolarSim\Runtime\Domain\Electrical\StringSizingService.cs(18,47): error CS0518: Predefined type 'System.Runtime.CompilerServices.IsExternalInit' is not defined or imported

Assets\SolarSim\Runtime\Domain\Electrical\VoltageDropCalculator.cs(67,12): error CS0518: Predefined type 'System.Runtime.CompilerServices.IsExternalInit' is not defined or imported

Assets\SolarSim\Runtime\Domain\Electrical\ElectricalGraph.cs(45,12): error CS0246: The type or namespace name 'IReadOnlyList<>' could not be found (are you missing a using directive or an assembly reference?)

Assets\SolarSim\Runtime\Domain\Electrical\VoltageDropCalculator.cs(68,12): error CS0518: Predefined type 'System.Runtime.CompilerServices.IsExternalInit' is not defined or imported

Assets\SolarSim\Runtime\Domain\Electrical\StringSizingService.cs(21,42): error CS0518: Predefined type 'System.Runtime.CompilerServices.IsExternalInit' is not defined or imported

Assets\SolarSim\Runtime\Domain\Roof\RoofGeometry.cs(301,56): error CS0518: Predefined type 'System.Runtime.CompilerServices.IsExternalInit' is not defined or imported

Assets\SolarSim\Runtime\Application\Serialization\SolarProjectSerializer.cs(145,18): warning CS8632: The annotation for nullable reference types should only be used in code within a '#nullable' annotations context.

Assets\SolarSim\Runtime\Domain\Electrical\VoltageDropCalculator.cs(69,10): error CS0518: Predefined type 'System.Runtime.CompilerServices.IsExternalInit' is not defined or imported

Assets\SolarSim\Runtime\Domain\Roof\RoofGeometry.cs(301,73): error CS0518: Predefined type 'System.Runtime.CompilerServices.IsExternalInit' is not defined or imported

Assets\SolarSim\Runtime\Application\Serialization\SolarProjectSerializer.cs(173,12): error CS0246: The type or namespace name 'Guid' could not be found (are you missing a using directive or an assembly reference?)

Assets\SolarSim\Runtime\Domain\Electrical\StringSizingService.cs(24,42): error CS0518: Predefined type 'System.Runtime.CompilerServices.IsExternalInit' is not defined or imported

Assets\SolarSim\Runtime\Domain\Electrical\MpptCompatibilityService.cs(43,9): error CS0246: The type or namespace name 'IReadOnlyDictionary<,>' could not be found (are you missing a using directive or an assembly reference?)

Assets\SolarSim\Runtime\Domain\Electrical\MpptCompatibilityService.cs(43,29): error CS0246: The type or namespace name 'Guid' could not be found (are you missing a using directive or an assembly reference?)

Assets\SolarSim\Runtime\Domain\Electrical\MpptCompatibilityService.cs(44,29): warning CS8632: The annotation for nullable reference types should only be used in code within a '#nullable' annotations context.

Assets\SolarSim\Runtime\Domain\Electrical\MpptCompatibilityService.cs(40,19): error CS0246: The type or namespace name 'IReadOnlyList<>' could not be found (are you missing a using directive or an assembly reference?)

Assets\SolarSim\Runtime\Domain\Roof\RoofGeometry.cs(301,87): error CS0518: Predefined type 'System.Runtime.CompilerServices.IsExternalInit' is not defined or imported

Assets\SolarSim\Runtime\Domain\Roof\RoofDocument.cs(58,27): error CS0246: The type or namespace name 'Guid' could not be found (are you missing a using directive or an assembly reference?)

Assets\SolarSim\Runtime\Application\Commands\ProjectCommands.cs(369,51): error CS0246: The type or namespace name 'Guid' could not be found (are you missing a using directive or an assembly reference?)

Assets\SolarSim\Runtime\Domain\Electrical\StringSizingService.cs(27,47): error CS0518: Predefined type 'System.Runtime.CompilerServices.IsExternalInit' is not defined or imported

Assets\SolarSim\Runtime\Domain\Electrical\MpptCompatibilityService.cs(31,12): error CS0246: The type or namespace name 'IReadOnlyList<>' could not be found (are you missing a using directive or an assembly reference?)

Assets\SolarSim\Runtime\Domain\Roof\RoofSurface.cs(25,12): error CS0246: The type or namespace name 'Guid' could not be found (are you missing a using directive or an assembly reference?)

Assets\SolarSim\Runtime\Domain\Roof\RoofGeometry.cs(90,66): error CS0246: The type or namespace name 'IReadOnlyList<>' could not be found (are you missing a using directive or an assembly reference?)

Assets\SolarSim\Runtime\Application\Commands\ProjectCommands.cs(235,54): error CS0246: The type or namespace name 'Guid' could not be found (are you missing a using directive or an assembly reference?)

Assets\SolarSim\Runtime\Application\Commands\ProjectCommands.cs(235,72): error CS0246: The type or namespace name 'Guid' could not be found (are you missing a using directive or an assembly reference?)

Assets\SolarSim\Runtime\Application\Commands\ProjectCommands.cs(235,94): warning CS8632: The annotation for nullable reference types should only be used in code within a '#nullable' annotations context.

Assets\SolarSim\Runtime\Domain\Electrical\MpptCompatibilityService.cs(31,57): error CS0518: Predefined type 'System.Runtime.CompilerServices.IsExternalInit' is not defined or imported

Assets\SolarSim\Runtime\Domain\Electrical\TemperatureDeratingService.cs(57,9): error CS0246: The type or namespace name 'IReadOnlyList<>' could not be found (are you missing a using directive or an assembly reference?)

Assets\SolarSim\Runtime\Application\Serialization\SolarProjectSerializer.cs(151,12): error CS0246: The type or namespace name 'Guid' could not be found (are you missing a using directive or an assembly reference?)

Assets\SolarSim\Runtime\Domain\Roof\RoofDocument.cs(65,30): error CS0246: The type or namespace name 'Guid' could not be found (are you missing a using directive or an assembly reference?)

Assets\SolarSim\Runtime\Domain\Roof\RoofDocument.cs(65,23): warning CS8632: The annotation for nullable reference types should only be used in code within a '#nullable' annotations context.

Assets\SolarSim\Runtime\Domain\Roof\RoofGeometry.cs(117,70): error CS0246: The type or namespace name 'IReadOnlyList<>' could not be found (are you missing a using directive or an assembly reference?)

Assets\SolarSim\Runtime\Domain\Electrical\StringSizingService.cs(29,12): error CS0246: The type or namespace name 'IReadOnlyList<>' could not be found (are you missing a using directive or an assembly reference?)

Assets\SolarSim\Runtime\Domain\Electrical\WireRouting.cs(12,9): error CS0246: The type or namespace name 'IReadOnlyList<>' could not be found (are you missing a using directive or an assembly reference?)

Assets\SolarSim\Runtime\Domain\Electrical\ElectricalGraph.cs(15,26): error CS0246: The type or namespace name 'Guid' could not be found (are you missing a using directive or an assembly reference?)

Assets\SolarSim\Runtime\Domain\Electrical\StringSizingService.cs(29,57): error CS0518: Predefined type 'System.Runtime.CompilerServices.IsExternalInit' is not defined or imported

Assets\SolarSim\Runtime\Domain\Roof\RoofDocument.cs(9,22): error CS0246: The type or namespace name 'List<>' could not be found (are you missing a using directive or an assembly reference?)

Assets\SolarSim\Runtime\Domain\Electrical\ElectricalGraph.cs(69,29): error CS0246: The type or namespace name 'Guid' could not be found (are you missing a using directive or an assembly reference?)

Assets\SolarSim\Runtime\Application\Project\SolarProject.cs(159,9): error CS0246: The type or namespace name 'Guid' could not be found (are you missing a using directive or an assembly reference?)

Assets\SolarSim\Runtime\Application\Serialization\SolarProjectSerializer.cs(163,12): error CS0246: The type or namespace name 'Guid' could not be found (are you missing a using directive or an assembly reference?)

Assets\SolarSim\Runtime\Domain\Electrical\MpptCompatibilityService.cs(12,12): error CS0246: The type or namespace name 'IReadOnlyList<>' could not be found (are you missing a using directive or an assembly reference?)

Assets\SolarSim\Runtime\Domain\Electrical\MpptCompatibilityService.cs(12,26): error CS0246: The type or namespace name 'Guid' could not be found (are you missing a using directive or an assembly reference?)

Assets\SolarSim\Runtime\Domain\Roof\RoofSurface.cs(75,12): error CS0246: The type or namespace name 'Guid' could not be found (are you missing a using directive or an assembly reference?)

Assets\SolarSim\Runtime\Domain\Electrical\MpptCompatibilityService.cs(12,48): error CS0518: Predefined type 'System.Runtime.CompilerServices.IsExternalInit' is not defined or imported

Assets\SolarSim\Runtime\Application\Serialization\SolarProjectSerializer.cs(168,18): warning CS8632: The annotation for nullable reference types should only be used in code within a '#nullable' annotations context.

Assets\SolarSim\Runtime\Domain\Roof\RoofSurface.cs(35,9): error CS0246: The type or namespace name 'Guid' could not be found (are you missing a using directive or an assembly reference?)

Assets\SolarSim\Runtime\Domain\Roof\RoofSurface.cs(41,15): warning CS8632: The annotation for nullable reference types should only be used in code within a '#nullable' annotations context.

Assets\SolarSim\Runtime\Domain\Electrical\TemperatureDeratingService.cs(65,9): error CS0246: The type or namespace name 'IReadOnlyList<>' could not be found (are you missing a using directive or an assembly reference?)

Assets\SolarSim\Runtime\Domain\Electrical\MpptCompatibilityService.cs(61,9): error CS0246: The type or namespace name 'IReadOnlyDictionary<,>' could not be found (are you missing a using directive or an assembly reference?)

Assets\SolarSim\Runtime\Domain\Electrical\MpptCompatibilityService.cs(61,29): error CS0246: The type or namespace name 'Guid' could not be found (are you missing a using directive or an assembly reference?)

Assets\SolarSim\Runtime\Domain\Electrical\MpptCompatibilityService.cs(62,29): warning CS8632: The annotation for nullable reference types should only be used in code within a '#nullable' annotations context.

Assets\SolarSim\Runtime\Domain\Electrical\ElectricalGraph.cs(16,33): error CS0246: The type or namespace name 'Guid' could not be found (are you missing a using directive or an assembly reference?)

Assets\SolarSim\Runtime\Application\Serialization\SolarProjectSerializer.cs(188,12): error CS0246: The type or namespace name 'List<>' could not be found (are you missing a using directive or an assembly reference?)

Assets\SolarSim\Runtime\Application\Project\SolarProject.cs(233,100): warning CS8632: The annotation for nullable reference types should only be used in code within a '#nullable' annotations context.

Assets\SolarSim\Runtime\Domain\Electrical\ElectricalGraph.cs(83,33): error CS0246: The type or namespace name 'Guid' could not be found (are you missing a using directive or an assembly reference?)

Assets\SolarSim\Runtime\Domain\Electrical\WireRouting.cs(30,9): error CS0246: The type or namespace name 'IList<>' could not be found (are you missing a using directive or an assembly reference?)

Assets\SolarSim\Runtime\Application\Commands\ProjectCommands.cs(51,53): error CS0246: The type or namespace name 'Guid' could not be found (are you missing a using directive or an assembly reference?)

Assets\SolarSim\Runtime\Application\Serialization\SolarProjectSerializer.cs(106,12): error CS0246: The type or namespace name 'List<>' could not be found (are you missing a using directive or an assembly reference?)

Assets\SolarSim\Runtime\Application\Serialization\SolarProjectSerializer.cs(204,53): error CS0246: The type or namespace name 'Exception' could not be found (are you missing a using directive or an assembly reference?)

Assets\SolarSim\Runtime\Domain\Electrical\SingleLineDiagramService.cs(13,9): error CS0246: The type or namespace name 'IReadOnlyDictionary<,>' could not be found (are you missing a using directive or an assembly reference?)

Assets\SolarSim\Runtime\Domain\Electrical\SingleLineDiagramService.cs(13,29): error CS0246: The type or namespace name 'Guid' could not be found (are you missing a using directive or an assembly reference?)

Assets\SolarSim\Runtime\Domain\Electrical\SingleLineDiagramService.cs(14,9): error CS0246: The type or namespace name 'IReadOnlyList<>' could not be found (are you missing a using directive or an assembly reference?)

Assets\SolarSim\Runtime\Domain\Roof\RoofGeometry.cs(229,53): error CS0246: The type or namespace name 'IReadOnlyList<>' could not be found (are you missing a using directive or an assembly reference?)

Assets\SolarSim\Runtime\Domain\Roof\RoofGeometry.cs(229,19): error CS0246: The type or namespace name 'List<>' could not be found (are you missing a using directive or an assembly reference?)

Assets\SolarSim\Runtime\Domain\Equipment\ElectricalEquipmentInstance.cs(20,12): error CS0246: The type or namespace name 'Guid' could not be found (are you missing a using directive or an assembly reference?)

Assets\SolarSim\Runtime\Application\Serialization\SolarProjectSerializer.cs(174,12): error CS0246: The type or namespace name 'Guid' could not be found (are you missing a using directive or an assembly reference?)

Assets\SolarSim\Runtime\Domain\Roof\RoofSurface.cs(85,12): error CS0246: The type or namespace name 'IReadOnlyList<>' could not be found (are you missing a using directive or an assembly reference?)

Assets\SolarSim\Runtime\Domain\Roof\RoofGeometry.cs(288,38): error CS0246: The type or namespace name 'IReadOnlyList<>' could not be found (are you missing a using directive or an assembly reference?)

Assets\SolarSim\Runtime\Domain\Electrical\ElectricalGraph.cs(17,22): error CS0246: The type or namespace name 'Guid' could not be found (are you missing a using directive or an assembly reference?)

Assets\SolarSim\Runtime\Domain\Roof\RoofSurface.cs(86,12): error CS0246: The type or namespace name 'IReadOnlyList<>' could not be found (are you missing a using directive or an assembly reference?)

Assets\SolarSim\Runtime\Domain\Electrical\ElectricalGraph.cs(109,40): error CS0246: The type or namespace name 'Guid' could not be found (are you missing a using directive or an assembly reference?)

Assets\SolarSim\Runtime\Domain\Electrical\MpptCompatibilityService.cs(13,12): error CS0246: The type or namespace name 'IReadOnlyList<>' could not be found (are you missing a using directive or an assembly reference?)

Assets\SolarSim\Runtime\Domain\Electrical\MpptCompatibilityService.cs(13,26): error CS0246: The type or namespace name 'Guid' could not be found (are you missing a using directive or an assembly reference?)

Assets\SolarSim\Runtime\Domain\Electrical\MpptCompatibilityService.cs(13,49): error CS0518: Predefined type 'System.Runtime.CompilerServices.IsExternalInit' is not defined or imported

Assets\SolarSim\Runtime\Domain\Equipment\ElectricalEquipmentInstance.cs(29,35): warning CS8632: The annotation for nullable reference types should only be used in code within a '#nullable' annotations context.

Assets\SolarSim\Runtime\Application\Serialization\SolarProjectSerializer.cs(152,12): error CS0246: The type or namespace name 'Guid' could not be found (are you missing a using directive or an assembly reference?)

Assets\SolarSim\Runtime\Domain\Electrical\MpptCompatibilityService.cs(14,36): error CS0518: Predefined type 'System.Runtime.CompilerServices.IsExternalInit' is not defined or imported

Assets\SolarSim\Runtime\Domain\Electrical\MpptCompatibilityService.cs(15,40): error CS0518: Predefined type 'System.Runtime.CompilerServices.IsExternalInit' is not defined or imported

Assets\SolarSim\Runtime\Domain\Electrical\MpptCompatibilityService.cs(16,36): error CS0518: Predefined type 'System.Runtime.CompilerServices.IsExternalInit' is not defined or imported

Assets\SolarSim\Runtime\Domain\Electrical\MpptCompatibilityService.cs(130,9): error CS0246: The type or namespace name 'IReadOnlyDictionary<,>' could not be found (are you missing a using directive or an assembly reference?)

Assets\SolarSim\Runtime\Domain\Electrical\MpptCompatibilityService.cs(130,29): error CS0246: The type or namespace name 'Guid' could not be found (are you missing a using directive or an assembly reference?)

Assets\SolarSim\Runtime\Domain\Electrical\MpptCompatibilityService.cs(17,39): error CS0518: Predefined type 'System.Runtime.CompilerServices.IsExternalInit' is not defined or imported

Assets\SolarSim\Runtime\Domain\Electrical\ElectricalGraph.cs(18,26): error CS0246: The type or namespace name 'Guid' could not be found (are you missing a using directive or an assembly reference?)

Assets\SolarSim\Runtime\Domain\Roof\RoofSurface.cs(107,29): error CS0246: The type or namespace name 'IEnumerable<>' could not be found (are you missing a using directive or an assembly reference?)

Assets\SolarSim\Runtime\Domain\Electrical\MpptCompatibilityService.cs(18,35): error CS0518: Predefined type 'System.Runtime.CompilerServices.IsExternalInit' is not defined or imported

Assets\SolarSim\Runtime\Domain\Electrical\MpptCompatibilityService.cs(19,35): error CS0518: Predefined type 'System.Runtime.CompilerServices.IsExternalInit' is not defined or imported

Assets\SolarSim\Runtime\Domain\Equipment\ElectricalEquipmentInstance.cs(31,12): error CS0246: The type or namespace name 'IReadOnlyList<>' could not be found (are you missing a using directive or an assembly reference?)

Assets\SolarSim\Runtime\Domain\Electrical\MpptCompatibilityService.cs(20,37): error CS0518: Predefined type 'System.Runtime.CompilerServices.IsExternalInit' is not defined or imported

Assets\SolarSim\Runtime\Domain\Electrical\ElectricalGraph.cs(114,29): error CS0246: The type or namespace name 'Guid' could not be found (are you missing a using directive or an assembly reference?)

Assets\SolarSim\Runtime\Domain\Electrical\MpptCompatibilityService.cs(21,36): error CS0518: Predefined type 'System.Runtime.CompilerServices.IsExternalInit' is not defined or imported

Assets\SolarSim\Runtime\Application\Project\SolarProject.cs(258,12): error CS0246: The type or namespace name 'IReadOnlyList<>' could not be found (are you missing a using directive or an assembly reference?)

Assets\SolarSim\Runtime\Application\Project\SolarProject.cs(27,30): error CS0246: The type or namespace name 'IEnumerable<>' could not be found (are you missing a using directive or an assembly reference?)

Assets\SolarSim\Runtime\Application\Project\SolarProject.cs(27,42): error CS0246: The type or namespace name 'Guid' could not be found (are you missing a using directive or an assembly reference?)

Assets\SolarSim\Runtime\Application\Project\SolarProject.cs(27,70): error CS0246: The type or namespace name 'IEnumerable<>' could not be found (are you missing a using directive or an assembly reference?)

Assets\SolarSim\Runtime\Application\Project\SolarProject.cs(27,82): error CS0246: The type or namespace name 'Guid' could not be found (are you missing a using directive or an assembly reference?)

Assets\SolarSim\Runtime\Domain\Electrical\ElectricalGraph.cs(19,28): error CS0246: The type or namespace name 'Guid' could not be found (are you missing a using directive or an assembly reference?)

Assets\SolarSim\Runtime\Domain\Roof\RoofSurface.cs(160,32): error CS0246: The type or namespace name 'Guid' could not be found (are you missing a using directive or an assembly reference?)

Assets\SolarSim\Runtime\Domain\Electrical\ElectricalGraph.cs(117,33): error CS0246: The type or namespace name 'Guid' could not be found (are you missing a using directive or an assembly reference?)

Assets\SolarSim\Runtime\Domain\Electrical\MpptCompatibilityService.cs(22,12): error CS0246: The type or namespace name 'IReadOnlyList<>' could not be found (are you missing a using directive or an assembly reference?)

Assets\SolarSim\Runtime\Application\Serialization\SolarProjectSerializer.cs(206,58): error CS0246: The type or namespace name 'Exception' could not be found (are you missing a using directive or an assembly reference?)

Assets\SolarSim\Runtime\Domain\Electrical\MpptCompatibilityService.cs(22,57): error CS0518: Predefined type 'System.Runtime.CompilerServices.IsExternalInit' is not defined or imported

Assets\SolarSim\Runtime\Application\Serialization\SolarProjectSerializer.cs(175,12): error CS0246: The type or namespace name 'Guid' could not be found (are you missing a using directive or an assembly reference?)

Assets\SolarSim\Runtime\Domain\Roof\RoofSurface.cs(162,39): error CS0246: The type or namespace name 'Guid' could not be found (are you missing a using directive or an assembly reference?)

Assets\SolarSim\Runtime\Domain\Roof\RoofSurface.cs(162,24): warning CS8632: The annotation for nullable reference types should only be used in code within a '#nullable' annotations context.

Assets\SolarSim\Runtime\Domain\Equipment\ElectricalEquipmentInstance.cs(78,35): error CS0246: The type or namespace name 'Guid' could not be found (are you missing a using directive or an assembly reference?)

Assets\SolarSim\Runtime\Domain\Electrical\ElectricalGraph.cs(20,21): error CS0246: The type or namespace name 'Guid' could not be found (are you missing a using directive or an assembly reference?)

Assets\SolarSim\Runtime\Domain\Electrical\ElectricalGraph.cs(120,33): error CS0246: The type or namespace name 'Guid' could not be found (are you missing a using directive or an assembly reference?)

Assets\SolarSim\Runtime\Domain\Roof\RoofSurface.cs(166,12): error CS0246: The type or namespace name 'IReadOnlyList<>' could not be found (are you missing a using directive or an assembly reference?)

Assets\SolarSim\Runtime\Domain\Electrical\MpptCompatibilityService.cs(375,9): error CS0246: The type or namespace name 'Guid' could not be found (are you missing a using directive or an assembly reference?)

Assets\SolarSim\Runtime\Domain\Electrical\MpptCompatibilityService.cs(376,9): error CS0246: The type or namespace name 'HashSet<>' could not be found (are you missing a using directive or an assembly reference?)

Assets\SolarSim\Runtime\Domain\Electrical\MpptCompatibilityService.cs(376,17): error CS0246: The type or namespace name 'Guid' could not be found (are you missing a using directive or an assembly reference?)

Assets\SolarSim\Runtime\Application\Serialization\SolarProjectSerializer.cs(670,9): error CS0246: The type or namespace name 'Guid' could not be found (are you missing a using directive or an assembly reference?)

Assets\SolarSim\Runtime\Application\Project\SolarProject.cs(261,53): error CS0246: The type or namespace name 'Guid' could not be found (are you missing a using directive or an assembly reference?)

Assets\SolarSim\Runtime\Application\Project\SolarProject.cs(44,33): error CS0246: The type or namespace name 'Guid' could not be found (are you missing a using directive or an assembly reference?)

Assets\SolarSim\Runtime\Domain\Electrical\ElectricalGraph.cs(21,26): error CS0246: The type or namespace name 'Guid' could not be found (are you missing a using directive or an assembly reference?)

Assets\SolarSim\Runtime\Domain\Roof\RoofSurface.cs(72,22): error CS0246: The type or namespace name 'List<>' could not be found (are you missing a using directive or an assembly reference?)

Assets\SolarSim\Runtime\Application\Serialization\SolarProjectSerializer.cs(28,12): error CS0246: The type or namespace name 'List<>' could not be found (are you missing a using directive or an assembly reference?)

Assets\SolarSim\Runtime\Domain\Electrical\ElectricalGraph.cs(138,35): error CS0246: The type or namespace name 'Guid' could not be found (are you missing a using directive or an assembly reference?)

Assets\SolarSim\Runtime\Domain\Roof\RoofSurface.cs(73,22): error CS0246: The type or namespace name 'List<>' could not be found (are you missing a using directive or an assembly reference?)

Assets\SolarSim\Runtime\Application\Serialization\SolarProjectSerializer.cs(34,19): warning CS8632: The annotation for nullable reference types should only be used in code within a '#nullable' annotations context.

Assets\SolarSim\Runtime\Domain\Equipment\ElectricalEquipmentInstance.cs(83,9): error CS0246: The type or namespace name 'Guid' could not be found (are you missing a using directive or an assembly reference?)

Assets\SolarSim\Runtime\Domain\Equipment\ElectricalEquipmentInstance.cs(91,9): error CS0246: The type or namespace name 'List<>' could not be found (are you missing a using directive or an assembly reference?)

Assets\SolarSim\Runtime\Domain\Equipment\ElectricalEquipmentInstance.cs(92,32): warning CS8632: The annotation for nullable reference types should only be used in code within a '#nullable' annotations context.

Assets\SolarSim\Runtime\Domain\Electrical\ElectricalGraph.cs(143,28): error CS0246: The type or namespace name 'Guid' could not be found (are you missing a using directive or an assembly reference?)

Assets\SolarSim\Runtime\Domain\Roof\RoofSurface.cs(90,24): error CS0246: The type or namespace name 'Guid' could not be found (are you missing a using directive or an assembly reference?)

Assets\SolarSim\Runtime\Application\Project\SolarProject.cs(55,34): error CS0246: The type or namespace name 'Guid' could not be found (are you missing a using directive or an assembly reference?)

Assets\SolarSim\Runtime\Domain\Electrical\ElectricalGraph.cs(23,43): error CS0246: The type or namespace name 'Guid' could not be found (are you missing a using directive or an assembly reference?)

Assets\SolarSim\Runtime\Domain\Electrical\ElectricalGraph.cs(23,61): error CS0246: The type or namespace name 'Guid' could not be found (are you missing a using directive or an assembly reference?)

Assets\SolarSim\Runtime\Domain\Electrical\ElectricalGraph.cs(23,83): warning CS8632: The annotation for nullable reference types should only be used in code within a '#nullable' annotations context.

Assets\SolarSim\Runtime\Domain\Electrical\ElectricalGraph.cs(23,115): warning CS8632: The annotation for nullable reference types should only be used in code within a '#nullable' annotations context.

Assets\SolarSim\Runtime\Domain\Equipment\ElectricalEquipmentInstance.cs(105,9): error CS0246: The type or namespace name 'Guid' could not be found (are you missing a using directive or an assembly reference?)

Assets\SolarSim\Runtime\Domain\Equipment\ElectricalEquipmentInstance.cs(109,15): warning CS8632: The annotation for nullable reference types should only be used in code within a '#nullable' annotations context.

Assets\SolarSim\Runtime\Application\Project\SolarProject.cs(280,56): error CS0246: The type or namespace name 'Guid' could not be found (are you missing a using directive or an assembly reference?)

Assets\SolarSim\Runtime\Domain\Electrical\ElectricalGraph.cs(24,21): error CS0246: The type or namespace name 'Guid' could not be found (are you missing a using directive or an assembly reference?)

Assets\SolarSim\Runtime\Domain\Equipment\ElectricalEquipmentInstance.cs(143,9): error CS0246: The type or namespace name 'Guid' could not be found (are you missing a using directive or an assembly reference?)

Assets\SolarSim\Runtime\Domain\Equipment\ElectricalEquipmentInstance.cs(146,15): warning CS8632: The annotation for nullable reference types should only be used in code within a '#nullable' annotations context.

Assets\SolarSim\Runtime\Domain\Electrical\ElectricalGraph.cs(147,9): error CS0246: The type or namespace name 'Guid' could not be found (are you missing a using directive or an assembly reference?)

Assets\SolarSim\Runtime\Domain\Electrical\ElectricalGraph.cs(148,9): error CS0246: The type or namespace name 'Guid' could not be found (are you missing a using directive or an assembly reference?)

Assets\SolarSim\Runtime\Domain\Electrical\ElectricalGraph.cs(149,15): warning CS8632: The annotation for nullable reference types should only be used in code within a '#nullable' annotations context.

Assets\SolarSim\Runtime\Domain\Electrical\ElectricalGraph.cs(150,33): warning CS8632: The annotation for nullable reference types should only be used in code within a '#nullable' annotations context.

Assets\SolarSim\Runtime\Application\Serialization\SolarProjectSerializer.cs(38,12): error CS0246: The type or namespace name 'List<>' could not be found (are you missing a using directive or an assembly reference?)

Assets\SolarSim\Runtime\Application\Project\SolarProject.cs(114,34): error CS0066: 'SolarProject.ProjectChanged': event must be of a delegate type

Assets\SolarSim\Runtime\Application\Project\SolarProject.cs(115,26): error CS0066: 'SolarProject.CalculationsUpdated': event must be of a delegate type

Assets\SolarSim\Runtime\Domain\Electrical\ElectricalGraph.cs(204,28): error CS0246: The type or namespace name 'Guid' could not be found (are you missing a using directive or an assembly reference?)

Assets\SolarSim\Runtime\Domain\Equipment\ElectricalEquipmentInstance.cs(169,9): error CS0246: The type or namespace name 'Guid' could not be found (are you missing a using directive or an assembly reference?)

Assets\SolarSim\Runtime\Domain\Equipment\ElectricalEquipmentInstance.cs(173,15): warning CS8632: The annotation for nullable reference types should only be used in code within a '#nullable' annotations context.

Assets\SolarSim\Runtime\Application\Project\SolarProject.cs(10,22): error CS0246: The type or namespace name 'HashSet<>' could not be found (are you missing a using directive or an assembly reference?)

Assets\SolarSim\Runtime\Application\Project\SolarProject.cs(10,30): error CS0246: The type or namespace name 'Guid' could not be found (are you missing a using directive or an assembly reference?)

Assets\SolarSim\Runtime\Application\Serialization\SolarProjectSerializer.cs(41,12): error CS0246: The type or namespace name 'Guid' could not be found (are you missing a using directive or an assembly reference?)

Assets\SolarSim\Runtime\Domain\Equipment\ElectricalEquipmentInstance.cs(200,9): error CS0246: The type or namespace name 'Guid' could not be found (are you missing a using directive or an assembly reference?)

Assets\SolarSim\Runtime\Domain\Equipment\ElectricalEquipmentInstance.cs(204,15): warning CS8632: The annotation for nullable reference types should only be used in code within a '#nullable' annotations context.

Assets\SolarSim\Runtime\Application\Serialization\SolarProjectSerializer.cs(47,29): warning CS8632: The annotation for nullable reference types should only be used in code within a '#nullable' annotations context.

Assets\SolarSim\Runtime\Application\Serialization\SolarProjectSerializer.cs(50,32): warning CS8632: The annotation for nullable reference types should only be used in code within a '#nullable' annotations context.

Assets\SolarSim\Runtime\Domain\Equipment\ElectricalEquipmentInstance.cs(232,9): error CS0246: The type or namespace name 'Guid' could not be found (are you missing a using directive or an assembly reference?)

Assets\SolarSim\Runtime\Domain\Equipment\ElectricalEquipmentInstance.cs(235,15): warning CS8632: The annotation for nullable reference types should only be used in code within a '#nullable' annotations context.

Assets\SolarSim\Runtime\Domain\Equipment\ElectricalEquipmentInstance.cs(259,9): error CS0246: The type or namespace name 'Guid' could not be found (are you missing a using directive or an assembly reference?)

Assets\SolarSim\Runtime\Domain\Equipment\ElectricalEquipmentInstance.cs(262,15): warning CS8632: The annotation for nullable reference types should only be used in code within a '#nullable' annotations context.

Assets\SolarSim\Runtime\Domain\Electrical\ElectricalGraph.cs(307,40): error CS0246: The type or namespace name 'List<>' could not be found (are you missing a using directive or an assembly reference?)

Assets\SolarSim\Runtime\Domain\Electrical\ElectricalGraph.cs(307,45): error CS0246: The type or namespace name 'Guid' could not be found (are you missing a using directive or an assembly reference?)

Assets\SolarSim\Runtime\Domain\Electrical\ElectricalGraph.cs(307,13): error CS0246: The type or namespace name 'List<>' could not be found (are you missing a using directive or an assembly reference?)

Assets\SolarSim\Runtime\Domain\Electrical\ElectricalGraph.cs(307,18): error CS0246: The type or namespace name 'Guid' could not be found (are you missing a using directive or an assembly reference?)

Assets\SolarSim\Runtime\Application\Project\SolarProject.cs(11,22): error CS0246: The type or namespace name 'HashSet<>' could not be found (are you missing a using directive or an assembly reference?)

Assets\SolarSim\Runtime\Application\Project\SolarProject.cs(11,30): error CS0246: The type or namespace name 'Guid' could not be found (are you missing a using directive or an assembly reference?)

Assets\SolarSim\Runtime\Application\Serialization\SolarProjectSerializer.cs(53,12): error CS0246: The type or namespace name 'List<>' could not be found (are you missing a using directive or an assembly reference?)

Assets\SolarSim\Runtime\Domain\Equipment\ElectricalEquipmentInstance.cs(18,22): error CS0246: The type or namespace name 'List<>' could not be found (are you missing a using directive or an assembly reference?)

Assets\SolarSim\Runtime\Application\Project\SolarProject.cs(16,26): error CS0066: 'SelectionService.SelectionChanged': event must be of a delegate type

Assets\SolarSim\Runtime\Domain\Electrical\ElectricalGraph.cs(354,49): error CS0246: The type or namespace name 'Guid' could not be found (are you missing a using directive or an assembly reference?)

Assets\SolarSim\Runtime\Domain\Electrical\ElectricalGraph.cs(354,13): error CS0246: The type or namespace name 'IEnumerable<>' could not be found (are you missing a using directive or an assembly reference?)

Assets\SolarSim\Runtime\Domain\Electrical\ElectricalGraph.cs(354,25): error CS0246: The type or namespace name 'Guid' could not be found (are you missing a using directive or an assembly reference?)

Assets\SolarSim\Runtime\Domain\Equipment\ElectricalEquipmentInstance.cs(34,9): error CS0246: The type or namespace name 'Guid' could not be found (are you missing a using directive or an assembly reference?)

Assets\SolarSim\Runtime\Domain\Equipment\ElectricalEquipmentInstance.cs(42,9): error CS0246: The type or namespace name 'List<>' could not be found (are you missing a using directive or an assembly reference?)

Assets\SolarSim\Runtime\Domain\Equipment\ElectricalEquipmentInstance.cs(43,32): warning CS8632: The annotation for nullable reference types should only be used in code within a '#nullable' annotations context.

Assets\SolarSim\Runtime\Domain\Electrical\ElectricalGraph.cs(35,22): error CS0246: The type or namespace name 'Dictionary<,>' could not be found (are you missing a using directive or an assembly reference?)

Assets\SolarSim\Runtime\Domain\Electrical\ElectricalGraph.cs(35,33): error CS0246: The type or namespace name 'Guid' could not be found (are you missing a using directive or an assembly reference?)

Assets\SolarSim\Runtime\Domain\Electrical\ElectricalGraph.cs(36,22): error CS0246: The type or namespace name 'Dictionary<,>' could not be found (are you missing a using directive or an assembly reference?)

Assets\SolarSim\Runtime\Domain\Electrical\ElectricalGraph.cs(36,33): error CS0246: The type or namespace name 'Guid' could not be found (are you missing a using directive or an assembly reference?)

Assets\SolarSim\Runtime\Domain\Electrical\ElectricalGraph.cs(37,22): error CS0246: The type or namespace name 'Dictionary<,>' could not be found (are you missing a using directive or an assembly reference?)

Assets\SolarSim\Runtime\Domain\Electrical\ElectricalGraph.cs(37,33): error CS0246: The type or namespace name 'Guid' could not be found (are you missing a using directive or an assembly reference?)

Assets\SolarSim\Runtime\Domain\Electrical\ElectricalGraph.cs(38,22): error CS0246: The type or namespace name 'Dictionary<,>' could not be found (are you missing a using directive or an assembly reference?)

Assets\SolarSim\Runtime\Domain\Electrical\ElectricalGraph.cs(38,33): error CS0246: The type or namespace name 'Guid' could not be found (are you missing a using directive or an assembly reference?)

Assets\SolarSim\Runtime\Domain\Electrical\ElectricalGraph.cs(39,22): error CS0246: The type or namespace name 'List<>' could not be found (are you missing a using directive or an assembly reference?)

Assets\SolarSim\Runtime\Domain\Electrical\ElectricalGraph.cs(40,22): error CS0246: The type or namespace name 'Dictionary<,>' could not be found (are you missing a using directive or an assembly reference?)

Assets\SolarSim\Runtime\Domain\Electrical\ElectricalGraph.cs(40,41): error CS0246: The type or namespace name 'Guid' could not be found (are you missing a using directive or an assembly reference?)
*** Tundra build failed (2.35 seconds), 28 items updated, 254 evaluated
## Script Compilation Error for: Csc Library/Bee/artifacts/1900b0aE.dag/SolarSim.Runtime.dll (+2 others)
## CmdLine: "C:\Program Files\Unity\Hub\Editor\6000.5.5f1\Editor\Data\DotNetSdk\dotnet.exe" exec "C:/Program Files/Unity/Hub/Editor/6000.5.5f1/Editor/Data/DotNetSdk/sdk/8.0.318/Roslyn/bincore/csc.dll" /nostdlib /noconfig /shared "@Library/Bee/artifacts/1900b0aE.dag/SolarSim.Runtime.rsp" "@Library/Bee/artifacts/1900b0aE.dag/SolarSim.Runtime.rsp2"
## Output:
Assets\SolarSim\Runtime\Application\Commands\CommandHistory.cs(1,1): error CS8773: Feature 'file-scoped namespace' is not available in C# 9.0. Please use language version 10.0 or greater.
Assets\SolarSim\Runtime\Application\Commands\ProjectCommands.cs(6,1): error CS8773: Feature 'file-scoped namespace' is not available in C# 9.0. Please use language version 10.0 or greater.
Assets\SolarSim\Runtime\Application\Equipment\CustomPanelFactory.cs(3,1): error CS8773: Feature 'file-scoped namespace' is not available in C# 9.0. Please use language version 10.0 or greater.
Assets\SolarSim\Runtime\Application\Events\ProjectEvents.cs(1,1): error CS8773: Feature 'file-scoped namespace' is not available in C# 9.0. Please use language version 10.0 or greater.
Assets\SolarSim\Runtime\Application\Project\SolarProject.cs(6,1): error CS8773: Feature 'file-scoped namespace' is not available in C# 9.0. Please use language version 10.0 or greater.
Assets\SolarSim\Runtime\Application\Serialization\SolarProjectSerializer.cs(8,1): error CS8773: Feature 'file-scoped namespace' is not available in C# 9.0. Please use language version 10.0 or greater.
Assets\SolarSim\Runtime\Application\Units\UnitConversionService.cs(1,1): error CS8773: Feature 'file-scoped namespace' is not available in C# 9.0. Please use language version 10.0 or greater.
Assets\SolarSim\Runtime\Domain\Electrical\BomScheduleService.cs(4,1): error CS8773: Feature 'file-scoped namespace' is not available in C# 9.0. Please use language version 10.0 or greater.
Assets\SolarSim\Runtime\Domain\Electrical\ConnectionValidator.cs(1,1): error CS8773: Feature 'file-scoped namespace' is not available in C# 9.0. Please use language version 10.0 or greater.
Assets\SolarSim\Runtime\Domain\Electrical\ElectricalCalculationService.cs(3,1): error CS8773: Feature 'file-scoped namespace' is not available in C# 9.0. Please use language version 10.0 or greater.
Assets\SolarSim\Runtime\Domain\Electrical\ElectricalConnection.cs(3,1): error CS8773: Feature 'file-scoped namespace' is not available in C# 9.0. Please use language version 10.0 or greater.
Assets\SolarSim\Runtime\Domain\Electrical\ElectricalGraph.cs(3,1): error CS8773: Feature 'file-scoped namespace' is not available in C# 9.0. Please use language version 10.0 or greater.
Assets\SolarSim\Runtime\Domain\Electrical\ElectricalPort.cs(1,1): error CS8773: Feature 'file-scoped namespace' is not available in C# 9.0. Please use language version 10.0 or greater.
Assets\SolarSim\Runtime\Domain\Electrical\Enums.cs(1,1): error CS8773: Feature 'file-scoped namespace' is not available in C# 9.0. Please use language version 10.0 or greater.
Assets\SolarSim\Runtime\Domain\Electrical\MpptCompatibilityService.cs(3,1): error CS8773: Feature 'file-scoped namespace' is not available in C# 9.0. Please use language version 10.0 or greater.
Assets\SolarSim\Runtime\Domain\Electrical\SingleLineDiagramService.cs(3,1): error CS8773: Feature 'file-scoped namespace' is not available in C# 9.0. Please use language version 10.0 or greater.
Assets\SolarSim\Runtime\Domain\Electrical\SiteDesignConditions.cs(1,1): error CS8773: Feature 'file-scoped namespace' is not available in C# 9.0. Please use language version 10.0 or greater.
Assets\SolarSim\Runtime\Domain\Electrical\StringSizingService.cs(3,1): error CS8773: Feature 'file-scoped namespace' is not available in C# 9.0. Please use language version 10.0 or greater.
Assets\SolarSim\Runtime\Domain\Electrical\TemperatureDeratingService.cs(3,1): error CS8773: Feature 'file-scoped namespace' is not available in C# 9.0. Please use language version 10.0 or greater.
Assets\SolarSim\Runtime\Domain\Electrical\VoltageDropCalculator.cs(1,1): error CS8773: Feature 'file-scoped namespace' is not available in C# 9.0. Please use language version 10.0 or greater.
Assets\SolarSim\Runtime\Domain\Electrical\WireRouting.cs(3,1): error CS8773: Feature 'file-scoped namespace' is not available in C# 9.0. Please use language version 10.0 or greater.
Assets\SolarSim\Runtime\Domain\Equipment\ElectricalEquipmentInstance.cs(3,1): error CS8773: Feature 'file-scoped namespace' is not available in C# 9.0. Please use language version 10.0 or greater.
Assets\SolarSim\Runtime\Domain\Equipment\InverterDefinition.cs(1,1): error CS8773: Feature 'file-scoped namespace' is not available in C# 9.0. Please use language version 10.0 or greater.
Assets\SolarSim\Runtime\Domain\Equipment\SolarPanelDefinition.cs(1,1): error CS8773: Feature 'file-scoped namespace' is not available in C# 9.0. Please use language version 10.0 or greater.
Assets\SolarSim\Runtime\Domain\Equipment\SolarPanelInstance.cs(3,1): error CS8773: Feature 'file-scoped namespace' is not available in C# 9.0. Please use language version 10.0 or greater.
Assets\SolarSim\Runtime\Domain\Roof\RackingLayoutService.cs(3,1): error CS8773: Feature 'file-scoped namespace' is not available in C# 9.0. Please use language version 10.0 or greater.
Assets\SolarSim\Runtime\Domain\Roof\RackingParameters.cs(1,1): error CS8773: Feature 'file-scoped namespace' is not available in C# 9.0. Please use language version 10.0 or greater.
Assets\SolarSim\Runtime\Domain\Roof\RoofDocument.cs(1,1): error CS8773: Feature 'file-scoped namespace' is not available in C# 9.0. Please use language version 10.0 or greater.
Assets\SolarSim\Runtime\Domain\Roof\RoofGeometry.cs(1,1): error CS8773: Feature 'file-scoped namespace' is not available in C# 9.0. Please use language version 10.0 or greater.
Assets\SolarSim\Runtime\Domain\Roof\RoofSurface.cs(1,1): error CS8773: Feature 'file-scoped namespace' is not available in C# 9.0. Please use language version 10.0 or greater.
Assets\SolarSim\Runtime\Domain\Electrical\VoltageDropCalculator.cs(59,24): error CS8773: Feature 'record structs' is not available in C# 9.0. Please use language version 10.0 or greater.
Assets\SolarSim\Runtime\Domain\Roof\RoofGeometry.cs(301,24): error CS8773: Feature 'record structs' is not available in C# 9.0. Please use language version 10.0 or greater.
Assets\SolarSim\Runtime\Domain\Roof\RoofSurface.cs(3,24): error CS8773: Feature 'record structs' is not available in C# 9.0. Please use language version 10.0 or greater.
Assets\SolarSim\Runtime\Application\Events\ProjectEvents.cs(8,33): error CS0518: Predefined type 'System.Runtime.CompilerServices.IsExternalInit' is not defined or imported
Assets\SolarSim\Runtime\Application\Commands\CommandHistory.cs(25,18): error CS0246: The type or namespace name 'Action' could not be found (are you missing a using directive or an assembly reference?)
Assets\SolarSim\Runtime\Domain\Electrical\BomScheduleService.cs(8,35): error CS0518: Predefined type 'System.Runtime.CompilerServices.IsExternalInit' is not defined or imported
Assets\SolarSim\Runtime\Application\Equipment\CustomPanelFactory.cs(23,19): error CS0246: The type or namespace name 'IReadOnlyList<>' could not be found (are you missing a using directive or an assembly reference?)
Assets\SolarSim\Runtime\Domain\Electrical\BomScheduleService.cs(9,38): error CS0518: Predefined type 'System.Runtime.CompilerServices.IsExternalInit' is not defined or imported
Assets\SolarSim\Runtime\Domain\Electrical\BomScheduleService.cs(10,32): error CS0518: Predefined type 'System.Runtime.CompilerServices.IsExternalInit' is not defined or imported
Assets\SolarSim\Runtime\Application\Events\ProjectEvents.cs(13,12): error CS0246: The type or namespace name 'IReadOnlyList<>' could not be found (are you missing a using directive or an assembly reference?)
Assets\SolarSim\Runtime\Application\Events\ProjectEvents.cs(13,26): error CS0246: The type or namespace name 'Guid' could not be found (are you missing a using directive or an assembly reference?)
Assets\SolarSim\Runtime\Domain\Electrical\BomScheduleService.cs(11,31): error CS0518: Predefined type 'System.Runtime.CompilerServices.IsExternalInit' is not defined or imported
Assets\SolarSim\Runtime\Application\Events\ProjectEvents.cs(13,60): error CS0518: Predefined type 'System.Runtime.CompilerServices.IsExternalInit' is not defined or imported
Assets\SolarSim\Runtime\Domain\Equipment\InverterDefinition.cs(89,12): error CS0246: The type or namespace name 'Guid' could not be found (are you missing a using directive or an assembly reference?)
Assets\SolarSim\Runtime\Domain\Electrical\BomScheduleService.cs(12,41): error CS0518: Predefined type 'System.Runtime.CompilerServices.IsExternalInit' is not defined or imported
Assets\SolarSim\Runtime\Application\Commands\CommandHistory.cs(23,12): error CS0246: The type or namespace name 'IReadOnlyList<>' could not be found (are you missing a using directive or an assembly reference?)
Assets\SolarSim\Runtime\Domain\Electrical\BomScheduleService.cs(13,18): warning CS8632: The annotation for nullable reference types should only be used in code within a '#nullable' annotations context.
Assets\SolarSim\Runtime\Domain\Roof\RackingLayoutService.cs(7,12): error CS0246: The type or namespace name 'IReadOnlyList<>' could not be found (are you missing a using directive or an assembly reference?)
Assets\SolarSim\Runtime\Domain\Electrical\BomScheduleService.cs(13,33): error CS0518: Predefined type 'System.Runtime.CompilerServices.IsExternalInit' is not defined or imported
Assets\SolarSim\Runtime\Domain\Roof\RackingLayoutService.cs(7,60): error CS0518: Predefined type 'System.Runtime.CompilerServices.IsExternalInit' is not defined or imported
Assets\SolarSim\Runtime\Domain\Roof\RackingLayoutService.cs(8,44): error CS0518: Predefined type 'System.Runtime.CompilerServices.IsExternalInit' is not defined or imported
Assets\SolarSim\Runtime\Domain\Equipment\SolarPanelDefinition.cs(8,12): error CS0246: The type or namespace name 'Guid' could not be found (are you missing a using directive or an assembly reference?)
Assets\SolarSim\Runtime\Domain\Roof\RackingLayoutService.cs(9,33): error CS0518: Predefined type 'System.Runtime.CompilerServices.IsExternalInit' is not defined or imported
Assets\SolarSim\Runtime\Application\Project\SolarProject.cs(16,18): error CS0246: The type or namespace name 'Action' could not be found (are you missing a using directive or an assembly reference?)
Assets\SolarSim\Runtime\Application\Events\ProjectEvents.cs(14,12): error CS0246: The type or namespace name 'IReadOnlyList<>' could not be found (are you missing a using directive or an assembly reference?)
Assets\SolarSim\Runtime\Application\Events\ProjectEvents.cs(14,26): error CS0246: The type or namespace name 'Guid' could not be found (are you missing a using directive or an assembly reference?)
Assets\SolarSim\Runtime\Domain\Equipment\InverterDefinition.cs(8,12): error CS0246: The type or namespace name 'Guid' could not be found (are you missing a using directive or an assembly reference?)
Assets\SolarSim\Runtime\Application\Events\ProjectEvents.cs(14,61): error CS0518: Predefined type 'System.Runtime.CompilerServices.IsExternalInit' is not defined or imported
Assets\SolarSim\Runtime\Domain\Roof\RackingLayoutService.cs(11,37): error CS0518: Predefined type 'System.Runtime.CompilerServices.IsExternalInit' is not defined or imported
Assets\SolarSim\Runtime\Domain\Roof\RackingLayoutService.cs(12,37): error CS0518: Predefined type 'System.Runtime.CompilerServices.IsExternalInit' is not defined or imported
Assets\SolarSim\Runtime\Domain\Roof\RackingLayoutService.cs(13,32): error CS0518: Predefined type 'System.Runtime.CompilerServices.IsExternalInit' is not defined or imported
Assets\SolarSim\Runtime\Application\Commands\CommandHistory.cs(12,22): error CS0246: The type or namespace name 'List<>' could not be found (are you missing a using directive or an assembly reference?)
Assets\SolarSim\Runtime\Domain\Electrical\BomScheduleService.cs(18,12): error CS0246: The type or namespace name 'IReadOnlyList<>' could not be found (are you missing a using directive or an assembly reference?)
Assets\SolarSim\Runtime\Domain\Electrical\BomScheduleService.cs(18,52): error CS0518: Predefined type 'System.Runtime.CompilerServices.IsExternalInit' is not defined or imported
Assets\SolarSim\Runtime\Domain\Electrical\BomScheduleService.cs(19,34): error CS0518: Predefined type 'System.Runtime.CompilerServices.IsExternalInit' is not defined or imported
Assets\SolarSim\Runtime\Domain\Electrical\BomScheduleService.cs(20,39): error CS0518: Predefined type 'System.Runtime.CompilerServices.IsExternalInit' is not defined or imported
Assets\SolarSim\Runtime\Domain\Equipment\SolarPanelInstance.cs(10,12): error CS0246: The type or namespace name 'Guid' could not be found (are you missing a using directive or an assembly reference?)
Assets\SolarSim\Runtime\Domain\Electrical\BomScheduleService.cs(21,36): error CS0518: Predefined type 'System.Runtime.CompilerServices.IsExternalInit' is not defined or imported
Assets\SolarSim\Runtime\Application\Commands\CommandHistory.cs(13,22): error CS0246: The type or namespace name 'List<>' could not be found (are you missing a using directive or an assembly reference?)
Assets\SolarSim\Runtime\Domain\Electrical\BomScheduleService.cs(22,44): error CS0518: Predefined type 'System.Runtime.CompilerServices.IsExternalInit' is not defined or imported
Assets\SolarSim\Runtime\Domain\Electrical\BomScheduleService.cs(55,9): error CS0246: The type or namespace name 'IReadOnlyDictionary<,>' could not be found (are you missing a using directive or an assembly reference?)
Assets\SolarSim\Runtime\Domain\Electrical\BomScheduleService.cs(55,29): error CS0246: The type or namespace name 'Guid' could not be found (are you missing a using directive or an assembly reference?)
Assets\SolarSim\Runtime\Domain\Electrical\BomScheduleService.cs(56,28): warning CS8632: The annotation for nullable reference types should only be used in code within a '#nullable' annotations context.
Assets\SolarSim\Runtime\Application\Commands\CommandHistory.cs(25,26): error CS0066: 'CommandHistory.HistoryChanged': event must be of a delegate type
Assets\SolarSim\Runtime\Domain\Electrical\ConnectionValidator.cs(29,12): error CS0246: The type or namespace name 'List<>' could not be found (are you missing a using directive or an assembly reference?)
Assets\SolarSim\Runtime\Domain\Equipment\SolarPanelInstance.cs(11,12): error CS0246: The type or namespace name 'Guid' could not be found (are you missing a using directive or an assembly reference?)
Assets\SolarSim\Runtime\Domain\Equipment\InverterDefinition.cs(79,19): error CS0246: The type or namespace name 'IReadOnlyList<>' could not be found (are you missing a using directive or an assembly reference?)
Assets\SolarSim\Runtime\Domain\Equipment\SolarPanelDefinition.cs(24,18): warning CS8632: The annotation for nullable reference types should only be used in code within a '#nullable' annotations context.
Assets\SolarSim\Runtime\Application\Commands\ProjectCommands.cs(111,22): error CS0246: The type or namespace name 'Guid' could not be found (are you missing a using directive or an assembly reference?)
Assets\SolarSim\Runtime\Domain\Electrical\ConnectionValidator.cs(30,12): error CS0246: The type or namespace name 'List<>' could not be found (are you missing a using directive or an assembly reference?)
Assets\SolarSim\Runtime\Domain\Roof\RackingLayoutService.cs(145,29): error CS8773: Feature 'record structs' is not available in C# 9.0. Please use language version 10.0 or greater.
Assets\SolarSim\Runtime\Application\Commands\ProjectCommands.cs(151,22): error CS0246: The type or namespace name 'Guid' could not be found (are you missing a using directive or an assembly reference?)
Assets\SolarSim\Runtime\Domain\Electrical\ElectricalCalculationService.cs(42,35): error CS0518: Predefined type 'System.Runtime.CompilerServices.IsExternalInit' is not defined or imported
Assets\SolarSim\Runtime\Domain\Electrical\ConnectionValidator.cs(9,12): error CS0246: The type or namespace name 'IReadOnlyList<>' could not be found (are you missing a using directive or an assembly reference?)
Assets\SolarSim\Runtime\Domain\Electrical\ConnectionValidator.cs(9,26): error CS0246: The type or namespace name 'Guid' could not be found (are you missing a using directive or an assembly reference?)
Assets\SolarSim\Runtime\Domain\Electrical\ElectricalCalculationService.cs(43,39): error CS0518: Predefined type 'System.Runtime.CompilerServices.IsExternalInit' is not defined or imported
Assets\SolarSim\Runtime\Domain\Equipment\SolarPanelDefinition.cs(129,19): error CS0246: The type or namespace name 'IReadOnlyList<>' could not be found (are you missing a using directive or an assembly reference?)
Assets\SolarSim\Runtime\Domain\Electrical\ElectricalCalculationService.cs(44,41): error CS0518: Predefined type 'System.Runtime.CompilerServices.IsExternalInit' is not defined or imported
Assets\SolarSim\Runtime\Domain\Equipment\InverterDefinition.cs(21,9): error CS0246: The type or namespace name 'Guid' could not be found (are you missing a using directive or an assembly reference?)
Assets\SolarSim\Runtime\Domain\Electrical\ElectricalCalculationService.cs(45,35): error CS0518: Predefined type 'System.Runtime.CompilerServices.IsExternalInit' is not defined or imported
Assets\SolarSim\Runtime\Domain\Electrical\ElectricalCalculationService.cs(10,12): error CS0246: The type or namespace name 'Guid' could not be found (are you missing a using directive or an assembly reference?)
Assets\SolarSim\Runtime\Domain\Electrical\ElectricalCalculationService.cs(46,41): error CS0518: Predefined type 'System.Runtime.CompilerServices.IsExternalInit' is not defined or imported
Assets\SolarSim\Runtime\Domain\Electrical\ConnectionValidator.cs(32,76): error CS0246: The type or namespace name 'Guid' could not be found (are you missing a using directive or an assembly reference?)
Assets\SolarSim\Runtime\Application\Commands\ProjectCommands.cs(243,38): warning CS8632: The annotation for nullable reference types should only be used in code within a '#nullable' annotations context.
Assets\SolarSim\Runtime\Application\Project\SolarProject.cs(114,18): error CS0246: The type or namespace name 'Action<>' could not be found (are you missing a using directive or an assembly reference?)
Assets\SolarSim\Runtime\Application\Project\SolarProject.cs(115,18): error CS0246: The type or namespace name 'Action' could not be found (are you missing a using directive or an assembly reference?)
Assets\SolarSim\Runtime\Domain\Equipment\InverterDefinition.cs(99,9): error CS0246: The type or namespace name 'Guid' could not be found (are you missing a using directive or an assembly reference?)
Assets\SolarSim\Runtime\Domain\Equipment\SolarPanelInstance.cs(56,12): error CS0246: The type or namespace name 'IReadOnlyList<>' could not be found (are you missing a using directive or an assembly reference?)
Assets\SolarSim\Runtime\Domain\Electrical\ElectricalCalculationService.cs(26,12): error CS0246: The type or namespace name 'Guid' could not be found (are you missing a using directive or an assembly reference?)
Assets\SolarSim\Runtime\Domain\Electrical\ConnectionValidator.cs(35,78): error CS0246: The type or namespace name 'Guid' could not be found (are you missing a using directive or an assembly reference?)
Assets\SolarSim\Runtime\Domain\Electrical\ElectricalCalculationService.cs(26,33): error CS0518: Predefined type 'System.Runtime.CompilerServices.IsExternalInit' is not defined or imported
Assets\SolarSim\Runtime\Domain\Electrical\ElectricalCalculationService.cs(27,38): error CS0518: Predefined type 'System.Runtime.CompilerServices.IsExternalInit' is not defined or imported
Assets\SolarSim\Runtime\Domain\Electrical\ElectricalCalculationService.cs(28,34): error CS0518: Predefined type 'System.Runtime.CompilerServices.IsExternalInit' is not defined or imported
Assets\SolarSim\Runtime\Domain\Equipment\SolarPanelDefinition.cs(28,9): error CS0246: The type or namespace name 'Guid' could not be found (are you missing a using directive or an assembly reference?)
Assets\SolarSim\Runtime\Domain\Equipment\SolarPanelDefinition.cs(44,15): warning CS8632: The annotation for nullable reference types should only be used in code within a '#nullable' annotations context.
Assets\SolarSim\Runtime\Domain\Electrical\ElectricalCalculationService.cs(29,41): error CS0518: Predefined type 'System.Runtime.CompilerServices.IsExternalInit' is not defined or imported
Assets\SolarSim\Runtime\Domain\Electrical\ConnectionValidator.cs(16,9): error CS0246: The type or namespace name 'IEnumerable<>' could not be found (are you missing a using directive or an assembly reference?)
Assets\SolarSim\Runtime\Domain\Electrical\ConnectionValidator.cs(16,21): error CS0246: The type or namespace name 'Guid' could not be found (are you missing a using directive or an assembly reference?)
Assets\SolarSim\Runtime\Domain\Electrical\ElectricalCalculationService.cs(47,12): error CS0246: The type or namespace name 'IReadOnlyList<>' could not be found (are you missing a using directive or an assembly reference?)
Assets\SolarSim\Runtime\Domain\Electrical\ElectricalCalculationService.cs(30,35): error CS0518: Predefined type 'System.Runtime.CompilerServices.IsExternalInit' is not defined or imported
Assets\SolarSim\Runtime\Domain\Electrical\ElectricalCalculationService.cs(47,66): error CS0518: Predefined type 'System.Runtime.CompilerServices.IsExternalInit' is not defined or imported
Assets\SolarSim\Runtime\Application\Serialization\SolarProjectSerializer.cs(16,12): error CS0246: The type or namespace name 'Guid' could not be found (are you missing a using directive or an assembly reference?)
Assets\SolarSim\Runtime\Domain\Electrical\ElectricalCalculationService.cs(31,35): error CS0518: Predefined type 'System.Runtime.CompilerServices.IsExternalInit' is not defined or imported
Assets\SolarSim\Runtime\Domain\Electrical\ElectricalCalculationService.cs(32,34): error CS0518: Predefined type 'System.Runtime.CompilerServices.IsExternalInit' is not defined or imported
Assets\SolarSim\Runtime\Domain\Electrical\ElectricalCalculationService.cs(33,34): error CS0518: Predefined type 'System.Runtime.CompilerServices.IsExternalInit' is not defined or imported
Assets\SolarSim\Runtime\Domain\Electrical\ElectricalCalculationService.cs(34,44): error CS0518: Predefined type 'System.Runtime.CompilerServices.IsExternalInit' is not defined or imported
Assets\SolarSim\Runtime\Domain\Electrical\ElectricalCalculationService.cs(35,37): error CS0518: Predefined type 'System.Runtime.CompilerServices.IsExternalInit' is not defined or imported
Assets\SolarSim\Runtime\Application\Commands\ProjectCommands.cs(155,53): error CS0246: The type or namespace name 'Guid' could not be found (are you missing a using directive or an assembly reference?)
Assets\SolarSim\Runtime\Application\Commands\ProjectCommands.cs(119,9): error CS0246: The type or namespace name 'Guid' could not be found (are you missing a using directive or an assembly reference?)
Assets\SolarSim\Runtime\Domain\Equipment\SolarPanelInstance.cs(70,33): error CS0246: The type or namespace name 'Guid' could not be found (are you missing a using directive or an assembly reference?)
Assets\SolarSim\Runtime\Domain\Electrical\ElectricalCalculationService.cs(12,12): error CS0246: The type or namespace name 'IReadOnlyList<>' could not be found (are you missing a using directive or an assembly reference?)
Assets\SolarSim\Runtime\Domain\Electrical\ElectricalCalculationService.cs(12,26): error CS0246: The type or namespace name 'Guid' could not be found (are you missing a using directive or an assembly reference?)
Assets\SolarSim\Runtime\Application\Commands\ProjectCommands.cs(192,12): error CS0246: The type or namespace name 'Guid' could not be found (are you missing a using directive or an assembly reference?)
Assets\SolarSim\Runtime\Application\Commands\ProjectCommands.cs(244,12): error CS0246: The type or namespace name 'Guid' could not be found (are you missing a using directive or an assembly reference?)
Assets\SolarSim\Runtime\Application\Serialization\SolarProjectSerializer.cs(71,12): error CS0246: The type or namespace name 'Guid' could not be found (are you missing a using directive or an assembly reference?)
Assets\SolarSim\Runtime\Domain\Electrical\ElectricalCalculationService.cs(48,12): error CS0246: The type or namespace name 'IReadOnlyList<>' could not be found (are you missing a using directive or an assembly reference?)
Assets\SolarSim\Runtime\Domain\Electrical\ElectricalCalculationService.cs(48,59): error CS0518: Predefined type 'System.Runtime.CompilerServices.IsExternalInit' is not defined or imported
Assets\SolarSim\Runtime\Domain\Roof\RackingLayoutService.cs(23,9): error CS0246: The type or namespace name 'IReadOnlyList<>' could not be found (are you missing a using directive or an assembly reference?)
Assets\SolarSim\Runtime\Domain\Roof\RackingLayoutService.cs(24,9): error CS0246: The type or namespace name 'IReadOnlyDictionary<,>' could not be found (are you missing a using directive or an assembly reference?)
Assets\SolarSim\Runtime\Domain\Roof\RackingLayoutService.cs(24,29): error CS0246: The type or namespace name 'Guid' could not be found (are you missing a using directive or an assembly reference?)
Assets\SolarSim\Runtime\Domain\Electrical\ElectricalConnection.cs(10,12): error CS0246: The type or namespace name 'Guid' could not be found (are you missing a using directive or an assembly reference?)
Assets\SolarSim\Runtime\Domain\Electrical\ElectricalCalculationService.cs(36,12): error CS0246: The type or namespace name 'IReadOnlyList<>' could not be found (are you missing a using directive or an assembly reference?)
Assets\SolarSim\Runtime\Domain\Electrical\ElectricalCalculationService.cs(36,59): error CS0518: Predefined type 'System.Runtime.CompilerServices.IsExternalInit' is not defined or imported
Assets\SolarSim\Runtime\Domain\Equipment\SolarPanelInstance.cs(72,35): error CS0246: The type or namespace name 'Guid' could not be found (are you missing a using directive or an assembly reference?)
Assets\SolarSim\Runtime\Application\Project\SolarProject.cs(96,12): error CS0246: The type or namespace name 'Guid' could not be found (are you missing a using directive or an assembly reference?)
Assets\SolarSim\Runtime\Application\Project\SolarProject.cs(13,12): error CS0246: The type or namespace name 'IReadOnlyCollection<>' could not be found (are you missing a using directive or an assembly reference?)
Assets\SolarSim\Runtime\Application\Project\SolarProject.cs(13,32): error CS0246: The type or namespace name 'Guid' could not be found (are you missing a using directive or an assembly reference?)
Assets\SolarSim\Runtime\Application\Project\SolarProject.cs(98,18): warning CS8632: The annotation for nullable reference types should only be used in code within a '#nullable' annotations context.
Assets\SolarSim\Runtime\Domain\Electrical\ElectricalCalculationService.cs(49,12): error CS0246: The type or namespace name 'IReadOnlyList<>' could not be found (are you missing a using directive or an assembly reference?)
Assets\SolarSim\Runtime\Domain\Electrical\ElectricalConnection.cs(11,12): error CS0246: The type or namespace name 'Guid' could not be found (are you missing a using directive or an assembly reference?)
Assets\SolarSim\Runtime\Domain\Electrical\ElectricalCalculationService.cs(49,57): error CS0518: Predefined type 'System.Runtime.CompilerServices.IsExternalInit' is not defined or imported
Assets\SolarSim\Runtime\Domain\Electrical\ElectricalCalculationService.cs(37,12): error CS0246: The type or namespace name 'IReadOnlyList<>' could not be found (are you missing a using directive or an assembly reference?)
Assets\SolarSim\Runtime\Domain\Electrical\ElectricalPort.cs(5,5): error CS0246: The type or namespace name 'Guid' could not be found (are you missing a using directive or an assembly reference?)
Assets\SolarSim\Runtime\Domain\Electrical\ElectricalCalculationService.cs(37,57): error CS0518: Predefined type 'System.Runtime.CompilerServices.IsExternalInit' is not defined or imported
Assets\SolarSim\Runtime\Application\Serialization\SolarProjectSerializer.cs(84,12): error CS0246: The type or namespace name 'Guid' could not be found (are you missing a using directive or an assembly reference?)
Assets\SolarSim\Runtime\Domain\Electrical\ElectricalConnection.cs(55,12): error CS0246: The type or namespace name 'List<>' could not be found (are you missing a using directive or an assembly reference?)
Assets\SolarSim\Runtime\Domain\Electrical\ElectricalCalculationService.cs(71,9): error CS0246: The type or namespace name 'IReadOnlyDictionary<,>' could not be found (are you missing a using directive or an assembly reference?)
Assets\SolarSim\Runtime\Domain\Electrical\ElectricalCalculationService.cs(71,29): error CS0246: The type or namespace name 'Guid' could not be found (are you missing a using directive or an assembly reference?)
Assets\SolarSim\Runtime\Domain\Electrical\ElectricalCalculationService.cs(72,9): error CS0246: The type or namespace name 'IReadOnlyDictionary<,>' could not be found (are you missing a using directive or an assembly reference?)
Assets\SolarSim\Runtime\Domain\Electrical\ElectricalCalculationService.cs(72,29): error CS0246: The type or namespace name 'Guid' could not be found (are you missing a using directive or an assembly reference?)
Assets\SolarSim\Runtime\Domain\Roof\RackingLayoutService.cs(94,20): error CS0246: The type or namespace name 'List<>' could not be found (are you missing a using directive or an assembly reference?)
Assets\SolarSim\Runtime\Domain\Electrical\ElectricalCalculationService.cs(56,9): error CS0246: The type or namespace name 'IReadOnlyDictionary<,>' could not be found (are you missing a using directive or an assembly reference?)
Assets\SolarSim\Runtime\Domain\Electrical\ElectricalCalculationService.cs(56,29): error CS0246: The type or namespace name 'Guid' could not be found (are you missing a using directive or an assembly reference?)
Assets\SolarSim\Runtime\Domain\Electrical\ElectricalCalculationService.cs(57,9): error CS0246: The type or namespace name 'IReadOnlyDictionary<,>' could not be found (are you missing a using directive or an assembly reference?)
Assets\SolarSim\Runtime\Domain\Electrical\ElectricalCalculationService.cs(57,29): error CS0246: The type or namespace name 'Guid' could not be found (are you missing a using directive or an assembly reference?)
Assets\SolarSim\Runtime\Domain\Electrical\ElectricalPort.cs(6,5): error CS0246: The type or namespace name 'IReadOnlyList<>' could not be found (are you missing a using directive or an assembly reference?)
Assets\SolarSim\Runtime\Domain\Electrical\ElectricalConnection.cs(12,12): error CS0246: The type or namespace name 'Guid' could not be found (are you missing a using directive or an assembly reference?)
Assets\SolarSim\Runtime\Application\Commands\ProjectCommands.cs(181,22): error CS0246: The type or namespace name 'Guid' could not be found (are you missing a using directive or an assembly reference?)
Assets\SolarSim\Runtime\Application\Serialization\SolarProjectSerializer.cs(22,12): error CS0246: The type or namespace name 'List<>' could not be found (are you missing a using directive or an assembly reference?)
Assets\SolarSim\Runtime\Domain\Electrical\ElectricalCalculationService.cs(14,21): error CS0246: The type or namespace name 'Guid' could not be found (are you missing a using directive or an assembly reference?)
Assets\SolarSim\Runtime\Domain\Electrical\ElectricalCalculationService.cs(14,50): error CS0246: The type or namespace name 'IReadOnlyList<>' could not be found (are you missing a using directive or an assembly reference?)
Assets\SolarSim\Runtime\Domain\Electrical\ElectricalCalculationService.cs(14,64): error CS0246: The type or namespace name 'Guid' could not be found (are you missing a using directive or an assembly reference?)
Assets\SolarSim\Runtime\Application\Commands\ProjectCommands.cs(183,31): warning CS8632: The annotation for nullable reference types should only be used in code within a '#nullable' annotations context.
Assets\SolarSim\Runtime\Application\Commands\ProjectCommands.cs(229,22): error CS0246: The type or namespace name 'Guid' could not be found (are you missing a using directive or an assembly reference?)
Assets\SolarSim\Runtime\Application\Commands\ProjectCommands.cs(278,22): error CS0246: The type or namespace name 'Guid' could not be found (are you missing a using directive or an assembly reference?)
Assets\SolarSim\Runtime\Application\Commands\ProjectCommands.cs(279,33): warning CS8632: The annotation for nullable reference types should only be used in code within a '#nullable' annotations context.
Assets\SolarSim\Runtime\Domain\Electrical\ElectricalConnection.cs(30,30): error CS0246: The type or namespace name 'Guid' could not be found (are you missing a using directive or an assembly reference?)
Assets\SolarSim\Runtime\Application\Commands\ProjectCommands.cs(325,22): error CS0246: The type or namespace name 'Guid' could not be found (are you missing a using directive or an assembly reference?)
Assets\SolarSim\Runtime\Application\Serialization\SolarProjectSerializer.cs(78,12): error CS0246: The type or namespace name 'List<>' could not be found (are you missing a using directive or an assembly reference?)
Assets\SolarSim\Runtime\Application\Serialization\SolarProjectSerializer.cs(79,28): warning CS8632: The annotation for nullable reference types should only be used in code within a '#nullable' annotations context.
Assets\SolarSim\Runtime\Domain\Electrical\ElectricalPort.cs(11,12): error CS0246: The type or namespace name 'Guid' could not be found (are you missing a using directive or an assembly reference?)
Assets\SolarSim\Runtime\Domain\Electrical\ElectricalGraph.cs(7,5): error CS0246: The type or namespace name 'IReadOnlyDictionary<,>' could not be found (are you missing a using directive or an assembly reference?)
Assets\SolarSim\Runtime\Domain\Electrical\ElectricalGraph.cs(7,25): error CS0246: The type or namespace name 'Guid' could not be found (are you missing a using directive or an assembly reference?)
Assets\SolarSim\Runtime\Application\Serialization\SolarProjectSerializer.cs(96,12): error CS0246: The type or namespace name 'Guid' could not be found (are you missing a using directive or an assembly reference?)
Assets\SolarSim\Runtime\Application\Commands\ProjectCommands.cs(230,22): error CS0246: The type or namespace name 'Guid' could not be found (are you missing a using directive or an assembly reference?)
Assets\SolarSim\Runtime\Domain\Equipment\SolarPanelInstance.cs(20,9): error CS0246: The type or namespace name 'Guid' could not be found (are you missing a using directive or an assembly reference?)
Assets\SolarSim\Runtime\Domain\Equipment\SolarPanelInstance.cs(21,9): error CS0246: The type or namespace name 'Guid' could not be found (are you missing a using directive or an assembly reference?)
Assets\SolarSim\Runtime\Domain\Equipment\SolarPanelInstance.cs(26,23): warning CS8632: The annotation for nullable reference types should only be used in code within a '#nullable' annotations context.
Assets\SolarSim\Runtime\Domain\Equipment\SolarPanelInstance.cs(27,23): warning CS8632: The annotation for nullable reference types should only be used in code within a '#nullable' annotations context.
Assets\SolarSim\Runtime\Application\Commands\ProjectCommands.cs(185,56): error CS0246: The type or namespace name 'Guid' could not be found (are you missing a using directive or an assembly reference?)
Assets\SolarSim\Runtime\Domain\Electrical\ElectricalConnection.cs(32,27): error CS0246: The type or namespace name 'Guid' could not be found (are you missing a using directive or an assembly reference?)
Assets\SolarSim\Runtime\Domain\Electrical\ElectricalConnection.cs(32,12): error CS0246: The type or namespace name 'Guid' could not be found (are you missing a using directive or an assembly reference?)
Assets\SolarSim\Runtime\Domain\Electrical\ElectricalPort.cs(12,12): error CS0246: The type or namespace name 'Guid' could not be found (are you missing a using directive or an assembly reference?)
Assets\SolarSim\Runtime\Domain\Roof\RackingLayoutService.cs(119,61): error CS0246: The type or namespace name 'List<>' could not be found (are you missing a using directive or an assembly reference?)
Assets\SolarSim\Runtime\Domain\Roof\RackingLayoutService.cs(119,20): error CS0246: The type or namespace name 'List<>' could not be found (are you missing a using directive or an assembly reference?)
Assets\SolarSim\Runtime\Domain\Roof\RackingLayoutService.cs(119,25): error CS0246: The type or namespace name 'List<>' could not be found (are you missing a using directive or an assembly reference?)
Assets\SolarSim\Runtime\Application\Commands\ProjectCommands.cs(281,52): error CS0246: The type or namespace name 'Guid' could not be found (are you missing a using directive or an assembly reference?)
Assets\SolarSim\Runtime\Application\Project\SolarProject.cs(105,12): error CS0246: The type or namespace name 'Dictionary<,>' could not be found (are you missing a using directive or an assembly reference?)
Assets\SolarSim\Runtime\Application\Project\SolarProject.cs(105,23): error CS0246: The type or namespace name 'Guid' could not be found (are you missing a using directive or an assembly reference?)
Assets\SolarSim\Runtime\Application\Commands\ProjectCommands.cs(329,55): error CS0246: The type or namespace name 'Guid' could not be found (are you missing a using directive or an assembly reference?)
Assets\SolarSim\Runtime\Domain\Electrical\ElectricalGraph.cs(42,12): error CS0246: The type or namespace name 'IReadOnlyDictionary<,>' could not be found (are you missing a using directive or an assembly reference?)
Assets\SolarSim\Runtime\Domain\Electrical\ElectricalGraph.cs(42,32): error CS0246: The type or namespace name 'Guid' could not be found (are you missing a using directive or an assembly reference?)
Assets\SolarSim\Runtime\Domain\Electrical\ElectricalPort.cs(18,12): error CS0246: The type or namespace name 'Guid' could not be found (are you missing a using directive or an assembly reference?)
Assets\SolarSim\Runtime\Domain\Electrical\ElectricalCalculationService.cs(157,9): error CS0246: The type or namespace name 'IReadOnlyList<>' could not be found (are you missing a using directive or an assembly reference?)
Assets\SolarSim\Runtime\Domain\Electrical\ElectricalCalculationService.cs(158,9): error CS0246: The type or namespace name 'IReadOnlyDictionary<,>' could not be found (are you missing a using directive or an assembly reference?)
Assets\SolarSim\Runtime\Domain\Electrical\ElectricalCalculationService.cs(158,29): error CS0246: The type or namespace name 'Guid' could not be found (are you missing a using directive or an assembly reference?)
Assets\SolarSim\Runtime\Domain\Electrical\ElectricalCalculationService.cs(159,9): error CS0246: The type or namespace name 'IReadOnlyDictionary<,>' could not be found (are you missing a using directive or an assembly reference?)
Assets\SolarSim\Runtime\Domain\Electrical\ElectricalCalculationService.cs(159,29): error CS0246: The type or namespace name 'Guid' could not be found (are you missing a using directive or an assembly reference?)
Assets\SolarSim\Runtime\Application\Serialization\SolarProjectSerializer.cs(25,12): error CS0246: The type or namespace name 'List<>' could not be found (are you missing a using directive or an assembly reference?)
Assets\SolarSim\Runtime\Domain\Electrical\ElectricalGraph.cs(8,5): error CS0246: The type or namespace name 'IReadOnlyDictionary<,>' could not be found (are you missing a using directive or an assembly reference?)
Assets\SolarSim\Runtime\Domain\Electrical\ElectricalGraph.cs(8,25): error CS0246: The type or namespace name 'Guid' could not be found (are you missing a using directive or an assembly reference?)
Assets\SolarSim\Runtime\Application\Commands\ProjectCommands.cs(232,13): error CS0246: The type or namespace name 'Guid' could not be found (are you missing a using directive or an assembly reference?)
Assets\SolarSim\Runtime\Application\Commands\ProjectCommands.cs(233,39): warning CS8632: The annotation for nullable reference types should only be used in code within a '#nullable' annotations context.
Assets\SolarSim\Runtime\Domain\Electrical\ElectricalCalculationService.cs(60,9): error CS0246: The type or namespace name 'IReadOnlyList<>' could not be found (are you missing a using directive or an assembly reference?)
Assets\SolarSim\Runtime\Domain\Electrical\ElectricalCalculationService.cs(61,9): error CS0246: The type or namespace name 'IReadOnlyDictionary<,>' could not be found (are you missing a using directive or an assembly reference?)
Assets\SolarSim\Runtime\Domain\Electrical\ElectricalCalculationService.cs(61,29): error CS0246: The type or namespace name 'Guid' could not be found (are you missing a using directive or an assembly reference?)
Assets\SolarSim\Runtime\Domain\Electrical\ElectricalCalculationService.cs(62,9): error CS0246: The type or namespace name 'IReadOnlyDictionary<,>' could not be found (are you missing a using directive or an assembly reference?)
Assets\SolarSim\Runtime\Domain\Electrical\ElectricalCalculationService.cs(62,29): error CS0246: The type or namespace name 'Guid' could not be found (are you missing a using directive or an assembly reference?)
Assets\SolarSim\Runtime\Application\Project\SolarProject.cs(14,12): error CS0246: The type or namespace name 'IReadOnlyCollection<>' could not be found (are you missing a using directive or an assembly reference?)
Assets\SolarSim\Runtime\Application\Project\SolarProject.cs(14,32): error CS0246: The type or namespace name 'Guid' could not be found (are you missing a using directive or an assembly reference?)
Assets\SolarSim\Runtime\Domain\Electrical\ElectricalPort.cs(51,34): error CS0246: The type or namespace name 'Guid' could not be found (are you missing a using directive or an assembly reference?)
Assets\SolarSim\Runtime\Domain\Electrical\ElectricalCalculationService.cs(203,45): error CS0246: The type or namespace name 'IReadOnlyList<>' could not be found (are you missing a using directive or an assembly reference?)
Assets\SolarSim\Runtime\Domain\Roof\RackingLayoutService.cs(145,58): error CS0518: Predefined type 'System.Runtime.CompilerServices.IsExternalInit' is not defined or imported
Assets\SolarSim\Runtime\Domain\Roof\RackingLayoutService.cs(145,68): error CS0518: Predefined type 'System.Runtime.CompilerServices.IsExternalInit' is not defined or imported
Assets\SolarSim\Runtime\Domain\Roof\RackingLayoutService.cs(145,78): error CS0518: Predefined type 'System.Runtime.CompilerServices.IsExternalInit' is not defined or imported
Assets\SolarSim\Runtime\Domain\Roof\RackingLayoutService.cs(145,88): error CS0518: Predefined type 'System.Runtime.CompilerServices.IsExternalInit' is not defined or imported
Assets\SolarSim\Runtime\Domain\Roof\RackingLayoutService.cs(145,98): error CS0518: Predefined type 'System.Runtime.CompilerServices.IsExternalInit' is not defined or imported
Assets\SolarSim\Runtime\Domain\Electrical\ElectricalPort.cs(58,33): error CS0246: The type or namespace name 'Guid' could not be found (are you missing a using directive or an assembly reference?)
Assets\SolarSim\Runtime\Domain\Electrical\MpptCompatibilityService.cs(7,36): error CS0518: Predefined type 'System.Runtime.CompilerServices.IsExternalInit' is not defined or imported
Assets\SolarSim\Runtime\Domain\Electrical\ElectricalConnection.cs(16,9): error CS0246: The type or namespace name 'Guid' could not be found (are you missing a using directive or an assembly reference?)
Assets\SolarSim\Runtime\Domain\Electrical\ElectricalConnection.cs(17,9): error CS0246: The type or namespace name 'Guid' could not be found (are you missing a using directive or an assembly reference?)
Assets\SolarSim\Runtime\Domain\Electrical\ElectricalConnection.cs(18,9): error CS0246: The type or namespace name 'Guid' could not be found (are you missing a using directive or an assembly reference?)
Assets\SolarSim\Runtime\Domain\Electrical\ElectricalConnection.cs(19,15): warning CS8632: The annotation for nullable reference types should only be used in code within a '#nullable' annotations context.
Assets\SolarSim\Runtime\Domain\Electrical\ElectricalGraph.cs(43,12): error CS0246: The type or namespace name 'IReadOnlyDictionary<,>' could not be found (are you missing a using directive or an assembly reference?)
Assets\SolarSim\Runtime\Domain\Electrical\ElectricalGraph.cs(43,32): error CS0246: The type or namespace name 'Guid' could not be found (are you missing a using directive or an assembly reference?)
Assets\SolarSim\Runtime\Domain\Roof\RoofGeometry.cs(301,71): warning CS8632: The annotation for nullable reference types should only be used in code within a '#nullable' annotations context.
Assets\SolarSim\Runtime\Domain\Roof\RoofGeometry.cs(301,85): warning CS8632: The annotation for nullable reference types should only be used in code within a '#nullable' annotations context.
Assets\SolarSim\Runtime\Application\Serialization\SolarProjectSerializer.cs(117,12): error CS0246: The type or namespace name 'Guid' could not be found (are you missing a using directive or an assembly reference?)
Assets\SolarSim\Runtime\Domain\Electrical\ElectricalGraph.cs(9,5): error CS0246: The type or namespace name 'IReadOnlyDictionary<,>' could not be found (are you missing a using directive or an assembly reference?)
Assets\SolarSim\Runtime\Domain\Electrical\ElectricalGraph.cs(9,25): error CS0246: The type or namespace name 'Guid' could not be found (are you missing a using directive or an assembly reference?)
Assets\SolarSim\Runtime\Domain\Electrical\MpptCompatibilityService.cs(8,12): error CS0246: The type or namespace name 'Guid' could not be found (are you missing a using directive or an assembly reference?)
Assets\SolarSim\Runtime\Application\Commands\ProjectCommands.cs(366,22): error CS0246: The type or namespace name 'Guid' could not be found (are you missing a using directive or an assembly reference?)
Assets\SolarSim\Runtime\Domain\Electrical\MpptCompatibilityService.cs(27,12): error CS0246: The type or namespace name 'Guid' could not be found (are you missing a using directive or an assembly reference?)
Assets\SolarSim\Runtime\Domain\Electrical\MpptCompatibilityService.cs(8,39): error CS0518: Predefined type 'System.Runtime.CompilerServices.IsExternalInit' is not defined or imported
Assets\SolarSim\Runtime\Domain\Electrical\MpptCompatibilityService.cs(27,35): error CS0518: Predefined type 'System.Runtime.CompilerServices.IsExternalInit' is not defined or imported
Assets\SolarSim\Runtime\Domain\Roof\RoofDocument.cs(11,12): error CS0246: The type or namespace name 'IReadOnlyList<>' could not be found (are you missing a using directive or an assembly reference?)
Assets\SolarSim\Runtime\Domain\Electrical\MpptCompatibilityService.cs(28,31): error CS0518: Predefined type 'System.Runtime.CompilerServices.IsExternalInit' is not defined or imported
Assets\SolarSim\Runtime\Application\Project\SolarProject.cs(132,51): error CS0246: The type or namespace name 'Guid' could not be found (are you missing a using directive or an assembly reference?)
Assets\SolarSim\Runtime\Domain\Electrical\MpptCompatibilityService.cs(29,49): error CS0518: Predefined type 'System.Runtime.CompilerServices.IsExternalInit' is not defined or imported
Assets\SolarSim\Runtime\Domain\Roof\RoofSurface.cs(3,47): error CS0518: Predefined type 'System.Runtime.CompilerServices.IsExternalInit' is not defined or imported
Assets\SolarSim\Runtime\Domain\Roof\RoofSurface.cs(3,57): error CS0518: Predefined type 'System.Runtime.CompilerServices.IsExternalInit' is not defined or imported
Assets\SolarSim\Runtime\Application\Serialization\SolarProjectSerializer.cs(129,12): error CS0246: The type or namespace name 'Guid' could not be found (are you missing a using directive or an assembly reference?)
Assets\SolarSim\Runtime\Domain\Roof\RoofDocument.cs(12,12): error CS0246: The type or namespace name 'Guid' could not be found (are you missing a using directive or an assembly reference?)
Assets\SolarSim\Runtime\Application\Commands\ProjectCommands.cs(49,22): error CS0246: The type or namespace name 'List<>' could not be found (are you missing a using directive or an assembly reference?)
Assets\SolarSim\Runtime\Domain\Roof\RoofGeometry.cs(21,9): error CS0246: The type or namespace name 'IReadOnlyList<>' could not be found (are you missing a using directive or an assembly reference?)
Assets\SolarSim\Runtime\Application\Serialization\SolarProjectSerializer.cs(105,12): error CS0246: The type or namespace name 'List<>' could not be found (are you missing a using directive or an assembly reference?)
Assets\SolarSim\Runtime\Domain\Electrical\ElectricalGraph.cs(10,5): error CS0246: The type or namespace name 'IReadOnlyList<>' could not be found (are you missing a using directive or an assembly reference?)
Assets\SolarSim\Runtime\Domain\Roof\RoofDocument.cs(14,23): warning CS8632: The annotation for nullable reference types should only be used in code within a '#nullable' annotations context.
Assets\SolarSim\Runtime\Domain\Electrical\StringSizingService.cs(41,9): error CS0246: The type or namespace name 'Guid' could not be found (are you missing a using directive or an assembly reference?)
Assets\SolarSim\Runtime\Domain\Electrical\MpptCompatibilityService.cs(9,12): error CS0246: The type or namespace name 'Guid' could not be found (are you missing a using directive or an assembly reference?)
Assets\SolarSim\Runtime\Domain\Electrical\MpptCompatibilityService.cs(9,39): error CS0518: Predefined type 'System.Runtime.CompilerServices.IsExternalInit' is not defined or imported
Assets\SolarSim\Runtime\Domain\Electrical\ElectricalGraph.cs(44,12): error CS0246: The type or namespace name 'IReadOnlyDictionary<,>' could not be found (are you missing a using directive or an assembly reference?)
Assets\SolarSim\Runtime\Domain\Electrical\ElectricalGraph.cs(44,32): error CS0246: The type or namespace name 'Guid' could not be found (are you missing a using directive or an assembly reference?)
Assets\SolarSim\Runtime\Domain\Electrical\ElectricalPort.cs(22,9): error CS0246: The type or namespace name 'Guid' could not be found (are you missing a using directive or an assembly reference?)
Assets\SolarSim\Runtime\Domain\Electrical\ElectricalPort.cs(23,9): error CS0246: The type or namespace name 'Guid' could not be found (are you missing a using directive or an assembly reference?)
Assets\SolarSim\Runtime\Domain\Electrical\ElectricalPort.cs(28,9): error CS0246: The type or namespace name 'Guid' could not be found (are you missing a using directive or an assembly reference?)
Assets\SolarSim\Runtime\Domain\Electrical\ElectricalPort.cs(30,15): warning CS8632: The annotation for nullable reference types should only be used in code within a '#nullable' annotations context.
Assets\SolarSim\Runtime\Domain\Electrical\MpptCompatibilityService.cs(30,12): error CS0246: The type or namespace name 'IReadOnlyList<>' could not be found (are you missing a using directive or an assembly reference?)
Assets\SolarSim\Runtime\Domain\Roof\RoofDocument.cs(32,38): warning CS8632: The annotation for nullable reference types should only be used in code within a '#nullable' annotations context.
Assets\SolarSim\Runtime\Domain\Electrical\MpptCompatibilityService.cs(10,42): error CS0518: Predefined type 'System.Runtime.CompilerServices.IsExternalInit' is not defined or imported
Assets\SolarSim\Runtime\Domain\Electrical\StringSizingService.cs(7,12): error CS0246: The type or namespace name 'Guid' could not be found (are you missing a using directive or an assembly reference?)
Assets\SolarSim\Runtime\Domain\Electrical\MpptCompatibilityService.cs(30,61): error CS0518: Predefined type 'System.Runtime.CompilerServices.IsExternalInit' is not defined or imported
Assets\SolarSim\Runtime\Domain\Electrical\StringSizingService.cs(7,42): error CS0518: Predefined type 'System.Runtime.CompilerServices.IsExternalInit' is not defined or imported
Assets\SolarSim\Runtime\Domain\Electrical\MpptCompatibilityService.cs(11,42): error CS0518: Predefined type 'System.Runtime.CompilerServices.IsExternalInit' is not defined or imported
Assets\SolarSim\Runtime\Domain\Electrical\StringSizingService.cs(8,36): error CS0518: Predefined type 'System.Runtime.CompilerServices.IsExternalInit' is not defined or imported
Assets\SolarSim\Runtime\Domain\Roof\RoofGeometry.cs(61,46): error CS0246: The type or namespace name 'IReadOnlyList<>' could not be found (are you missing a using directive or an assembly reference?)
Assets\SolarSim\Runtime\Domain\Electrical\StringSizingService.cs(9,38): error CS0518: Predefined type 'System.Runtime.CompilerServices.IsExternalInit' is not defined or imported
Assets\SolarSim\Runtime\Domain\Electrical\StringSizingService.cs(10,39): error CS0518: Predefined type 'System.Runtime.CompilerServices.IsExternalInit' is not defined or imported
Assets\SolarSim\Runtime\Domain\Electrical\StringSizingService.cs(11,38): error CS0518: Predefined type 'System.Runtime.CompilerServices.IsExternalInit' is not defined or imported
Assets\SolarSim\Runtime\Domain\Electrical\VoltageDropCalculator.cs(9,29): error CS0246: The type or namespace name 'Dictionary<,>' could not be found (are you missing a using directive or an assembly reference?)
Assets\SolarSim\Runtime\Domain\Electrical\StringSizingService.cs(12,44): error CS0518: Predefined type 'System.Runtime.CompilerServices.IsExternalInit' is not defined or imported
Assets\SolarSim\Runtime\Domain\Electrical\StringSizingService.cs(13,41): error CS0518: Predefined type 'System.Runtime.CompilerServices.IsExternalInit' is not defined or imported
Assets\SolarSim\Runtime\Domain\Roof\RoofDocument.cs(49,28): error CS0246: The type or namespace name 'Guid' could not be found (are you missing a using directive or an assembly reference?)
Assets\SolarSim\Runtime\Domain\Electrical\StringSizingService.cs(14,50): error CS0518: Predefined type 'System.Runtime.CompilerServices.IsExternalInit' is not defined or imported
Assets\SolarSim\Runtime\Domain\Electrical\VoltageDropCalculator.cs(60,12): error CS0518: Predefined type 'System.Runtime.CompilerServices.IsExternalInit' is not defined or imported
Assets\SolarSim\Runtime\Domain\Roof\RoofGeometry.cs(74,61): error CS0246: The type or namespace name 'IReadOnlyList<>' could not be found (are you missing a using directive or an assembly reference?)
Assets\SolarSim\Runtime\Domain\Electrical\StringSizingService.cs(15,44): error CS0518: Predefined type 'System.Runtime.CompilerServices.IsExternalInit' is not defined or imported
Assets\SolarSim\Runtime\Domain\Electrical\VoltageDropCalculator.cs(61,12): error CS0518: Predefined type 'System.Runtime.CompilerServices.IsExternalInit' is not defined or imported
Assets\SolarSim\Runtime\Domain\Electrical\VoltageDropCalculator.cs(62,12): error CS0518: Predefined type 'System.Runtime.CompilerServices.IsExternalInit' is not defined or imported
Assets\SolarSim\Runtime\Domain\Electrical\StringSizingService.cs(16,45): error CS0518: Predefined type 'System.Runtime.CompilerServices.IsExternalInit' is not defined or imported
Assets\SolarSim\Runtime\Domain\Electrical\VoltageDropCalculator.cs(63,12): error CS0518: Predefined type 'System.Runtime.CompilerServices.IsExternalInit' is not defined or imported
Assets\SolarSim\Runtime\Domain\Electrical\VoltageDropCalculator.cs(64,12): error CS0518: Predefined type 'System.Runtime.CompilerServices.IsExternalInit' is not defined or imported
Assets\SolarSim\Runtime\Domain\Electrical\StringSizingService.cs(17,47): error CS0518: Predefined type 'System.Runtime.CompilerServices.IsExternalInit' is not defined or imported
Assets\SolarSim\Runtime\Domain\Electrical\VoltageDropCalculator.cs(65,13): error CS0518: Predefined type 'System.Runtime.CompilerServices.IsExternalInit' is not defined or imported
Assets\SolarSim\Runtime\Domain\Electrical\ElectricalGraph.cs(13,22): error CS0246: The type or namespace name 'Guid' could not be found (are you missing a using directive or an assembly reference?)
Assets\SolarSim\Runtime\Domain\Electrical\VoltageDropCalculator.cs(66,18): error CS0518: Predefined type 'System.Runtime.CompilerServices.IsExternalInit' is not defined or imported
Assets\SolarSim\Runtime\Domain\Electrical\StringSizingService.cs(18,47): error CS0518: Predefined type 'System.Runtime.CompilerServices.IsExternalInit' is not defined or imported
Assets\SolarSim\Runtime\Domain\Electrical\VoltageDropCalculator.cs(67,12): error CS0518: Predefined type 'System.Runtime.CompilerServices.IsExternalInit' is not defined or imported
Assets\SolarSim\Runtime\Domain\Electrical\ElectricalGraph.cs(45,12): error CS0246: The type or namespace name 'IReadOnlyList<>' could not be found (are you missing a using directive or an assembly reference?)
Assets\SolarSim\Runtime\Domain\Electrical\VoltageDropCalculator.cs(68,12): error CS0518: Predefined type 'System.Runtime.CompilerServices.IsExternalInit' is not defined or imported
Assets\SolarSim\Runtime\Domain\Electrical\StringSizingService.cs(21,42): error CS0518: Predefined type 'System.Runtime.CompilerServices.IsExternalInit' is not defined or imported
Assets\SolarSim\Runtime\Domain\Roof\RoofGeometry.cs(301,56): error CS0518: Predefined type 'System.Runtime.CompilerServices.IsExternalInit' is not defined or imported
Assets\SolarSim\Runtime\Application\Serialization\SolarProjectSerializer.cs(145,18): warning CS8632: The annotation for nullable reference types should only be used in code within a '#nullable' annotations context.
Assets\SolarSim\Runtime\Domain\Electrical\VoltageDropCalculator.cs(69,10): error CS0518: Predefined type 'System.Runtime.CompilerServices.IsExternalInit' is not defined or imported
Assets\SolarSim\Runtime\Domain\Roof\RoofGeometry.cs(301,73): error CS0518: Predefined type 'System.Runtime.CompilerServices.IsExternalInit' is not defined or imported
Assets\SolarSim\Runtime\Application\Serialization\SolarProjectSerializer.cs(173,12): error CS0246: The type or namespace name 'Guid' could not be found (are you missing a using directive or an assembly reference?)
Assets\SolarSim\Runtime\Domain\Electrical\StringSizingService.cs(24,42): error CS0518: Predefined type 'System.Runtime.CompilerServices.IsExternalInit' is not defined or imported
Assets\SolarSim\Runtime\Domain\Electrical\MpptCompatibilityService.cs(43,9): error CS0246: The type or namespace name 'IReadOnlyDictionary<,>' could not be found (are you missing a using directive or an assembly reference?)
Assets\SolarSim\Runtime\Domain\Electrical\MpptCompatibilityService.cs(43,29): error CS0246: The type or namespace name 'Guid' could not be found (are you missing a using directive or an assembly reference?)
Assets\SolarSim\Runtime\Domain\Electrical\MpptCompatibilityService.cs(44,29): warning CS8632: The annotation for nullable reference types should only be used in code within a '#nullable' annotations context.
Assets\SolarSim\Runtime\Domain\Electrical\MpptCompatibilityService.cs(40,19): error CS0246: The type or namespace name 'IReadOnlyList<>' could not be found (are you missing a using directive or an assembly reference?)
Assets\SolarSim\Runtime\Domain\Roof\RoofGeometry.cs(301,87): error CS0518: Predefined type 'System.Runtime.CompilerServices.IsExternalInit' is not defined or imported
Assets\SolarSim\Runtime\Domain\Roof\RoofDocument.cs(58,27): error CS0246: The type or namespace name 'Guid' could not be found (are you missing a using directive or an assembly reference?)
Assets\SolarSim\Runtime\Application\Commands\ProjectCommands.cs(369,51): error CS0246: The type or namespace name 'Guid' could not be found (are you missing a using directive or an assembly reference?)
Assets\SolarSim\Runtime\Domain\Electrical\StringSizingService.cs(27,47): error CS0518: Predefined type 'System.Runtime.CompilerServices.IsExternalInit' is not defined or imported
Assets\SolarSim\Runtime\Domain\Electrical\MpptCompatibilityService.cs(31,12): error CS0246: The type or namespace name 'IReadOnlyList<>' could not be found (are you missing a using directive or an assembly reference?)
Assets\SolarSim\Runtime\Domain\Roof\RoofSurface.cs(25,12): error CS0246: The type or namespace name 'Guid' could not be found (are you missing a using directive or an assembly reference?)
Assets\SolarSim\Runtime\Domain\Roof\RoofGeometry.cs(90,66): error CS0246: The type or namespace name 'IReadOnlyList<>' could not be found (are you missing a using directive or an assembly reference?)
Assets\SolarSim\Runtime\Application\Commands\ProjectCommands.cs(235,54): error CS0246: The type or namespace name 'Guid' could not be found (are you missing a using directive or an assembly reference?)
Assets\SolarSim\Runtime\Application\Commands\ProjectCommands.cs(235,72): error CS0246: The type or namespace name 'Guid' could not be found (are you missing a using directive or an assembly reference?)
Assets\SolarSim\Runtime\Application\Commands\ProjectCommands.cs(235,94): warning CS8632: The annotation for nullable reference types should only be used in code within a '#nullable' annotations context.
Assets\SolarSim\Runtime\Domain\Electrical\MpptCompatibilityService.cs(31,57): error CS0518: Predefined type 'System.Runtime.CompilerServices.IsExternalInit' is not defined or imported
Assets\SolarSim\Runtime\Domain\Electrical\TemperatureDeratingService.cs(57,9): error CS0246: The type or namespace name 'IReadOnlyList<>' could not be found (are you missing a using directive or an assembly reference?)
Assets\SolarSim\Runtime\Application\Serialization\SolarProjectSerializer.cs(151,12): error CS0246: The type or namespace name 'Guid' could not be found (are you missing a using directive or an assembly reference?)
Assets\SolarSim\Runtime\Domain\Roof\RoofDocument.cs(65,30): error CS0246: The type or namespace name 'Guid' could not be found (are you missing a using directive or an assembly reference?)
Assets\SolarSim\Runtime\Domain\Roof\RoofDocument.cs(65,23): warning CS8632: The annotation for nullable reference types should only be used in code within a '#nullable' annotations context.
Assets\SolarSim\Runtime\Domain\Roof\RoofGeometry.cs(117,70): error CS0246: The type or namespace name 'IReadOnlyList<>' could not be found (are you missing a using directive or an assembly reference?)
Assets\SolarSim\Runtime\Domain\Electrical\StringSizingService.cs(29,12): error CS0246: The type or namespace name 'IReadOnlyList<>' could not be found (are you missing a using directive or an assembly reference?)
Assets\SolarSim\Runtime\Domain\Electrical\WireRouting.cs(12,9): error CS0246: The type or namespace name 'IReadOnlyList<>' could not be found (are you missing a using directive or an assembly reference?)
Assets\SolarSim\Runtime\Domain\Electrical\ElectricalGraph.cs(15,26): error CS0246: The type or namespace name 'Guid' could not be found (are you missing a using directive or an assembly reference?)
Assets\SolarSim\Runtime\Domain\Electrical\StringSizingService.cs(29,57): error CS0518: Predefined type 'System.Runtime.CompilerServices.IsExternalInit' is not defined or imported
Assets\SolarSim\Runtime\Domain\Roof\RoofDocument.cs(9,22): error CS0246: The type or namespace name 'List<>' could not be found (are you missing a using directive or an assembly reference?)
Assets\SolarSim\Runtime\Domain\Electrical\ElectricalGraph.cs(69,29): error CS0246: The type or namespace name 'Guid' could not be found (are you missing a using directive or an assembly reference?)
Assets\SolarSim\Runtime\Application\Project\SolarProject.cs(159,9): error CS0246: The type or namespace name 'Guid' could not be found (are you missing a using directive or an assembly reference?)
Assets\SolarSim\Runtime\Application\Serialization\SolarProjectSerializer.cs(163,12): error CS0246: The type or namespace name 'Guid' could not be found (are you missing a using directive or an assembly reference?)
Assets\SolarSim\Runtime\Domain\Electrical\MpptCompatibilityService.cs(12,12): error CS0246: The type or namespace name 'IReadOnlyList<>' could not be found (are you missing a using directive or an assembly reference?)
Assets\SolarSim\Runtime\Domain\Electrical\MpptCompatibilityService.cs(12,26): error CS0246: The type or namespace name 'Guid' could not be found (are you missing a using directive or an assembly reference?)
Assets\SolarSim\Runtime\Domain\Roof\RoofSurface.cs(75,12): error CS0246: The type or namespace name 'Guid' could not be found (are you missing a using directive or an assembly reference?)
Assets\SolarSim\Runtime\Domain\Electrical\MpptCompatibilityService.cs(12,48): error CS0518: Predefined type 'System.Runtime.CompilerServices.IsExternalInit' is not defined or imported
Assets\SolarSim\Runtime\Application\Serialization\SolarProjectSerializer.cs(168,18): warning CS8632: The annotation for nullable reference types should only be used in code within a '#nullable' annotations context.
Assets\SolarSim\Runtime\Domain\Roof\RoofSurface.cs(35,9): error CS0246: The type or namespace name 'Guid' could not be found (are you missing a using directive or an assembly reference?)
Assets\SolarSim\Runtime\Domain\Roof\RoofSurface.cs(41,15): warning CS8632: The annotation for nullable reference types should only be used in code within a '#nullable' annotations context.
Assets\SolarSim\Runtime\Domain\Electrical\TemperatureDeratingService.cs(65,9): error CS0246: The type or namespace name 'IReadOnlyList<>' could not be found (are you missing a using directive or an assembly reference?)
Assets\SolarSim\Runtime\Domain\Electrical\MpptCompatibilityService.cs(61,9): error CS0246: The type or namespace name 'IReadOnlyDictionary<,>' could not be found (are you missing a using directive or an assembly reference?)
Assets\SolarSim\Runtime\Domain\Electrical\MpptCompatibilityService.cs(61,29): error CS0246: The type or namespace name 'Guid' could not be found (are you missing a using directive or an assembly reference?)
Assets\SolarSim\Runtime\Domain\Electrical\MpptCompatibilityService.cs(62,29): warning CS8632: The annotation for nullable reference types should only be used in code within a '#nullable' annotations context.
Assets\SolarSim\Runtime\Domain\Electrical\ElectricalGraph.cs(16,33): error CS0246: The type or namespace name 'Guid' could not be found (are you missing a using directive or an assembly reference?)
Assets\SolarSim\Runtime\Application\Serialization\SolarProjectSerializer.cs(188,12): error CS0246: The type or namespace name 'List<>' could not be found (are you missing a using directive or an assembly reference?)
Assets\SolarSim\Runtime\Application\Project\SolarProject.cs(233,100): warning CS8632: The annotation for nullable reference types should only be used in code within a '#nullable' annotations context.
Assets\SolarSim\Runtime\Domain\Electrical\ElectricalGraph.cs(83,33): error CS0246: The type or namespace name 'Guid' could not be found (are you missing a using directive or an assembly reference?)
Assets\SolarSim\Runtime\Domain\Electrical\WireRouting.cs(30,9): error CS0246: The type or namespace name 'IList<>' could not be found (are you missing a using directive or an assembly reference?)
Assets\SolarSim\Runtime\Application\Commands\ProjectCommands.cs(51,53): error CS0246: The type or namespace name 'Guid' could not be found (are you missing a using directive or an assembly reference?)
Assets\SolarSim\Runtime\Application\Serialization\SolarProjectSerializer.cs(106,12): error CS0246: The type or namespace name 'List<>' could not be found (are you missing a using directive or an assembly reference?)
Assets\SolarSim\Runtime\Application\Serialization\SolarProjectSerializer.cs(204,53): error CS0246: The type or namespace name 'Exception' could not be found (are you missing a using directive or an assembly reference?)
Assets\SolarSim\Runtime\Domain\Electrical\SingleLineDiagramService.cs(13,9): error CS0246: The type or namespace name 'IReadOnlyDictionary<,>' could not be found (are you missing a using directive or an assembly reference?)
Assets\SolarSim\Runtime\Domain\Electrical\SingleLineDiagramService.cs(13,29): error CS0246: The type or namespace name 'Guid' could not be found (are you missing a using directive or an assembly reference?)
Assets\SolarSim\Runtime\Domain\Electrical\SingleLineDiagramService.cs(14,9): error CS0246: The type or namespace name 'IReadOnlyList<>' could not be found (are you missing a using directive or an assembly reference?)
Assets\SolarSim\Runtime\Domain\Roof\RoofGeometry.cs(229,53): error CS0246: The type or namespace name 'IReadOnlyList<>' could not be found (are you missing a using directive or an assembly reference?)
Assets\SolarSim\Runtime\Domain\Roof\RoofGeometry.cs(229,19): error CS0246: The type or namespace name 'List<>' could not be found (are you missing a using directive or an assembly reference?)
Assets\SolarSim\Runtime\Domain\Equipment\ElectricalEquipmentInstance.cs(20,12): error CS0246: The type or namespace name 'Guid' could not be found (are you missing a using directive or an assembly reference?)
Assets\SolarSim\Runtime\Application\Serialization\SolarProjectSerializer.cs(174,12): error CS0246: The type or namespace name 'Guid' could not be found (are you missing a using directive or an assembly reference?)
Assets\SolarSim\Runtime\Domain\Roof\RoofSurface.cs(85,12): error CS0246: The type or namespace name 'IReadOnlyList<>' could not be found (are you missing a using directive or an assembly reference?)
Assets\SolarSim\Runtime\Domain\Roof\RoofGeometry.cs(288,38): error CS0246: The type or namespace name 'IReadOnlyList<>' could not be found (are you missing a using directive or an assembly reference?)
Assets\SolarSim\Runtime\Domain\Electrical\ElectricalGraph.cs(17,22): error CS0246: The type or namespace name 'Guid' could not be found (are you missing a using directive or an assembly reference?)
Assets\SolarSim\Runtime\Domain\Roof\RoofSurface.cs(86,12): error CS0246: The type or namespace name 'IReadOnlyList<>' could not be found (are you missing a using directive or an assembly reference?)
Assets\SolarSim\Runtime\Domain\Electrical\ElectricalGraph.cs(109,40): error CS0246: The type or namespace name 'Guid' could not be found (are you missing a using directive or an assembly reference?)
Assets\SolarSim\Runtime\Domain\Electrical\MpptCompatibilityService.cs(13,12): error CS0246: The type or namespace name 'IReadOnlyList<>' could not be found (are you missing a using directive or an assembly reference?)
Assets\SolarSim\Runtime\Domain\Electrical\MpptCompatibilityService.cs(13,26): error CS0246: The type or namespace name 'Guid' could not be found (are you missing a using directive or an assembly reference?)
Assets\SolarSim\Runtime\Domain\Electrical\MpptCompatibilityService.cs(13,49): error CS0518: Predefined type 'System.Runtime.CompilerServices.IsExternalInit' is not defined or imported
Assets\SolarSim\Runtime\Domain\Equipment\ElectricalEquipmentInstance.cs(29,35): warning CS8632: The annotation for nullable reference types should only be used in code within a '#nullable' annotations context.
Assets\SolarSim\Runtime\Application\Serialization\SolarProjectSerializer.cs(152,12): error CS0246: The type or namespace name 'Guid' could not be found (are you missing a using directive or an assembly reference?)
Assets\SolarSim\Runtime\Domain\Electrical\MpptCompatibilityService.cs(14,36): error CS0518: Predefined type 'System.Runtime.CompilerServices.IsExternalInit' is not defined or imported
Assets\SolarSim\Runtime\Domain\Electrical\MpptCompatibilityService.cs(15,40): error CS0518: Predefined type 'System.Runtime.CompilerServices.IsExternalInit' is not defined or imported
Assets\SolarSim\Runtime\Domain\Electrical\MpptCompatibilityService.cs(16,36): error CS0518: Predefined type 'System.Runtime.CompilerServices.IsExternalInit' is not defined or imported
Assets\SolarSim\Runtime\Domain\Electrical\MpptCompatibilityService.cs(130,9): error CS0246: The type or namespace name 'IReadOnlyDictionary<,>' could not be found (are you missing a using directive or an assembly reference?)
Assets\SolarSim\Runtime\Domain\Electrical\MpptCompatibilityService.cs(130,29): error CS0246: The type or namespace name 'Guid' could not be found (are you missing a using directive or an assembly reference?)
Assets\SolarSim\Runtime\Domain\Electrical\MpptCompatibilityService.cs(17,39): error CS0518: Predefined type 'System.Runtime.CompilerServices.IsExternalInit' is not defined or imported
Assets\SolarSim\Runtime\Domain\Electrical\ElectricalGraph.cs(18,26): error CS0246: The type or namespace name 'Guid' could not be found (are you missing a using directive or an assembly reference?)
Assets\SolarSim\Runtime\Domain\Roof\RoofSurface.cs(107,29): error CS0246: The type or namespace name 'IEnumerable<>' could not be found (are you missing a using directive or an assembly reference?)
Assets\SolarSim\Runtime\Domain\Electrical\MpptCompatibilityService.cs(18,35): error CS0518: Predefined type 'System.Runtime.CompilerServices.IsExternalInit' is not defined or imported
Assets\SolarSim\Runtime\Domain\Electrical\MpptCompatibilityService.cs(19,35): error CS0518: Predefined type 'System.Runtime.CompilerServices.IsExternalInit' is not defined or imported
Assets\SolarSim\Runtime\Domain\Equipment\ElectricalEquipmentInstance.cs(31,12): error CS0246: The type or namespace name 'IReadOnlyList<>' could not be found (are you missing a using directive or an assembly reference?)
Assets\SolarSim\Runtime\Domain\Electrical\MpptCompatibilityService.cs(20,37): error CS0518: Predefined type 'System.Runtime.CompilerServices.IsExternalInit' is not defined or imported
Assets\SolarSim\Runtime\Domain\Electrical\ElectricalGraph.cs(114,29): error CS0246: The type or namespace name 'Guid' could not be found (are you missing a using directive or an assembly reference?)
Assets\SolarSim\Runtime\Domain\Electrical\MpptCompatibilityService.cs(21,36): error CS0518: Predefined type 'System.Runtime.CompilerServices.IsExternalInit' is not defined or imported
Assets\SolarSim\Runtime\Application\Project\SolarProject.cs(258,12): error CS0246: The type or namespace name 'IReadOnlyList<>' could not be found (are you missing a using directive or an assembly reference?)
Assets\SolarSim\Runtime\Application\Project\SolarProject.cs(27,30): error CS0246: The type or namespace name 'IEnumerable<>' could not be found (are you missing a using directive or an assembly reference?)
Assets\SolarSim\Runtime\Application\Project\SolarProject.cs(27,42): error CS0246: The type or namespace name 'Guid' could not be found (are you missing a using directive or an assembly reference?)
Assets\SolarSim\Runtime\Application\Project\SolarProject.cs(27,70): error CS0246: The type or namespace name 'IEnumerable<>' could not be found (are you missing a using directive or an assembly reference?)
Assets\SolarSim\Runtime\Application\Project\SolarProject.cs(27,82): error CS0246: The type or namespace name 'Guid' could not be found (are you missing a using directive or an assembly reference?)
Assets\SolarSim\Runtime\Domain\Electrical\ElectricalGraph.cs(19,28): error CS0246: The type or namespace name 'Guid' could not be found (are you missing a using directive or an assembly reference?)
Assets\SolarSim\Runtime\Domain\Roof\RoofSurface.cs(160,32): error CS0246: The type or namespace name 'Guid' could not be found (are you missing a using directive or an assembly reference?)
Assets\SolarSim\Runtime\Domain\Electrical\ElectricalGraph.cs(117,33): error CS0246: The type or namespace name 'Guid' could not be found (are you missing a using directive or an assembly reference?)
Assets\SolarSim\Runtime\Domain\Electrical\MpptCompatibilityService.cs(22,12): error CS0246: The type or namespace name 'IReadOnlyList<>' could not be found (are you missing a using directive or an assembly reference?)
Assets\SolarSim\Runtime\Application\Serialization\SolarProjectSerializer.cs(206,58): error CS0246: The type or namespace name 'Exception' could not be found (are you missing a using directive or an assembly reference?)
Assets\SolarSim\Runtime\Domain\Electrical\MpptCompatibilityService.cs(22,57): error CS0518: Predefined type 'System.Runtime.CompilerServices.IsExternalInit' is not defined or imported
Assets\SolarSim\Runtime\Application\Serialization\SolarProjectSerializer.cs(175,12): error CS0246: The type or namespace name 'Guid' could not be found (are you missing a using directive or an assembly reference?)
Assets\SolarSim\Runtime\Domain\Roof\RoofSurface.cs(162,39): error CS0246: The type or namespace name 'Guid' could not be found (are you missing a using directive or an assembly reference?)
Assets\SolarSim\Runtime\Domain\Roof\RoofSurface.cs(162,24): warning CS8632: The annotation for nullable reference types should only be used in code within a '#nullable' annotations context.
Assets\SolarSim\Runtime\Domain\Equipment\ElectricalEquipmentInstance.cs(78,35): error CS0246: The type or namespace name 'Guid' could not be found (are you missing a using directive or an assembly reference?)
Assets\SolarSim\Runtime\Domain\Electrical\ElectricalGraph.cs(20,21): error CS0246: The type or namespace name 'Guid' could not be found (are you missing a using directive or an assembly reference?)
Assets\SolarSim\Runtime\Domain\Electrical\ElectricalGraph.cs(120,33): error CS0246: The type or namespace name 'Guid' could not be found (are you missing a using directive or an assembly reference?)
Assets\SolarSim\Runtime\Domain\Roof\RoofSurface.cs(166,12): error CS0246: The type or namespace name 'IReadOnlyList<>' could not be found (are you missing a using directive or an assembly reference?)
Assets\SolarSim\Runtime\Domain\Electrical\MpptCompatibilityService.cs(375,9): error CS0246: The type or namespace name 'Guid' could not be found (are you missing a using directive or an assembly reference?)
Assets\SolarSim\Runtime\Domain\Electrical\MpptCompatibilityService.cs(376,9): error CS0246: The type or namespace name 'HashSet<>' could not be found (are you missing a using directive or an assembly reference?)
Assets\SolarSim\Runtime\Domain\Electrical\MpptCompatibilityService.cs(376,17): error CS0246: The type or namespace name 'Guid' could not be found (are you missing a using directive or an assembly reference?)
Assets\SolarSim\Runtime\Application\Serialization\SolarProjectSerializer.cs(670,9): error CS0246: The type or namespace name 'Guid' could not be found (are you missing a using directive or an assembly reference?)
Assets\SolarSim\Runtime\Application\Project\SolarProject.cs(261,53): error CS0246: The type or namespace name 'Guid' could not be found (are you missing a using directive or an assembly reference?)
Assets\SolarSim\Runtime\Application\Project\SolarProject.cs(44,33): error CS0246: The type or namespace name 'Guid' could not be found (are you missing a using directive or an assembly reference?)
Assets\SolarSim\Runtime\Domain\Electrical\ElectricalGraph.cs(21,26): error CS0246: The type or namespace name 'Guid' could not be found (are you missing a using directive or an assembly reference?)
Assets\SolarSim\Runtime\Domain\Roof\RoofSurface.cs(72,22): error CS0246: The type or namespace name 'List<>' could not be found (are you missing a using directive or an assembly reference?)
Assets\SolarSim\Runtime\Application\Serialization\SolarProjectSerializer.cs(28,12): error CS0246: The type or namespace name 'List<>' could not be found (are you missing a using directive or an assembly reference?)
Assets\SolarSim\Runtime\Domain\Electrical\ElectricalGraph.cs(138,35): error CS0246: The type or namespace name 'Guid' could not be found (are you missing a using directive or an assembly reference?)
Assets\SolarSim\Runtime\Domain\Roof\RoofSurface.cs(73,22): error CS0246: The type or namespace name 'List<>' could not be found (are you missing a using directive or an assembly reference?)
Assets\SolarSim\Runtime\Application\Serialization\SolarProjectSerializer.cs(34,19): warning CS8632: The annotation for nullable reference types should only be used in code within a '#nullable' annotations context.
Assets\SolarSim\Runtime\Domain\Equipment\ElectricalEquipmentInstance.cs(83,9): error CS0246: The type or namespace name 'Guid' could not be found (are you missing a using directive or an assembly reference?)
Assets\SolarSim\Runtime\Domain\Equipment\ElectricalEquipmentInstance.cs(91,9): error CS0246: The type or namespace name 'List<>' could not be found (are you missing a using directive or an assembly reference?)
Assets\SolarSim\Runtime\Domain\Equipment\ElectricalEquipmentInstance.cs(92,32): warning CS8632: The annotation for nullable reference types should only be used in code within a '#nullable' annotations context.
Assets\SolarSim\Runtime\Domain\Electrical\ElectricalGraph.cs(143,28): error CS0246: The type or namespace name 'Guid' could not be found (are you missing a using directive or an assembly reference?)
Assets\SolarSim\Runtime\Domain\Roof\RoofSurface.cs(90,24): error CS0246: The type or namespace name 'Guid' could not be found (are you missing a using directive or an assembly reference?)
Assets\SolarSim\Runtime\Application\Project\SolarProject.cs(55,34): error CS0246: The type or namespace name 'Guid' could not be found (are you missing a using directive or an assembly reference?)
Assets\SolarSim\Runtime\Domain\Electrical\ElectricalGraph.cs(23,43): error CS0246: The type or namespace name 'Guid' could not be found (are you missing a using directive or an assembly reference?)
Assets\SolarSim\Runtime\Domain\Electrical\ElectricalGraph.cs(23,61): error CS0246: The type or namespace name 'Guid' could not be found (are you missing a using directive or an assembly reference?)
Assets\SolarSim\Runtime\Domain\Electrical\ElectricalGraph.cs(23,83): warning CS8632: The annotation for nullable reference types should only be used in code within a '#nullable' annotations context.
Assets\SolarSim\Runtime\Domain\Electrical\ElectricalGraph.cs(23,115): warning CS8632: The annotation for nullable reference types should only be used in code within a '#nullable' annotations context.
Assets\SolarSim\Runtime\Domain\Equipment\ElectricalEquipmentInstance.cs(105,9): error CS0246: The type or namespace name 'Guid' could not be found (are you missing a using directive or an assembly reference?)
Assets\SolarSim\Runtime\Domain\Equipment\ElectricalEquipmentInstance.cs(109,15): warning CS8632: The annotation for nullable reference types should only be used in code within a '#nullable' annotations context.
Assets\SolarSim\Runtime\Application\Project\SolarProject.cs(280,56): error CS0246: The type or namespace name 'Guid' could not be found (are you missing a using directive or an assembly reference?)
Assets\SolarSim\Runtime\Domain\Electrical\ElectricalGraph.cs(24,21): error CS0246: The type or namespace name 'Guid' could not be found (are you missing a using directive or an assembly reference?)
Assets\SolarSim\Runtime\Domain\Equipment\ElectricalEquipmentInstance.cs(143,9): error CS0246: The type or namespace name 'Guid' could not be found (are you missing a using directive or an assembly reference?)
Assets\SolarSim\Runtime\Domain\Equipment\ElectricalEquipmentInstance.cs(146,15): warning CS8632: The annotation for nullable reference types should only be used in code within a '#nullable' annotations context.
Assets\SolarSim\Runtime\Domain\Electrical\ElectricalGraph.cs(147,9): error CS0246: The type or namespace name 'Guid' could not be found (are you missing a using directive or an assembly reference?)
Assets\SolarSim\Runtime\Domain\Electrical\ElectricalGraph.cs(148,9): error CS0246: The type or namespace name 'Guid' could not be found (are you missing a using directive or an assembly reference?)
Assets\SolarSim\Runtime\Domain\Electrical\ElectricalGraph.cs(149,15): warning CS8632: The annotation for nullable reference types should only be used in code within a '#nullable' annotations context.
Assets\SolarSim\Runtime\Domain\Electrical\ElectricalGraph.cs(150,33): warning CS8632: The annotation for nullable reference types should only be used in code within a '#nullable' annotations context.
Assets\SolarSim\Runtime\Application\Serialization\SolarProjectSerializer.cs(38,12): error CS0246: The type or namespace name 'List<>' could not be found (are you missing a using directive or an assembly reference?)
Assets\SolarSim\Runtime\Application\Project\SolarProject.cs(114,34): error CS0066: 'SolarProject.ProjectChanged': event must be of a delegate type
Assets\SolarSim\Runtime\Application\Project\SolarProject.cs(115,26): error CS0066: 'SolarProject.CalculationsUpdated': event must be of a delegate type
Assets\SolarSim\Runtime\Domain\Electrical\ElectricalGraph.cs(204,28): error CS0246: The type or namespace name 'Guid' could not be found (are you missing a using directive or an assembly reference?)
Assets\SolarSim\Runtime\Domain\Equipment\ElectricalEquipmentInstance.cs(169,9): error CS0246: The type or namespace name 'Guid' could not be found (are you missing a using directive or an assembly reference?)
Assets\SolarSim\Runtime\Domain\Equipment\ElectricalEquipmentInstance.cs(173,15): warning CS8632: The annotation for nullable reference types should only be used in code within a '#nullable' annotations context.
Assets\SolarSim\Runtime\Application\Project\SolarProject.cs(10,22): error CS0246: The type or namespace name 'HashSet<>' could not be found (are you missing a using directive or an assembly reference?)
Assets\SolarSim\Runtime\Application\Project\SolarProject.cs(10,30): error CS0246: The type or namespace name 'Guid' could not be found (are you missing a using directive or an assembly reference?)
Assets\SolarSim\Runtime\Application\Serialization\SolarProjectSerializer.cs(41,12): error CS0246: The type or namespace name 'Guid' could not be found (are you missing a using directive or an assembly reference?)
Assets\SolarSim\Runtime\Domain\Equipment\ElectricalEquipmentInstance.cs(200,9): error CS0246: The type or namespace name 'Guid' could not be found (are you missing a using directive or an assembly reference?)
Assets\SolarSim\Runtime\Domain\Equipment\ElectricalEquipmentInstance.cs(204,15): warning CS8632: The annotation for nullable reference types should only be used in code within a '#nullable' annotations context.
Assets\SolarSim\Runtime\Application\Serialization\SolarProjectSerializer.cs(47,29): warning CS8632: The annotation for nullable reference types should only be used in code within a '#nullable' annotations context.
Assets\SolarSim\Runtime\Application\Serialization\SolarProjectSerializer.cs(50,32): warning CS8632: The annotation for nullable reference types should only be used in code within a '#nullable' annotations context.
Assets\SolarSim\Runtime\Domain\Equipment\ElectricalEquipmentInstance.cs(232,9): error CS0246: The type or namespace name 'Guid' could not be found (are you missing a using directive or an assembly reference?)
Assets\SolarSim\Runtime\Domain\Equipment\ElectricalEquipmentInstance.cs(235,15): warning CS8632: The annotation for nullable reference types should only be used in code within a '#nullable' annotations context.
Assets\SolarSim\Runtime\Domain\Equipment\ElectricalEquipmentInstance.cs(259,9): error CS0246: The type or namespace name 'Guid' could not be found (are you missing a using directive or an assembly reference?)
Assets\SolarSim\Runtime\Domain\Equipment\ElectricalEquipmentInstance.cs(262,15): warning CS8632: The annotation for nullable reference types should only be used in code within a '#nullable' annotations context.
Assets\SolarSim\Runtime\Domain\Electrical\ElectricalGraph.cs(307,40): error CS0246: The type or namespace name 'List<>' could not be found (are you missing a using directive or an assembly reference?)
Assets\SolarSim\Runtime\Domain\Electrical\ElectricalGraph.cs(307,45): error CS0246: The type or namespace name 'Guid' could not be found (are you missing a using directive or an assembly reference?)
Assets\SolarSim\Runtime\Domain\Electrical\ElectricalGraph.cs(307,13): error CS0246: The type or namespace name 'List<>' could not be found (are you missing a using directive or an assembly reference?)
Assets\SolarSim\Runtime\Domain\Electrical\ElectricalGraph.cs(307,18): error CS0246: The type or namespace name 'Guid' could not be found (are you missing a using directive or an assembly reference?)
Assets\SolarSim\Runtime\Application\Project\SolarProject.cs(11,22): error CS0246: The type or namespace name 'HashSet<>' could not be found (are you missing a using directive or an assembly reference?)
Assets\SolarSim\Runtime\Application\Project\SolarProject.cs(11,30): error CS0246: The type or namespace name 'Guid' could not be found (are you missing a using directive or an assembly reference?)
Assets\SolarSim\Runtime\Application\Serialization\SolarProjectSerializer.cs(53,12): error CS0246: The type or namespace name 'List<>' could not be found (are you missing a using directive or an assembly reference?)
Assets\SolarSim\Runtime\Domain\Equipment\ElectricalEquipmentInstance.cs(18,22): error CS0246: The type or namespace name 'List<>' could not be found (are you missing a using directive or an assembly reference?)
Assets\SolarSim\Runtime\Application\Project\SolarProject.cs(16,26): error CS0066: 'SelectionService.SelectionChanged': event must be of a delegate type
Assets\SolarSim\Runtime\Domain\Electrical\ElectricalGraph.cs(354,49): error CS0246: The type or namespace name 'Guid' could not be found (are you missing a using directive or an assembly reference?)
Assets\SolarSim\Runtime\Domain\Electrical\ElectricalGraph.cs(354,13): error CS0246: The type or namespace name 'IEnumerable<>' could not be found (are you missing a using directive or an assembly reference?)
Assets\SolarSim\Runtime\Domain\Electrical\ElectricalGraph.cs(354,25): error CS0246: The type or namespace name 'Guid' could not be found (are you missing a using directive or an assembly reference?)
Assets\SolarSim\Runtime\Domain\Equipment\ElectricalEquipmentInstance.cs(34,9): error CS0246: The type or namespace name 'Guid' could not be found (are you missing a using directive or an assembly reference?)
Assets\SolarSim\Runtime\Domain\Equipment\ElectricalEquipmentInstance.cs(42,9): error CS0246: The type or namespace name 'List<>' could not be found (are you missing a using directive or an assembly reference?)
Assets\SolarSim\Runtime\Domain\Equipment\ElectricalEquipmentInstance.cs(43,32): warning CS8632: The annotation for nullable reference types should only be used in code within a '#nullable' annotations context.
Assets\SolarSim\Runtime\Domain\Electrical\ElectricalGraph.cs(35,22): error CS0246: The type or namespace name 'Dictionary<,>' could not be found (are you missing a using directive or an assembly reference?)
Assets\SolarSim\Runtime\Domain\Electrical\ElectricalGraph.cs(35,33): error CS0246: The type or namespace name 'Guid' could not be found (are you missing a using directive or an assembly reference?)
Assets\SolarSim\Runtime\Domain\Electrical\ElectricalGraph.cs(36,22): error CS0246: The type or namespace name 'Dictionary<,>' could not be found (are you missing a using directive or an assembly reference?)
Assets\SolarSim\Runtime\Domain\Electrical\ElectricalGraph.cs(36,33): error CS0246: The type or namespace name 'Guid' could not be found (are you missing a using directive or an assembly reference?)
Assets\SolarSim\Runtime\Domain\Electrical\ElectricalGraph.cs(37,22): error CS0246: The type or namespace name 'Dictionary<,>' could not be found (are you missing a using directive or an assembly reference?)
Assets\SolarSim\Runtime\Domain\Electrical\ElectricalGraph.cs(37,33): error CS0246: The type or namespace name 'Guid' could not be found (are you missing a using directive or an assembly reference?)
Assets\SolarSim\Runtime\Domain\Electrical\ElectricalGraph.cs(38,22): error CS0246: The type or namespace name 'Dictionary<,>' could not be found (are you missing a using directive or an assembly reference?)
Assets\SolarSim\Runtime\Domain\Electrical\ElectricalGraph.cs(38,33): error CS0246: The type or namespace name 'Guid' could not be found (are you missing a using directive or an assembly reference?)
Assets\SolarSim\Runtime\Domain\Electrical\ElectricalGraph.cs(39,22): error CS0246: The type or namespace name 'List<>' could not be found (are you missing a using directive or an assembly reference?)
Assets\SolarSim\Runtime\Domain\Electrical\ElectricalGraph.cs(40,22): error CS0246: The type or namespace name 'Dictionary<,>' could not be found (are you missing a using directive or an assembly reference?)
Assets\SolarSim\Runtime\Domain\Electrical\ElectricalGraph.cs(40,41): error CS0246: The type or namespace name 'Guid' could not be found (are you missing a using directive or an assembly reference?)

Total cache size 4946852
Assets\SolarSim\Runtime\Application\Commands\CommandHistory.cs(1,1): error CS8773: Feature 'file-scoped namespace' is not available in C# 9.0. Please use language version 10.0 or greater.
Assets\SolarSim\Runtime\Application\Commands\ProjectCommands.cs(6,1): error CS8773: Feature 'file-scoped namespace' is not available in C# 9.0. Please use language version 10.0 or greater.
Assets\SolarSim\Runtime\Application\Equipment\CustomPanelFactory.cs(3,1): error CS8773: Feature 'file-scoped namespace' is not available in C# 9.0. Please use language version 10.0 or greater.
Assets\SolarSim\Runtime\Application\Events\ProjectEvents.cs(1,1): error CS8773: Feature 'file-scoped namespace' is not available in C# 9.0. Please use language version 10.0 or greater.
Assets\SolarSim\Runtime\Application\Project\SolarProject.cs(6,1): error CS8773: Feature 'file-scoped namespace' is not available in C# 9.0. Please use language version 10.0 or greater.
Assets\SolarSim\Runtime\Application\Serialization\SolarProjectSerializer.cs(8,1): error CS8773: Feature 'file-scoped namespace' is not available in C# 9.0. Please use language version 10.0 or greater.
Assets\SolarSim\Runtime\Application\Units\UnitConversionService.cs(1,1): error CS8773: Feature 'file-scoped namespace' is not available in C# 9.0. Please use language version 10.0 or greater.
Assets\SolarSim\Runtime\Domain\Electrical\BomScheduleService.cs(4,1): error CS8773: Feature 'file-scoped namespace' is not available in C# 9.0. Please use language version 10.0 or greater.
Assets\SolarSim\Runtime\Domain\Electrical\ConnectionValidator.cs(1,1): error CS8773: Feature 'file-scoped namespace' is not available in C# 9.0. Please use language version 10.0 or greater.
Assets\SolarSim\Runtime\Domain\Electrical\ElectricalCalculationService.cs(3,1): error CS8773: Feature 'file-scoped namespace' is not available in C# 9.0. Please use language version 10.0 or greater.
Assets\SolarSim\Runtime\Domain\Electrical\ElectricalConnection.cs(3,1): error CS8773: Feature 'file-scoped namespace' is not available in C# 9.0. Please use language version 10.0 or greater.
Assets\SolarSim\Runtime\Domain\Electrical\ElectricalGraph.cs(3,1): error CS8773: Feature 'file-scoped namespace' is not available in C# 9.0. Please use language version 10.0 or greater.
Assets\SolarSim\Runtime\Domain\Electrical\ElectricalPort.cs(1,1): error CS8773: Feature 'file-scoped namespace' is not available in C# 9.0. Please use language version 10.0 or greater.
Assets\SolarSim\Runtime\Domain\Electrical\Enums.cs(1,1): error CS8773: Feature 'file-scoped namespace' is not available in C# 9.0. Please use language version 10.0 or greater.
Assets\SolarSim\Runtime\Domain\Electrical\MpptCompatibilityService.cs(3,1): error CS8773: Feature 'file-scoped namespace' is not available in C# 9.0. Please use language version 10.0 or greater.
Assets\SolarSim\Runtime\Domain\Electrical\SingleLineDiagramService.cs(3,1): error CS8773: Feature 'file-scoped namespace' is not available in C# 9.0. Please use language version 10.0 or greater.
Assets\SolarSim\Runtime\Domain\Electrical\SiteDesignConditions.cs(1,1): error CS8773: Feature 'file-scoped namespace' is not available in C# 9.0. Please use language version 10.0 or greater.
Assets\SolarSim\Runtime\Domain\Electrical\StringSizingService.cs(3,1): error CS8773: Feature 'file-scoped namespace' is not available in C# 9.0. Please use language version 10.0 or greater.
Assets\SolarSim\Runtime\Domain\Electrical\TemperatureDeratingService.cs(3,1): error CS8773: Feature 'file-scoped namespace' is not available in C# 9.0. Please use language version 10.0 or greater.
Assets\SolarSim\Runtime\Domain\Electrical\VoltageDropCalculator.cs(1,1): error CS8773: Feature 'file-scoped namespace' is not available in C# 9.0. Please use language version 10.0 or greater.
Assets\SolarSim\Runtime\Domain\Electrical\WireRouting.cs(3,1): error CS8773: Feature 'file-scoped namespace' is not available in C# 9.0. Please use language version 10.0 or greater.
Assets\SolarSim\Runtime\Domain\Equipment\ElectricalEquipmentInstance.cs(3,1): error CS8773: Feature 'file-scoped namespace' is not available in C# 9.0. Please use language version 10.0 or greater.
Assets\SolarSim\Runtime\Domain\Equipment\InverterDefinition.cs(1,1): error CS8773: Feature 'file-scoped namespace' is not available in C# 9.0. Please use language version 10.0 or greater.
Assets\SolarSim\Runtime\Domain\Equipment\SolarPanelDefinition.cs(1,1): error CS8773: Feature 'file-scoped namespace' is not available in C# 9.0. Please use language version 10.0 or greater.
Assets\SolarSim\Runtime\Domain\Equipment\SolarPanelInstance.cs(3,1): error CS8773: Feature 'file-scoped namespace' is not available in C# 9.0. Please use language version 10.0 or greater.
Assets\SolarSim\Runtime\Domain\Roof\RackingLayoutService.cs(3,1): error CS8773: Feature 'file-scoped namespace' is not available in C# 9.0. Please use language version 10.0 or greater.
Assets\SolarSim\Runtime\Domain\Roof\RackingParameters.cs(1,1): error CS8773: Feature 'file-scoped namespace' is not available in C# 9.0. Please use language version 10.0 or greater.
Assets\SolarSim\Runtime\Domain\Roof\RoofDocument.cs(1,1): error CS8773: Feature 'file-scoped namespace' is not available in C# 9.0. Please use language version 10.0 or greater.
Assets\SolarSim\Runtime\Domain\Roof\RoofGeometry.cs(1,1): error CS8773: Feature 'file-scoped namespace' is not available in C# 9.0. Please use language version 10.0 or greater.
Assets\SolarSim\Runtime\Domain\Roof\RoofSurface.cs(1,1): error CS8773: Feature 'file-scoped namespace' is not available in C# 9.0. Please use language version 10.0 or greater.
Assets\SolarSim\Runtime\Domain\Electrical\VoltageDropCalculator.cs(59,24): error CS8773: Feature 'record structs' is not available in C# 9.0. Please use language version 10.0 or greater.
Assets\SolarSim\Runtime\Domain\Roof\RoofGeometry.cs(301,24): error CS8773: Feature 'record structs' is not available in C# 9.0. Please use language version 10.0 or greater.
Assets\SolarSim\Runtime\Domain\Roof\RoofSurface.cs(3,24): error CS8773: Feature 'record structs' is not available in C# 9.0. Please use language version 10.0 or greater.
Assets\SolarSim\Runtime\Application\Events\ProjectEvents.cs(8,33): error CS0518: Predefined type 'System.Runtime.CompilerServices.IsExternalInit' is not defined or imported
Assets\SolarSim\Runtime\Application\Commands\CommandHistory.cs(25,18): error CS0246: The type or namespace name 'Action' could not be found (are you missing a using directive or an assembly reference?)
Assets\SolarSim\Runtime\Domain\Electrical\BomScheduleService.cs(8,35): error CS0518: Predefined type 'System.Runtime.CompilerServices.IsExternalInit' is not defined or imported
Assets\SolarSim\Runtime\Application\Equipment\CustomPanelFactory.cs(23,19): error CS0246: The type or namespace name 'IReadOnlyList<>' could not be found (are you missing a using directive or an assembly reference?)
Assets\SolarSim\Runtime\Domain\Electrical\BomScheduleService.cs(9,38): error CS0518: Predefined type 'System.Runtime.CompilerServices.IsExternalInit' is not defined or imported
Assets\SolarSim\Runtime\Domain\Electrical\BomScheduleService.cs(10,32): error CS0518: Predefined type 'System.Runtime.CompilerServices.IsExternalInit' is not defined or imported
Assets\SolarSim\Runtime\Application\Events\ProjectEvents.cs(13,12): error CS0246: The type or namespace name 'IReadOnlyList<>' could not be found (are you missing a using directive or an assembly reference?)
Assets\SolarSim\Runtime\Application\Events\ProjectEvents.cs(13,26): error CS0246: The type or namespace name 'Guid' could not be found (are you missing a using directive or an assembly reference?)
Assets\SolarSim\Runtime\Domain\Electrical\BomScheduleService.cs(11,31): error CS0518: Predefined type 'System.Runtime.CompilerServices.IsExternalInit' is not defined or imported
Assets\SolarSim\Runtime\Application\Events\ProjectEvents.cs(13,60): error CS0518: Predefined type 'System.Runtime.CompilerServices.IsExternalInit' is not defined or imported
Assets\SolarSim\Runtime\Domain\Equipment\InverterDefinition.cs(89,12): error CS0246: The type or namespace name 'Guid' could not be found (are you missing a using directive or an assembly reference?)
Assets\SolarSim\Runtime\Domain\Electrical\BomScheduleService.cs(12,41): error CS0518: Predefined type 'System.Runtime.CompilerServices.IsExternalInit' is not defined or imported
Assets\SolarSim\Runtime\Application\Commands\CommandHistory.cs(23,12): error CS0246: The type or namespace name 'IReadOnlyList<>' could not be found (are you missing a using directive or an assembly reference?)
Assets\SolarSim\Runtime\Domain\Electrical\BomScheduleService.cs(13,18): warning CS8632: The annotation for nullable reference types should only be used in code within a '#nullable' annotations context.
Assets\SolarSim\Runtime\Domain\Roof\RackingLayoutService.cs(7,12): error CS0246: The type or namespace name 'IReadOnlyList<>' could not be found (are you missing a using directive or an assembly reference?)
Assets\SolarSim\Runtime\Domain\Electrical\BomScheduleService.cs(13,33): error CS0518: Predefined type 'System.Runtime.CompilerServices.IsExternalInit' is not defined or imported
Assets\SolarSim\Runtime\Domain\Roof\RackingLayoutService.cs(7,60): error CS0518: Predefined type 'System.Runtime.CompilerServices.IsExternalInit' is not defined or imported
Assets\SolarSim\Runtime\Domain\Roof\RackingLayoutService.cs(8,44): error CS0518: Predefined type 'System.Runtime.CompilerServices.IsExternalInit' is not defined or imported
Assets\SolarSim\Runtime\Domain\Equipment\SolarPanelDefinition.cs(8,12): error CS0246: The type or namespace name 'Guid' could not be found (are you missing a using directive or an assembly reference?)
Assets\SolarSim\Runtime\Domain\Roof\RackingLayoutService.cs(9,33): error CS0518: Predefined type 'System.Runtime.CompilerServices.IsExternalInit' is not defined or imported
Assets\SolarSim\Runtime\Application\Project\SolarProject.cs(16,18): error CS0246: The type or namespace name 'Action' could not be found (are you missing a using directive or an assembly reference?)
Assets\SolarSim\Runtime\Application\Events\ProjectEvents.cs(14,12): error CS0246: The type or namespace name 'IReadOnlyList<>' could not be found (are you missing a using directive or an assembly reference?)
Assets\SolarSim\Runtime\Application\Events\ProjectEvents.cs(14,26): error CS0246: The type or namespace name 'Guid' could not be found (are you missing a using directive or an assembly reference?)
Assets\SolarSim\Runtime\Domain\Equipment\InverterDefinition.cs(8,12): error CS0246: The type or namespace name 'Guid' could not be found (are you missing a using directive or an assembly reference?)
Assets\SolarSim\Runtime\Application\Events\ProjectEvents.cs(14,61): error CS0518: Predefined type 'System.Runtime.CompilerServices.IsExternalInit' is not defined or imported
Assets\SolarSim\Runtime\Domain\Roof\RackingLayoutService.cs(11,37): error CS0518: Predefined type 'System.Runtime.CompilerServices.IsExternalInit' is not defined or imported
Assets\SolarSim\Runtime\Domain\Roof\RackingLayoutService.cs(12,37): error CS0518: Predefined type 'System.Runtime.CompilerServices.IsExternalInit' is not defined or imported
Assets\SolarSim\Runtime\Domain\Roof\RackingLayoutService.cs(13,32): error CS0518: Predefined type 'System.Runtime.CompilerServices.IsExternalInit' is not defined or imported
Assets\SolarSim\Runtime\Application\Commands\CommandHistory.cs(12,22): error CS0246: The type or namespace name 'List<>' could not be found (are you missing a using directive or an assembly reference?)
Assets\SolarSim\Runtime\Domain\Electrical\BomScheduleService.cs(18,12): error CS0246: The type or namespace name 'IReadOnlyList<>' could not be found (are you missing a using directive or an assembly reference?)
Assets\SolarSim\Runtime\Domain\Electrical\BomScheduleService.cs(18,52): error CS0518: Predefined type 'System.Runtime.CompilerServices.IsExternalInit' is not defined or imported
Assets\SolarSim\Runtime\Domain\Electrical\BomScheduleService.cs(19,34): error CS0518: Predefined type 'System.Runtime.CompilerServices.IsExternalInit' is not defined or imported
Assets\SolarSim\Runtime\Domain\Electrical\BomScheduleService.cs(20,39): error CS0518: Predefined type 'System.Runtime.CompilerServices.IsExternalInit' is not defined or imported
Assets\SolarSim\Runtime\Domain\Equipment\SolarPanelInstance.cs(10,12): error CS0246: The type or namespace name 'Guid' could not be found (are you missing a using directive or an assembly reference?)
Assets\SolarSim\Runtime\Domain\Electrical\BomScheduleService.cs(21,36): error CS0518: Predefined type 'System.Runtime.CompilerServices.IsExternalInit' is not defined or imported
Assets\SolarSim\Runtime\Application\Commands\CommandHistory.cs(13,22): error CS0246: The type or namespace name 'List<>' could not be found (are you missing a using directive or an assembly reference?)
Assets\SolarSim\Runtime\Domain\Electrical\BomScheduleService.cs(22,44): error CS0518: Predefined type 'System.Runtime.CompilerServices.IsExternalInit' is not defined or imported
Assets\SolarSim\Runtime\Domain\Electrical\BomScheduleService.cs(55,9): error CS0246: The type or namespace name 'IReadOnlyDictionary<,>' could not be found (are you missing a using directive or an assembly reference?)
Assets\SolarSim\Runtime\Domain\Electrical\BomScheduleService.cs(55,29): error CS0246: The type or namespace name 'Guid' could not be found (are you missing a using directive or an assembly reference?)
Assets\SolarSim\Runtime\Domain\Electrical\BomScheduleService.cs(56,28): warning CS8632: The annotation for nullable reference types should only be used in code within a '#nullable' annotations context.
Assets\SolarSim\Runtime\Application\Commands\CommandHistory.cs(25,26): error CS0066: 'CommandHistory.HistoryChanged': event must be of a delegate type
Assets\SolarSim\Runtime\Domain\Electrical\ConnectionValidator.cs(29,12): error CS0246: The type or namespace name 'List<>' could not be found (are you missing a using directive or an assembly reference?)
Assets\SolarSim\Runtime\Domain\Equipment\SolarPanelInstance.cs(11,12): error CS0246: The type or namespace name 'Guid' could not be found (are you missing a using directive or an assembly reference?)
Assets\SolarSim\Runtime\Domain\Equipment\InverterDefinition.cs(79,19): error CS0246: The type or namespace name 'IReadOnlyList<>' could not be found (are you missing a using directive or an assembly reference?)
Assets\SolarSim\Runtime\Domain\Equipment\SolarPanelDefinition.cs(24,18): warning CS8632: The annotation for nullable reference types should only be used in code within a '#nullable' annotations context.
Assets\SolarSim\Runtime\Application\Commands\ProjectCommands.cs(111,22): error CS0246: The type or namespace name 'Guid' could not be found (are you missing a using directive or an assembly reference?)
Assets\SolarSim\Runtime\Domain\Electrical\ConnectionValidator.cs(30,12): error CS0246: The type or namespace name 'List<>' could not be found (are you missing a using directive or an assembly reference?)
Assets\SolarSim\Runtime\Domain\Roof\RackingLayoutService.cs(145,29): error CS8773: Feature 'record structs' is not available in C# 9.0. Please use language version 10.0 or greater.
Assets\SolarSim\Runtime\Application\Commands\ProjectCommands.cs(151,22): error CS0246: The type or namespace name 'Guid' could not be found (are you missing a using directive or an assembly reference?)
Assets\SolarSim\Runtime\Domain\Electrical\ElectricalCalculationService.cs(42,35): error CS0518: Predefined type 'System.Runtime.CompilerServices.IsExternalInit' is not defined or imported
Assets\SolarSim\Runtime\Domain\Electrical\ConnectionValidator.cs(9,12): error CS0246: The type or namespace name 'IReadOnlyList<>' could not be found (are you missing a using directive or an assembly reference?)
Assets\SolarSim\Runtime\Domain\Electrical\ConnectionValidator.cs(9,26): error CS0246: The type or namespace name 'Guid' could not be found (are you missing a using directive or an assembly reference?)
Assets\SolarSim\Runtime\Domain\Electrical\ElectricalCalculationService.cs(43,39): error CS0518: Predefined type 'System.Runtime.CompilerServices.IsExternalInit' is not defined or imported
Assets\SolarSim\Runtime\Domain\Equipment\SolarPanelDefinition.cs(129,19): error CS0246: The type or namespace name 'IReadOnlyList<>' could not be found (are you missing a using directive or an assembly reference?)
Assets\SolarSim\Runtime\Domain\Electrical\ElectricalCalculationService.cs(44,41): error CS0518: Predefined type 'System.Runtime.CompilerServices.IsExternalInit' is not defined or imported
Assets\SolarSim\Runtime\Domain\Equipment\InverterDefinition.cs(21,9): error CS0246: The type or namespace name 'Guid' could not be found (are you missing a using directive or an assembly reference?)
Assets\SolarSim\Runtime\Domain\Electrical\ElectricalCalculationService.cs(45,35): error CS0518: Predefined type 'System.Runtime.CompilerServices.IsExternalInit' is not defined or imported
Assets\SolarSim\Runtime\Domain\Electrical\ElectricalCalculationService.cs(10,12): error CS0246: The type or namespace name 'Guid' could not be found (are you missing a using directive or an assembly reference?)
Assets\SolarSim\Runtime\Domain\Electrical\ElectricalCalculationService.cs(46,41): error CS0518: Predefined type 'System.Runtime.CompilerServices.IsExternalInit' is not defined or imported
Assets\SolarSim\Runtime\Domain\Electrical\ConnectionValidator.cs(32,76): error CS0246: The type or namespace name 'Guid' could not be found (are you missing a using directive or an assembly reference?)
Assets\SolarSim\Runtime\Application\Commands\ProjectCommands.cs(243,38): warning CS8632: The annotation for nullable reference types should only be used in code within a '#nullable' annotations context.
Assets\SolarSim\Runtime\Application\Project\SolarProject.cs(114,18): error CS0246: The type or namespace name 'Action<>' could not be found (are you missing a using directive or an assembly reference?)
Assets\SolarSim\Runtime\Application\Project\SolarProject.cs(115,18): error CS0246: The type or namespace name 'Action' could not be found (are you missing a using directive or an assembly reference?)
Assets\SolarSim\Runtime\Domain\Equipment\InverterDefinition.cs(99,9): error CS0246: The type or namespace name 'Guid' could not be found (are you missing a using directive or an assembly reference?)
Assets\SolarSim\Runtime\Domain\Equipment\SolarPanelInstance.cs(56,12): error CS0246: The type or namespace name 'IReadOnlyList<>' could not be found (are you missing a using directive or an assembly reference?)
Assets\SolarSim\Runtime\Domain\Electrical\ElectricalCalculationService.cs(26,12): error CS0246: The type or namespace name 'Guid' could not be found (are you missing a using directive or an assembly reference?)
Assets\SolarSim\Runtime\Domain\Electrical\ConnectionValidator.cs(35,78): error CS0246: The type or namespace name 'Guid' could not be found (are you missing a using directive or an assembly reference?)
Assets\SolarSim\Runtime\Domain\Electrical\ElectricalCalculationService.cs(26,33): error CS0518: Predefined type 'System.Runtime.CompilerServices.IsExternalInit' is not defined or imported
Assets\SolarSim\Runtime\Domain\Electrical\ElectricalCalculationService.cs(27,38): error CS0518: Predefined type 'System.Runtime.CompilerServices.IsExternalInit' is not defined or imported
Assets\SolarSim\Runtime\Domain\Electrical\ElectricalCalculationService.cs(28,34): error CS0518: Predefined type 'System.Runtime.CompilerServices.IsExternalInit' is not defined or imported
Assets\SolarSim\Runtime\Domain\Equipment\SolarPanelDefinition.cs(28,9): error CS0246: The type or namespace name 'Guid' could not be found (are you missing a using directive or an assembly reference?)
Assets\SolarSim\Runtime\Domain\Equipment\SolarPanelDefinition.cs(44,15): warning CS8632: The annotation for nullable reference types should only be used in code within a '#nullable' annotations context.
Assets\SolarSim\Runtime\Domain\Electrical\ElectricalCalculationService.cs(29,41): error CS0518: Predefined type 'System.Runtime.CompilerServices.IsExternalInit' is not defined or imported
Assets\SolarSim\Runtime\Domain\Electrical\ConnectionValidator.cs(16,9): error CS0246: The type or namespace name 'IEnumerable<>' could not be found (are you missing a using directive or an assembly reference?)
Assets\SolarSim\Runtime\Domain\Electrical\ConnectionValidator.cs(16,21): error CS0246: The type or namespace name 'Guid' could not be found (are you missing a using directive or an assembly reference?)
Assets\SolarSim\Runtime\Domain\Electrical\ElectricalCalculationService.cs(47,12): error CS0246: The type or namespace name 'IReadOnlyList<>' could not be found (are you missing a using directive or an assembly reference?)
Assets\SolarSim\Runtime\Domain\Electrical\ElectricalCalculationService.cs(30,35): error CS0518: Predefined type 'System.Runtime.CompilerServices.IsExternalInit' is not defined or imported
Assets\SolarSim\Runtime\Domain\Electrical\ElectricalCalculationService.cs(47,66): error CS0518: Predefined type 'System.Runtime.CompilerServices.IsExternalInit' is not defined or imported
Assets\SolarSim\Runtime\Application\Serialization\SolarProjectSerializer.cs(16,12): error CS0246: The type or namespace name 'Guid' could not be found (are you missing a using directive or an assembly reference?)
Assets\SolarSim\Runtime\Domain\Electrical\ElectricalCalculationService.cs(31,35): error CS0518: Predefined type 'System.Runtime.CompilerServices.IsExternalInit' is not defined or imported
Assets\SolarSim\Runtime\Domain\Electrical\ElectricalCalculationService.cs(32,34): error CS0518: Predefined type 'System.Runtime.CompilerServices.IsExternalInit' is not defined or imported
Assets\SolarSim\Runtime\Domain\Electrical\ElectricalCalculationService.cs(33,34): error CS0518: Predefined type 'System.Runtime.CompilerServices.IsExternalInit' is not defined or imported
Assets\SolarSim\Runtime\Domain\Electrical\ElectricalCalculationService.cs(34,44): error CS0518: Predefined type 'System.Runtime.CompilerServices.IsExternalInit' is not defined or imported
Assets\SolarSim\Runtime\Domain\Electrical\ElectricalCalculationService.cs(35,37): error CS0518: Predefined type 'System.Runtime.CompilerServices.IsExternalInit' is not defined or imported
Assets\SolarSim\Runtime\Application\Commands\ProjectCommands.cs(155,53): error CS0246: The type or namespace name 'Guid' could not be found (are you missing a using directive or an assembly reference?)
Assets\SolarSim\Runtime\Application\Commands\ProjectCommands.cs(119,9): error CS0246: The type or namespace name 'Guid' could not be found (are you missing a using directive or an assembly reference?)
Assets\SolarSim\Runtime\Domain\Equipment\SolarPanelInstance.cs(70,33): error CS0246: The type or namespace name 'Guid' could not be found (are you missing a using directive or an assembly reference?)
Assets\SolarSim\Runtime\Domain\Electrical\ElectricalCalculationService.cs(12,12): error CS0246: The type or namespace name 'IReadOnlyList<>' could not be found (are you missing a using directive or an assembly reference?)
Assets\SolarSim\Runtime\Domain\Electrical\ElectricalCalculationService.cs(12,26): error CS0246: The type or namespace name 'Guid' could not be found (are you missing a using directive or an assembly reference?)
Assets\SolarSim\Runtime\Application\Commands\ProjectCommands.cs(192,12): error CS0246: The type or namespace name 'Guid' could not be found (are you missing a using directive or an assembly reference?)
Assets\SolarSim\Runtime\Application\Commands\ProjectCommands.cs(244,12): error CS0246: The type or namespace name 'Guid' could not be found (are you missing a using directive or an assembly reference?)
Assets\SolarSim\Runtime\Application\Serialization\SolarProjectSerializer.cs(71,12): error CS0246: The type or namespace name 'Guid' could not be found (are you missing a using directive or an assembly reference?)
Assets\SolarSim\Runtime\Domain\Electrical\ElectricalCalculationService.cs(48,12): error CS0246: The type or namespace name 'IReadOnlyList<>' could not be found (are you missing a using directive or an assembly reference?)
Assets\SolarSim\Runtime\Domain\Electrical\ElectricalCalculationService.cs(48,59): error CS0518: Predefined type 'System.Runtime.CompilerServices.IsExternalInit' is not defined or imported
Assets\SolarSim\Runtime\Domain\Roof\RackingLayoutService.cs(23,9): error CS0246: The type or namespace name 'IReadOnlyList<>' could not be found (are you missing a using directive or an assembly reference?)
Assets\SolarSim\Runtime\Domain\Roof\RackingLayoutService.cs(24,9): error CS0246: The type or namespace name 'IReadOnlyDictionary<,>' could not be found (are you missing a using directive or an assembly reference?)
Assets\SolarSim\Runtime\Domain\Roof\RackingLayoutService.cs(24,29): error CS0246: The type or namespace name 'Guid' could not be found (are you missing a using directive or an assembly reference?)
Assets\SolarSim\Runtime\Domain\Electrical\ElectricalConnection.cs(10,12): error CS0246: The type or namespace name 'Guid' could not be found (are you missing a using directive or an assembly reference?)
Assets\SolarSim\Runtime\Domain\Electrical\ElectricalCalculationService.cs(36,12): error CS0246: The type or namespace name 'IReadOnlyList<>' could not be found (are you missing a using directive or an assembly reference?)
Assets\SolarSim\Runtime\Domain\Electrical\ElectricalCalculationService.cs(36,59): error CS0518: Predefined type 'System.Runtime.CompilerServices.IsExternalInit' is not defined or imported
Assets\SolarSim\Runtime\Domain\Equipment\SolarPanelInstance.cs(72,35): error CS0246: The type or namespace name 'Guid' could not be found (are you missing a using directive or an assembly reference?)
Assets\SolarSim\Runtime\Application\Project\SolarProject.cs(96,12): error CS0246: The type or namespace name 'Guid' could not be found (are you missing a using directive or an assembly reference?)
Assets\SolarSim\Runtime\Application\Project\SolarProject.cs(13,12): error CS0246: The type or namespace name 'IReadOnlyCollection<>' could not be found (are you missing a using directive or an assembly reference?)
Assets\SolarSim\Runtime\Application\Project\SolarProject.cs(13,32): error CS0246: The type or namespace name 'Guid' could not be found (are you missing a using directive or an assembly reference?)
Assets\SolarSim\Runtime\Application\Project\SolarProject.cs(98,18): warning CS8632: The annotation for nullable reference types should only be used in code within a '#nullable' annotations context.
Assets\SolarSim\Runtime\Domain\Electrical\ElectricalCalculationService.cs(49,12): error CS0246: The type or namespace name 'IReadOnlyList<>' could not be found (are you missing a using directive or an assembly reference?)
Assets\SolarSim\Runtime\Domain\Electrical\ElectricalConnection.cs(11,12): error CS0246: The type or namespace name 'Guid' could not be found (are you missing a using directive or an assembly reference?)
Assets\SolarSim\Runtime\Domain\Electrical\ElectricalCalculationService.cs(49,57): error CS0518: Predefined type 'System.Runtime.CompilerServices.IsExternalInit' is not defined or imported
Assets\SolarSim\Runtime\Domain\Electrical\ElectricalCalculationService.cs(37,12): error CS0246: The type or namespace name 'IReadOnlyList<>' could not be found (are you missing a using directive or an assembly reference?)
Assets\SolarSim\Runtime\Domain\Electrical\ElectricalPort.cs(5,5): error CS0246: The type or namespace name 'Guid' could not be found (are you missing a using directive or an assembly reference?)
Assets\SolarSim\Runtime\Domain\Electrical\ElectricalCalculationService.cs(37,57): error CS0518: Predefined type 'System.Runtime.CompilerServices.IsExternalInit' is not defined or imported
Assets\SolarSim\Runtime\Application\Serialization\SolarProjectSerializer.cs(84,12): error CS0246: The type or namespace name 'Guid' could not be found (are you missing a using directive or an assembly reference?)
Assets\SolarSim\Runtime\Domain\Electrical\ElectricalConnection.cs(55,12): error CS0246: The type or namespace name 'List<>' could not be found (are you missing a using directive or an assembly reference?)
Assets\SolarSim\Runtime\Domain\Electrical\ElectricalCalculationService.cs(71,9): error CS0246: The type or namespace name 'IReadOnlyDictionary<,>' could not be found (are you missing a using directive or an assembly reference?)
Assets\SolarSim\Runtime\Domain\Electrical\ElectricalCalculationService.cs(71,29): error CS0246: The type or namespace name 'Guid' could not be found (are you missing a using directive or an assembly reference?)
Assets\SolarSim\Runtime\Domain\Electrical\ElectricalCalculationService.cs(72,9): error CS0246: The type or namespace name 'IReadOnlyDictionary<,>' could not be found (are you missing a using directive or an assembly reference?)
Assets\SolarSim\Runtime\Domain\Electrical\ElectricalCalculationService.cs(72,29): error CS0246: The type or namespace name 'Guid' could not be found (are you missing a using directive or an assembly reference?)
Assets\SolarSim\Runtime\Domain\Roof\RackingLayoutService.cs(94,20): error CS0246: The type or namespace name 'List<>' could not be found (are you missing a using directive or an assembly reference?)
Assets\SolarSim\Runtime\Domain\Electrical\ElectricalCalculationService.cs(56,9): error CS0246: The type or namespace name 'IReadOnlyDictionary<,>' could not be found (are you missing a using directive or an assembly reference?)
Assets\SolarSim\Runtime\Domain\Electrical\ElectricalCalculationService.cs(56,29): error CS0246: The type or namespace name 'Guid' could not be found (are you missing a using directive or an assembly reference?)
Assets\SolarSim\Runtime\Domain\Electrical\ElectricalCalculationService.cs(57,9): error CS0246: The type or namespace name 'IReadOnlyDictionary<,>' could not be found (are you missing a using directive or an assembly reference?)
Assets\SolarSim\Runtime\Domain\Electrical\ElectricalCalculationService.cs(57,29): error CS0246: The type or namespace name 'Guid' could not be found (are you missing a using directive or an assembly reference?)
Assets\SolarSim\Runtime\Domain\Electrical\ElectricalPort.cs(6,5): error CS0246: The type or namespace name 'IReadOnlyList<>' could not be found (are you missing a using directive or an assembly reference?)
Assets\SolarSim\Runtime\Domain\Electrical\ElectricalConnection.cs(12,12): error CS0246: The type or namespace name 'Guid' could not be found (are you missing a using directive or an assembly reference?)
Assets\SolarSim\Runtime\Application\Commands\ProjectCommands.cs(181,22): error CS0246: The type or namespace name 'Guid' could not be found (are you missing a using directive or an assembly reference?)
Assets\SolarSim\Runtime\Application\Serialization\SolarProjectSerializer.cs(22,12): error CS0246: The type or namespace name 'List<>' could not be found (are you missing a using directive or an assembly reference?)
Assets\SolarSim\Runtime\Domain\Electrical\ElectricalCalculationService.cs(14,21): error CS0246: The type or namespace name 'Guid' could not be found (are you missing a using directive or an assembly reference?)
Assets\SolarSim\Runtime\Domain\Electrical\ElectricalCalculationService.cs(14,50): error CS0246: The type or namespace name 'IReadOnlyList<>' could not be found (are you missing a using directive or an assembly reference?)
Assets\SolarSim\Runtime\Domain\Electrical\ElectricalCalculationService.cs(14,64): error CS0246: The type or namespace name 'Guid' could not be found (are you missing a using directive or an assembly reference?)
Assets\SolarSim\Runtime\Application\Commands\ProjectCommands.cs(183,31): warning CS8632: The annotation for nullable reference types should only be used in code within a '#nullable' annotations context.
Assets\SolarSim\Runtime\Application\Commands\ProjectCommands.cs(229,22): error CS0246: The type or namespace name 'Guid' could not be found (are you missing a using directive or an assembly reference?)
Assets\SolarSim\Runtime\Application\Commands\ProjectCommands.cs(278,22): error CS0246: The type or namespace name 'Guid' could not be found (are you missing a using directive or an assembly reference?)
Assets\SolarSim\Runtime\Application\Commands\ProjectCommands.cs(279,33): warning CS8632: The annotation for nullable reference types should only be used in code within a '#nullable' annotations context.
Assets\SolarSim\Runtime\Domain\Electrical\ElectricalConnection.cs(30,30): error CS0246: The type or namespace name 'Guid' could not be found (are you missing a using directive or an assembly reference?)
Assets\SolarSim\Runtime\Application\Commands\ProjectCommands.cs(325,22): error CS0246: The type or namespace name 'Guid' could not be found (are you missing a using directive or an assembly reference?)
Assets\SolarSim\Runtime\Application\Serialization\SolarProjectSerializer.cs(78,12): error CS0246: The type or namespace name 'List<>' could not be found (are you missing a using directive or an assembly reference?)
Assets\SolarSim\Runtime\Application\Serialization\SolarProjectSerializer.cs(79,28): warning CS8632: The annotation for nullable reference types should only be used in code within a '#nullable' annotations context.
Assets\SolarSim\Runtime\Domain\Electrical\ElectricalPort.cs(11,12): error CS0246: The type or namespace name 'Guid' could not be found (are you missing a using directive or an assembly reference?)
Assets\SolarSim\Runtime\Domain\Electrical\ElectricalGraph.cs(7,5): error CS0246: The type or namespace name 'IReadOnlyDictionary<,>' could not be found (are you missing a using directive or an assembly reference?)
Assets\SolarSim\Runtime\Domain\Electrical\ElectricalGraph.cs(7,25): error CS0246: The type or namespace name 'Guid' could not be found (are you missing a using directive or an assembly reference?)
Assets\SolarSim\Runtime\Application\Serialization\SolarProjectSerializer.cs(96,12): error CS0246: The type or namespace name 'Guid' could not be found (are you missing a using directive or an assembly reference?)
Assets\SolarSim\Runtime\Application\Commands\ProjectCommands.cs(230,22): error CS0246: The type or namespace name 'Guid' could not be found (are you missing a using directive or an assembly reference?)
Assets\SolarSim\Runtime\Domain\Equipment\SolarPanelInstance.cs(20,9): error CS0246: The type or namespace name 'Guid' could not be found (are you missing a using directive or an assembly reference?)
Assets\SolarSim\Runtime\Domain\Equipment\SolarPanelInstance.cs(21,9): error CS0246: The type or namespace name 'Guid' could not be found (are you missing a using directive or an assembly reference?)
Assets\SolarSim\Runtime\Domain\Equipment\SolarPanelInstance.cs(26,23): warning CS8632: The annotation for nullable reference types should only be used in code within a '#nullable' annotations context.
Assets\SolarSim\Runtime\Domain\Equipment\SolarPanelInstance.cs(27,23): warning CS8632: The annotation for nullable reference types should only be used in code within a '#nullable' annotations context.
Assets\SolarSim\Runtime\Application\Commands\ProjectCommands.cs(185,56): error CS0246: The type or namespace name 'Guid' could not be found (are you missing a using directive or an assembly reference?)
Assets\SolarSim\Runtime\Domain\Electrical\ElectricalConnection.cs(32,27): error CS0246: The type or namespace name 'Guid' could not be found (are you missing a using directive or an assembly reference?)
Assets\SolarSim\Runtime\Domain\Electrical\ElectricalConnection.cs(32,12): error CS0246: The type or namespace name 'Guid' could not be found (are you missing a using directive or an assembly reference?)
Assets\SolarSim\Runtime\Domain\Electrical\ElectricalPort.cs(12,12): error CS0246: The type or namespace name 'Guid' could not be found (are you missing a using directive or an assembly reference?)
Assets\SolarSim\Runtime\Domain\Roof\RackingLayoutService.cs(119,61): error CS0246: The type or namespace name 'List<>' could not be found (are you missing a using directive or an assembly reference?)
Assets\SolarSim\Runtime\Domain\Roof\RackingLayoutService.cs(119,20): error CS0246: The type or namespace name 'List<>' could not be found (are you missing a using directive or an assembly reference?)
Assets\SolarSim\Runtime\Domain\Roof\RackingLayoutService.cs(119,25): error CS0246: The type or namespace name 'List<>' could not be found (are you missing a using directive or an assembly reference?)
Assets\SolarSim\Runtime\Application\Commands\ProjectCommands.cs(281,52): error CS0246: The type or namespace name 'Guid' could not be found (are you missing a using directive or an assembly reference?)
Assets\SolarSim\Runtime\Application\Project\SolarProject.cs(105,12): error CS0246: The type or namespace name 'Dictionary<,>' could not be found (are you missing a using directive or an assembly reference?)
Assets\SolarSim\Runtime\Application\Project\SolarProject.cs(105,23): error CS0246: The type or namespace name 'Guid' could not be found (are you missing a using directive or an assembly reference?)
Assets\SolarSim\Runtime\Application\Commands\ProjectCommands.cs(329,55): error CS0246: The type or namespace name 'Guid' could not be found (are you missing a using directive or an assembly reference?)
Assets\SolarSim\Runtime\Domain\Electrical\ElectricalGraph.cs(42,12): error CS0246: The type or namespace name 'IReadOnlyDictionary<,>' could not be found (are you missing a using directive or an assembly reference?)
Assets\SolarSim\Runtime\Domain\Electrical\ElectricalGraph.cs(42,32): error CS0246: The type or namespace name 'Guid' could not be found (are you missing a using directive or an assembly reference?)
Assets\SolarSim\Runtime\Domain\Electrical\ElectricalPort.cs(18,12): error CS0246: The type or namespace name 'Guid' could not be found (are you missing a using directive or an assembly reference?)
Assets\SolarSim\Runtime\Domain\Electrical\ElectricalCalculationService.cs(157,9): error CS0246: The type or namespace name 'IReadOnlyList<>' could not be found (are you missing a using directive or an assembly reference?)
Assets\SolarSim\Runtime\Domain\Electrical\ElectricalCalculationService.cs(158,9): error CS0246: The type or namespace name 'IReadOnlyDictionary<,>' could not be found (are you missing a using directive or an assembly reference?)
Assets\SolarSim\Runtime\Domain\Electrical\ElectricalCalculationService.cs(158,29): error CS0246: The type or namespace name 'Guid' could not be found (are you missing a using directive or an assembly reference?)
Assets\SolarSim\Runtime\Domain\Electrical\ElectricalCalculationService.cs(159,9): error CS0246: The type or namespace name 'IReadOnlyDictionary<,>' could not be found (are you missing a using directive or an assembly reference?)
Assets\SolarSim\Runtime\Domain\Electrical\ElectricalCalculationService.cs(159,29): error CS0246: The type or namespace name 'Guid' could not be found (are you missing a using directive or an assembly reference?)
Assets\SolarSim\Runtime\Application\Serialization\SolarProjectSerializer.cs(25,12): error CS0246: The type or namespace name 'List<>' could not be found (are you missing a using directive or an assembly reference?)
Assets\SolarSim\Runtime\Domain\Electrical\ElectricalGraph.cs(8,5): error CS0246: The type or namespace name 'IReadOnlyDictionary<,>' could not be found (are you missing a using directive or an assembly reference?)
Assets\SolarSim\Runtime\Domain\Electrical\ElectricalGraph.cs(8,25): error CS0246: The type or namespace name 'Guid' could not be found (are you missing a using directive or an assembly reference?)
Assets\SolarSim\Runtime\Application\Commands\ProjectCommands.cs(232,13): error CS0246: The type or namespace name 'Guid' could not be found (are you missing a using directive or an assembly reference?)
Assets\SolarSim\Runtime\Application\Commands\ProjectCommands.cs(233,39): warning CS8632: The annotation for nullable reference types should only be used in code within a '#nullable' annotations context.
Assets\SolarSim\Runtime\Domain\Electrical\ElectricalCalculationService.cs(60,9): error CS0246: The type or namespace name 'IReadOnlyList<>' could not be found (are you missing a using directive or an assembly reference?)
Assets\SolarSim\Runtime\Domain\Electrical\ElectricalCalculationService.cs(61,9): error CS0246: The type or namespace name 'IReadOnlyDictionary<,>' could not be found (are you missing a using directive or an assembly reference?)
Assets\SolarSim\Runtime\Domain\Electrical\ElectricalCalculationService.cs(61,29): error CS0246: The type or namespace name 'Guid' could not be found (are you missing a using directive or an assembly reference?)
Assets\SolarSim\Runtime\Domain\Electrical\ElectricalCalculationService.cs(62,9): error CS0246: The type or namespace name 'IReadOnlyDictionary<,>' could not be found (are you missing a using directive or an assembly reference?)
Assets\SolarSim\Runtime\Domain\Electrical\ElectricalCalculationService.cs(62,29): error CS0246: The type or namespace name 'Guid' could not be found (are you missing a using directive or an assembly reference?)
Assets\SolarSim\Runtime\Application\Project\SolarProject.cs(14,12): error CS0246: The type or namespace name 'IReadOnlyCollection<>' could not be found (are you missing a using directive or an assembly reference?)
Assets\SolarSim\Runtime\Application\Project\SolarProject.cs(14,32): error CS0246: The type or namespace name 'Guid' could not be found (are you missing a using directive or an assembly reference?)
Assets\SolarSim\Runtime\Domain\Electrical\ElectricalPort.cs(51,34): error CS0246: The type or namespace name 'Guid' could not be found (are you missing a using directive or an assembly reference?)
Assets\SolarSim\Runtime\Domain\Electrical\ElectricalCalculationService.cs(203,45): error CS0246: The type or namespace name 'IReadOnlyList<>' could not be found (are you missing a using directive or an assembly reference?)
Assets\SolarSim\Runtime\Domain\Roof\RackingLayoutService.cs(145,58): error CS0518: Predefined type 'System.Runtime.CompilerServices.IsExternalInit' is not defined or imported
Assets\SolarSim\Runtime\Domain\Roof\RackingLayoutService.cs(145,68): error CS0518: Predefined type 'System.Runtime.CompilerServices.IsExternalInit' is not defined or imported
Assets\SolarSim\Runtime\Domain\Roof\RackingLayoutService.cs(145,78): error CS0518: Predefined type 'System.Runtime.CompilerServices.IsExternalInit' is not defined or imported
Assets\SolarSim\Runtime\Domain\Roof\RackingLayoutService.cs(145,88): error CS0518: Predefined type 'System.Runtime.CompilerServices.IsExternalInit' is not defined or imported
Assets\SolarSim\Runtime\Domain\Roof\RackingLayoutService.cs(145,98): error CS0518: Predefined type 'System.Runtime.CompilerServices.IsExternalInit' is not defined or imported
Assets\SolarSim\Runtime\Domain\Electrical\ElectricalPort.cs(58,33): error CS0246: The type or namespace name 'Guid' could not be found (are you missing a using directive or an assembly reference?)
Assets\SolarSim\Runtime\Domain\Electrical\MpptCompatibilityService.cs(7,36): error CS0518: Predefined type 'System.Runtime.CompilerServices.IsExternalInit' is not defined or imported
Assets\SolarSim\Runtime\Domain\Electrical\ElectricalConnection.cs(16,9): error CS0246: The type or namespace name 'Guid' could not be found (are you missing a using directive or an assembly reference?)
Assets\SolarSim\Runtime\Domain\Electrical\ElectricalConnection.cs(17,9): error CS0246: The type or namespace name 'Guid' could not be found (are you missing a using directive or an assembly reference?)
Assets\SolarSim\Runtime\Domain\Electrical\ElectricalConnection.cs(18,9): error CS0246: The type or namespace name 'Guid' could not be found (are you missing a using directive or an assembly reference?)
Assets\SolarSim\Runtime\Domain\Electrical\ElectricalConnection.cs(19,15): warning CS8632: The annotation for nullable reference types should only be used in code within a '#nullable' annotations context.
Assets\SolarSim\Runtime\Domain\Electrical\ElectricalGraph.cs(43,12): error CS0246: The type or namespace name 'IReadOnlyDictionary<,>' could not be found (are you missing a using directive or an assembly reference?)
Assets\SolarSim\Runtime\Domain\Electrical\ElectricalGraph.cs(43,32): error CS0246: The type or namespace name 'Guid' could not be found (are you missing a using directive or an assembly reference?)
Assets\SolarSim\Runtime\Domain\Roof\RoofGeometry.cs(301,71): warning CS8632: The annotation for nullable reference types should only be used in code within a '#nullable' annotations context.
Assets\SolarSim\Runtime\Domain\Roof\RoofGeometry.cs(301,85): warning CS8632: The annotation for nullable reference types should only be used in code within a '#nullable' annotations context.
Assets\SolarSim\Runtime\Application\Serialization\SolarProjectSerializer.cs(117,12): error CS0246: The type or namespace name 'Guid' could not be found (are you missing a using directive or an assembly reference?)
Assets\SolarSim\Runtime\Domain\Electrical\ElectricalGraph.cs(9,5): error CS0246: The type or namespace name 'IReadOnlyDictionary<,>' could not be found (are you missing a using directive or an assembly reference?)
Assets\SolarSim\Runtime\Domain\Electrical\ElectricalGraph.cs(9,25): error CS0246: The type or namespace name 'Guid' could not be found (are you missing a using directive or an assembly reference?)
Assets\SolarSim\Runtime\Domain\Electrical\MpptCompatibilityService.cs(8,12): error CS0246: The type or namespace name 'Guid' could not be found (are you missing a using directive or an assembly reference?)
Assets\SolarSim\Runtime\Application\Commands\ProjectCommands.cs(366,22): error CS0246: The type or namespace name 'Guid' could not be found (are you missing a using directive or an assembly reference?)
Assets\SolarSim\Runtime\Domain\Electrical\MpptCompatibilityService.cs(27,12): error CS0246: The type or namespace name 'Guid' could not be found (are you missing a using directive or an assembly reference?)
Assets\SolarSim\Runtime\Domain\Electrical\MpptCompatibilityService.cs(8,39): error CS0518: Predefined type 'System.Runtime.CompilerServices.IsExternalInit' is not defined or imported
Assets\SolarSim\Runtime\Domain\Electrical\MpptCompatibilityService.cs(27,35): error CS0518: Predefined type 'System.Runtime.CompilerServices.IsExternalInit' is not defined or imported
Assets\SolarSim\Runtime\Domain\Roof\RoofDocument.cs(11,12): error CS0246: The type or namespace name 'IReadOnlyList<>' could not be found (are you missing a using directive or an assembly reference?)
Assets\SolarSim\Runtime\Domain\Electrical\MpptCompatibilityService.cs(28,31): error CS0518: Predefined type 'System.Runtime.CompilerServices.IsExternalInit' is not defined or imported
Assets\SolarSim\Runtime\Application\Project\SolarProject.cs(132,51): error CS0246: The type or namespace name 'Guid' could not be found (are you missing a using directive or an assembly reference?)
Assets\SolarSim\Runtime\Domain\Electrical\MpptCompatibilityService.cs(29,49): error CS0518: Predefined type 'System.Runtime.CompilerServices.IsExternalInit' is not defined or imported
Assets\SolarSim\Runtime\Domain\Roof\RoofSurface.cs(3,47): error CS0518: Predefined type 'System.Runtime.CompilerServices.IsExternalInit' is not defined or imported
Assets\SolarSim\Runtime\Domain\Roof\RoofSurface.cs(3,57): error CS0518: Predefined type 'System.Runtime.CompilerServices.IsExternalInit' is not defined or imported
Assets\SolarSim\Runtime\Application\Serialization\SolarProjectSerializer.cs(129,12): error CS0246: The type or namespace name 'Guid' could not be found (are you missing a using directive or an assembly reference?)
Assets\SolarSim\Runtime\Domain\Roof\RoofDocument.cs(12,12): error CS0246: The type or namespace name 'Guid' could not be found (are you missing a using directive or an assembly reference?)
Assets\SolarSim\Runtime\Application\Commands\ProjectCommands.cs(49,22): error CS0246: The type or namespace name 'List<>' could not be found (are you missing a using directive or an assembly reference?)
Assets\SolarSim\Runtime\Domain\Roof\RoofGeometry.cs(21,9): error CS0246: The type or namespace name 'IReadOnlyList<>' could not be found (are you missing a using directive or an assembly reference?)
Assets\SolarSim\Runtime\Application\Serialization\SolarProjectSerializer.cs(105,12): error CS0246: The type or namespace name 'List<>' could not be found (are you missing a using directive or an assembly reference?)
Assets\SolarSim\Runtime\Domain\Electrical\ElectricalGraph.cs(10,5): error CS0246: The type or namespace name 'IReadOnlyList<>' could not be found (are you missing a using directive or an assembly reference?)
Assets\SolarSim\Runtime\Domain\Roof\RoofDocument.cs(14,23): warning CS8632: The annotation for nullable reference types should only be used in code within a '#nullable' annotations context.
Assets\SolarSim\Runtime\Domain\Electrical\StringSizingService.cs(41,9): error CS0246: The type or namespace name 'Guid' could not be found (are you missing a using directive or an assembly reference?)
Assets\SolarSim\Runtime\Domain\Electrical\MpptCompatibilityService.cs(9,12): error CS0246: The type or namespace name 'Guid' could not be found (are you missing a using directive or an assembly reference?)
Assets\SolarSim\Runtime\Domain\Electrical\MpptCompatibilityService.cs(9,39): error CS0518: Predefined type 'System.Runtime.CompilerServices.IsExternalInit' is not defined or imported
Assets\SolarSim\Runtime\Domain\Electrical\ElectricalGraph.cs(44,12): error CS0246: The type or namespace name 'IReadOnlyDictionary<,>' could not be found (are you missing a using directive or an assembly reference?)
Assets\SolarSim\Runtime\Domain\Electrical\ElectricalGraph.cs(44,32): error CS0246: The type or namespace name 'Guid' could not be found (are you missing a using directive or an assembly reference?)
Assets\SolarSim\Runtime\Domain\Electrical\ElectricalPort.cs(22,9): error CS0246: The type or namespace name 'Guid' could not be found (are you missing a using directive or an assembly reference?)
Assets\SolarSim\Runtime\Domain\Electrical\ElectricalPort.cs(23,9): error CS0246: The type or namespace name 'Guid' could not be found (are you missing a using directive or an assembly reference?)
Assets\SolarSim\Runtime\Domain\Electrical\ElectricalPort.cs(28,9): error CS0246: The type or namespace name 'Guid' could not be found (are you missing a using directive or an assembly reference?)
Assets\SolarSim\Runtime\Domain\Electrical\ElectricalPort.cs(30,15): warning CS8632: The annotation for nullable reference types should only be used in code within a '#nullable' annotations context.
Assets\SolarSim\Runtime\Domain\Electrical\MpptCompatibilityService.cs(30,12): error CS0246: The type or namespace name 'IReadOnlyList<>' could not be found (are you missing a using directive or an assembly reference?)
Assets\SolarSim\Runtime\Domain\Roof\RoofDocument.cs(32,38): warning CS8632: The annotation for nullable reference types should only be used in code within a '#nullable' annotations context.
Assets\SolarSim\Runtime\Domain\Electrical\MpptCompatibilityService.cs(10,42): error CS0518: Predefined type 'System.Runtime.CompilerServices.IsExternalInit' is not defined or imported
Assets\SolarSim\Runtime\Domain\Electrical\StringSizingService.cs(7,12): error CS0246: The type or namespace name 'Guid' could not be found (are you missing a using directive or an assembly reference?)
Assets\SolarSim\Runtime\Domain\Electrical\MpptCompatibilityService.cs(30,61): error CS0518: Predefined type 'System.Runtime.CompilerServices.IsExternalInit' is not defined or imported
Assets\SolarSim\Runtime\Domain\Electrical\StringSizingService.cs(7,42): error CS0518: Predefined type 'System.Runtime.CompilerServices.IsExternalInit' is not defined or imported
Assets\SolarSim\Runtime\Domain\Electrical\MpptCompatibilityService.cs(11,42): error CS0518: Predefined type 'System.Runtime.CompilerServices.IsExternalInit' is not defined or imported
Assets\SolarSim\Runtime\Domain\Electrical\StringSizingService.cs(8,36): error CS0518: Predefined type 'System.Runtime.CompilerServices.IsExternalInit' is not defined or imported
Assets\SolarSim\Runtime\Domain\Roof\RoofGeometry.cs(61,46): error CS0246: The type or namespace name 'IReadOnlyList<>' could not be found (are you missing a using directive or an assembly reference?)
Assets\SolarSim\Runtime\Domain\Electrical\StringSizingService.cs(9,38): error CS0518: Predefined type 'System.Runtime.CompilerServices.IsExternalInit' is not defined or imported
Assets\SolarSim\Runtime\Domain\Electrical\StringSizingService.cs(10,39): error CS0518: Predefined type 'System.Runtime.CompilerServices.IsExternalInit' is not defined or imported
Assets\SolarSim\Runtime\Domain\Electrical\StringSizingService.cs(11,38): error CS0518: Predefined type 'System.Runtime.CompilerServices.IsExternalInit' is not defined or imported
Assets\SolarSim\Runtime\Domain\Electrical\VoltageDropCalculator.cs(9,29): error CS0246: The type or namespace name 'Dictionary<,>' could not be found (are you missing a using directive or an assembly reference?)
Assets\SolarSim\Runtime\Domain\Electrical\StringSizingService.cs(12,44): error CS0518: Predefined type 'System.Runtime.CompilerServices.IsExternalInit' is not defined or imported
Assets\SolarSim\Runtime\Domain\Electrical\StringSizingService.cs(13,41): error CS0518: Predefined type 'System.Runtime.CompilerServices.IsExternalInit' is not defined or imported
Assets\SolarSim\Runtime\Domain\Roof\RoofDocument.cs(49,28): error CS0246: The type or namespace name 'Guid' could not be found (are you missing a using directive or an assembly reference?)
Assets\SolarSim\Runtime\Domain\Electrical\StringSizingService.cs(14,50): error CS0518: Predefined type 'System.Runtime.CompilerServices.IsExternalInit' is not defined or imported
Assets\SolarSim\Runtime\Domain\Electrical\VoltageDropCalculator.cs(60,12): error CS0518: Predefined type 'System.Runtime.CompilerServices.IsExternalInit' is not defined or imported
Assets\SolarSim\Runtime\Domain\Roof\RoofGeometry.cs(74,61): error CS0246: The type or namespace name 'IReadOnlyList<>' could not be found (are you missing a using directive or an assembly reference?)
Assets\SolarSim\Runtime\Domain\Electrical\StringSizingService.cs(15,44): error CS0518: Predefined type 'System.Runtime.CompilerServices.IsExternalInit' is not defined or imported
Assets\SolarSim\Runtime\Domain\Electrical\VoltageDropCalculator.cs(61,12): error CS0518: Predefined type 'System.Runtime.CompilerServices.IsExternalInit' is not defined or imported
Assets\SolarSim\Runtime\Domain\Electrical\VoltageDropCalculator.cs(62,12): error CS0518: Predefined type 'System.Runtime.CompilerServices.IsExternalInit' is not defined or imported
Assets\SolarSim\Runtime\Domain\Electrical\StringSizingService.cs(16,45): error CS0518: Predefined type 'System.Runtime.CompilerServices.IsExternalInit' is not defined or imported
Assets\SolarSim\Runtime\Domain\Electrical\VoltageDropCalculator.cs(63,12): error CS0518: Predefined type 'System.Runtime.CompilerServices.IsExternalInit' is not defined or imported
Assets\SolarSim\Runtime\Domain\Electrical\VoltageDropCalculator.cs(64,12): error CS0518: Predefined type 'System.Runtime.CompilerServices.IsExternalInit' is not defined or imported
Assets\SolarSim\Runtime\Domain\Electrical\StringSizingService.cs(17,47): error CS0518: Predefined type 'System.Runtime.CompilerServices.IsExternalInit' is not defined or imported
Assets\SolarSim\Runtime\Domain\Electrical\VoltageDropCalculator.cs(65,13): error CS0518: Predefined type 'System.Runtime.CompilerServices.IsExternalInit' is not defined or imported
Assets\SolarSim\Runtime\Domain\Electrical\ElectricalGraph.cs(13,22): error CS0246: The type or namespace name 'Guid' could not be found (are you missing a using directive or an assembly reference?)
Assets\SolarSim\Runtime\Domain\Electrical\VoltageDropCalculator.cs(66,18): error CS0518: Predefined type 'System.Runtime.CompilerServices.IsExternalInit' is not defined or imported
Assets\SolarSim\Runtime\Domain\Electrical\StringSizingService.cs(18,47): error CS0518: Predefined type 'System.Runtime.CompilerServices.IsExternalInit' is not defined or imported
Assets\SolarSim\Runtime\Domain\Electrical\VoltageDropCalculator.cs(67,12): error CS0518: Predefined type 'System.Runtime.CompilerServices.IsExternalInit' is not defined or imported
Assets\SolarSim\Runtime\Domain\Electrical\ElectricalGraph.cs(45,12): error CS0246: The type or namespace name 'IReadOnlyList<>' could not be found (are you missing a using directive or an assembly reference?)
Assets\SolarSim\Runtime\Domain\Electrical\VoltageDropCalculator.cs(68,12): error CS0518: Predefined type 'System.Runtime.CompilerServices.IsExternalInit' is not defined or imported
Assets\SolarSim\Runtime\Domain\Electrical\StringSizingService.cs(21,42): error CS0518: Predefined type 'System.Runtime.CompilerServices.IsExternalInit' is not defined or imported
Assets\SolarSim\Runtime\Domain\Roof\RoofGeometry.cs(301,56): error CS0518: Predefined type 'System.Runtime.CompilerServices.IsExternalInit' is not defined or imported
Assets\SolarSim\Runtime\Application\Serialization\SolarProjectSerializer.cs(145,18): warning CS8632: The annotation for nullable reference types should only be used in code within a '#nullable' annotations context.
Assets\SolarSim\Runtime\Domain\Electrical\VoltageDropCalculator.cs(69,10): error CS0518: Predefined type 'System.Runtime.CompilerServices.IsExternalInit' is not defined or imported
Assets\SolarSim\Runtime\Domain\Roof\RoofGeometry.cs(301,73): error CS0518: Predefined type 'System.Runtime.CompilerServices.IsExternalInit' is not defined or imported
Assets\SolarSim\Runtime\Application\Serialization\SolarProjectSerializer.cs(173,12): error CS0246: The type or namespace name 'Guid' could not be found (are you missing a using directive or an assembly reference?)
Assets\SolarSim\Runtime\Domain\Electrical\StringSizingService.cs(24,42): error CS0518: Predefined type 'System.Runtime.CompilerServices.IsExternalInit' is not defined or imported
Assets\SolarSim\Runtime\Domain\Electrical\MpptCompatibilityService.cs(43,9): error CS0246: The type or namespace name 'IReadOnlyDictionary<,>' could not be found (are you missing a using directive or an assembly reference?)
Assets\SolarSim\Runtime\Domain\Electrical\MpptCompatibilityService.cs(43,29): error CS0246: The type or namespace name 'Guid' could not be found (are you missing a using directive or an assembly reference?)
Assets\SolarSim\Runtime\Domain\Electrical\MpptCompatibilityService.cs(44,29): warning CS8632: The annotation for nullable reference types should only be used in code within a '#nullable' annotations context.
Assets\SolarSim\Runtime\Domain\Electrical\MpptCompatibilityService.cs(40,19): error CS0246: The type or namespace name 'IReadOnlyList<>' could not be found (are you missing a using directive or an assembly reference?)
Assets\SolarSim\Runtime\Domain\Roof\RoofGeometry.cs(301,87): error CS0518: Predefined type 'System.Runtime.CompilerServices.IsExternalInit' is not defined or imported
Assets\SolarSim\Runtime\Domain\Roof\RoofDocument.cs(58,27): error CS0246: The type or namespace name 'Guid' could not be found (are you missing a using directive or an assembly reference?)
Assets\SolarSim\Runtime\Application\Commands\ProjectCommands.cs(369,51): error CS0246: The type or namespace name 'Guid' could not be found (are you missing a using directive or an assembly reference?)
Assets\SolarSim\Runtime\Domain\Electrical\StringSizingService.cs(27,47): error CS0518: Predefined type 'System.Runtime.CompilerServices.IsExternalInit' is not defined or imported
Assets\SolarSim\Runtime\Domain\Electrical\MpptCompatibilityService.cs(31,12): error CS0246: The type or namespace name 'IReadOnlyList<>' could not be found (are you missing a using directive or an assembly reference?)
Assets\SolarSim\Runtime\Domain\Roof\RoofSurface.cs(25,12): error CS0246: The type or namespace name 'Guid' could not be found (are you missing a using directive or an assembly reference?)
Assets\SolarSim\Runtime\Domain\Roof\RoofGeometry.cs(90,66): error CS0246: The type or namespace name 'IReadOnlyList<>' could not be found (are you missing a using directive or an assembly reference?)
Assets\SolarSim\Runtime\Application\Commands\ProjectCommands.cs(235,54): error CS0246: The type or namespace name 'Guid' could not be found (are you missing a using directive or an assembly reference?)
Assets\SolarSim\Runtime\Application\Commands\ProjectCommands.cs(235,72): error CS0246: The type or namespace name 'Guid' could not be found (are you missing a using directive or an assembly reference?)
Assets\SolarSim\Runtime\Application\Commands\ProjectCommands.cs(235,94): warning CS8632: The annotation for nullable reference types should only be used in code within a '#nullable' annotations context.
Assets\SolarSim\Runtime\Domain\Electrical\MpptCompatibilityService.cs(31,57): error CS0518: Predefined type 'System.Runtime.CompilerServices.IsExternalInit' is not defined or imported
Assets\SolarSim\Runtime\Domain\Electrical\TemperatureDeratingService.cs(57,9): error CS0246: The type or namespace name 'IReadOnlyList<>' could not be found (are you missing a using directive or an assembly reference?)
Assets\SolarSim\Runtime\Application\Serialization\SolarProjectSerializer.cs(151,12): error CS0246: The type or namespace name 'Guid' could not be found (are you missing a using directive or an assembly reference?)
Assets\SolarSim\Runtime\Domain\Roof\RoofDocument.cs(65,30): error CS0246: The type or namespace name 'Guid' could not be found (are you missing a using directive or an assembly reference?)
Assets\SolarSim\Runtime\Domain\Roof\RoofDocument.cs(65,23): warning CS8632: The annotation for nullable reference types should only be used in code within a '#nullable' annotations context.
Assets\SolarSim\Runtime\Domain\Roof\RoofGeometry.cs(117,70): error CS0246: The type or namespace name 'IReadOnlyList<>' could not be found (are you missing a using directive or an assembly reference?)
Assets\SolarSim\Runtime\Domain\Electrical\StringSizingService.cs(29,12): error CS0246: The type or namespace name 'IReadOnlyList<>' could not be found (are you missing a using directive or an assembly reference?)
Assets\SolarSim\Runtime\Domain\Electrical\WireRouting.cs(12,9): error CS0246: The type or namespace name 'IReadOnlyList<>' could not be found (are you missing a using directive or an assembly reference?)
Assets\SolarSim\Runtime\Domain\Electrical\ElectricalGraph.cs(15,26): error CS0246: The type or namespace name 'Guid' could not be found (are you missing a using directive or an assembly reference?)
Assets\SolarSim\Runtime\Domain\Electrical\StringSizingService.cs(29,57): error CS0518: Predefined type 'System.Runtime.CompilerServices.IsExternalInit' is not defined or imported
Assets\SolarSim\Runtime\Domain\Roof\RoofDocument.cs(9,22): error CS0246: The type or namespace name 'List<>' could not be found (are you missing a using directive or an assembly reference?)
Assets\SolarSim\Runtime\Domain\Electrical\ElectricalGraph.cs(69,29): error CS0246: The type or namespace name 'Guid' could not be found (are you missing a using directive or an assembly reference?)
Assets\SolarSim\Runtime\Application\Project\SolarProject.cs(159,9): error CS0246: The type or namespace name 'Guid' could not be found (are you missing a using directive or an assembly reference?)
Assets\SolarSim\Runtime\Application\Serialization\SolarProjectSerializer.cs(163,12): error CS0246: The type or namespace name 'Guid' could not be found (are you missing a using directive or an assembly reference?)
Assets\SolarSim\Runtime\Domain\Electrical\MpptCompatibilityService.cs(12,12): error CS0246: The type or namespace name 'IReadOnlyList<>' could not be found (are you missing a using directive or an assembly reference?)
Assets\SolarSim\Runtime\Domain\Electrical\MpptCompatibilityService.cs(12,26): error CS0246: The type or namespace name 'Guid' could not be found (are you missing a using directive or an assembly reference?)
Assets\SolarSim\Runtime\Domain\Roof\RoofSurface.cs(75,12): error CS0246: The type or namespace name 'Guid' could not be found (are you missing a using directive or an assembly reference?)
Assets\SolarSim\Runtime\Domain\Electrical\MpptCompatibilityService.cs(12,48): error CS0518: Predefined type 'System.Runtime.CompilerServices.IsExternalInit' is not defined or imported
Assets\SolarSim\Runtime\Application\Serialization\SolarProjectSerializer.cs(168,18): warning CS8632: The annotation for nullable reference types should only be used in code within a '#nullable' annotations context.
Assets\SolarSim\Runtime\Domain\Roof\RoofSurface.cs(35,9): error CS0246: The type or namespace name 'Guid' could not be found (are you missing a using directive or an assembly reference?)
Assets\SolarSim\Runtime\Domain\Roof\RoofSurface.cs(41,15): warning CS8632: The annotation for nullable reference types should only be used in code within a '#nullable' annotations context.
Assets\SolarSim\Runtime\Domain\Electrical\TemperatureDeratingService.cs(65,9): error CS0246: The type or namespace name 'IReadOnlyList<>' could not be found (are you missing a using directive or an assembly reference?)
Assets\SolarSim\Runtime\Domain\Electrical\MpptCompatibilityService.cs(61,9): error CS0246: The type or namespace name 'IReadOnlyDictionary<,>' could not be found (are you missing a using directive or an assembly reference?)
Assets\SolarSim\Runtime\Domain\Electrical\MpptCompatibilityService.cs(61,29): error CS0246: The type or namespace name 'Guid' could not be found (are you missing a using directive or an assembly reference?)
Assets\SolarSim\Runtime\Domain\Electrical\MpptCompatibilityService.cs(62,29): warning CS8632: The annotation for nullable reference types should only be used in code within a '#nullable' annotations context.
Assets\SolarSim\Runtime\Domain\Electrical\ElectricalGraph.cs(16,33): error CS0246: The type or namespace name 'Guid' could not be found (are you missing a using directive or an assembly reference?)
Assets\SolarSim\Runtime\Application\Serialization\SolarProjectSerializer.cs(188,12): error CS0246: The type or namespace name 'List<>' could not be found (are you missing a using directive or an assembly reference?)
Assets\SolarSim\Runtime\Application\Project\SolarProject.cs(233,100): warning CS8632: The annotation for nullable reference types should only be used in code within a '#nullable' annotations context.
Assets\SolarSim\Runtime\Domain\Electrical\ElectricalGraph.cs(83,33): error CS0246: The type or namespace name 'Guid' could not be found (are you missing a using directive or an assembly reference?)
Assets\SolarSim\Runtime\Domain\Electrical\WireRouting.cs(30,9): error CS0246: The type or namespace name 'IList<>' could not be found (are you missing a using directive or an assembly reference?)
Assets\SolarSim\Runtime\Application\Commands\ProjectCommands.cs(51,53): error CS0246: The type or namespace name 'Guid' could not be found (are you missing a using directive or an assembly reference?)
Assets\SolarSim\Runtime\Application\Serialization\SolarProjectSerializer.cs(106,12): error CS0246: The type or namespace name 'List<>' could not be found (are you missing a using directive or an assembly reference?)
Assets\SolarSim\Runtime\Application\Serialization\SolarProjectSerializer.cs(204,53): error CS0246: The type or namespace name 'Exception' could not be found (are you missing a using directive or an assembly reference?)
Assets\SolarSim\Runtime\Domain\Electrical\SingleLineDiagramService.cs(13,9): error CS0246: The type or namespace name 'IReadOnlyDictionary<,>' could not be found (are you missing a using directive or an assembly reference?)
Assets\SolarSim\Runtime\Domain\Electrical\SingleLineDiagramService.cs(13,29): error CS0246: The type or namespace name 'Guid' could not be found (are you missing a using directive or an assembly reference?)
Assets\SolarSim\Runtime\Domain\Electrical\SingleLineDiagramService.cs(14,9): error CS0246: The type or namespace name 'IReadOnlyList<>' could not be found (are you missing a using directive or an assembly reference?)
Assets\SolarSim\Runtime\Domain\Roof\RoofGeometry.cs(229,53): error CS0246: The type or namespace name 'IReadOnlyList<>' could not be found (are you missing a using directive or an assembly reference?)
Assets\SolarSim\Runtime\Domain\Roof\RoofGeometry.cs(229,19): error CS0246: The type or namespace name 'List<>' could not be found (are you missing a using directive or an assembly reference?)
Assets\SolarSim\Runtime\Domain\Equipment\ElectricalEquipmentInstance.cs(20,12): error CS0246: The type or namespace name 'Guid' could not be found (are you missing a using directive or an assembly reference?)
Assets\SolarSim\Runtime\Application\Serialization\SolarProjectSerializer.cs(174,12): error CS0246: The type or namespace name 'Guid' could not be found (are you missing a using directive or an assembly reference?)
Assets\SolarSim\Runtime\Domain\Roof\RoofSurface.cs(85,12): error CS0246: The type or namespace name 'IReadOnlyList<>' could not be found (are you missing a using directive or an assembly reference?)
Assets\SolarSim\Runtime\Domain\Roof\RoofGeometry.cs(288,38): error CS0246: The type or namespace name 'IReadOnlyList<>' could not be found (are you missing a using directive or an assembly reference?)
Assets\SolarSim\Runtime\Domain\Electrical\ElectricalGraph.cs(17,22): error CS0246: The type or namespace name 'Guid' could not be found (are you missing a using directive or an assembly reference?)
Assets\SolarSim\Runtime\Domain\Roof\RoofSurface.cs(86,12): error CS0246: The type or namespace name 'IReadOnlyList<>' could not be found (are you missing a using directive or an assembly reference?)
Assets\SolarSim\Runtime\Domain\Electrical\ElectricalGraph.cs(109,40): error CS0246: The type or namespace name 'Guid' could not be found (are you missing a using directive or an assembly reference?)
Assets\SolarSim\Runtime\Domain\Electrical\MpptCompatibilityService.cs(13,12): error CS0246: The type or namespace name 'IReadOnlyList<>' could not be found (are you missing a using directive or an assembly reference?)
Assets\SolarSim\Runtime\Domain\Electrical\MpptCompatibilityService.cs(13,26): error CS0246: The type or namespace name 'Guid' could not be found (are you missing a using directive or an assembly reference?)
Assets\SolarSim\Runtime\Domain\Electrical\MpptCompatibilityService.cs(13,49): error CS0518: Predefined type 'System.Runtime.CompilerServices.IsExternalInit' is not defined or imported
Assets\SolarSim\Runtime\Domain\Equipment\ElectricalEquipmentInstance.cs(29,35): warning CS8632: The annotation for nullable reference types should only be used in code within a '#nullable' annotations context.
Assets\SolarSim\Runtime\Application\Serialization\SolarProjectSerializer.cs(152,12): error CS0246: The type or namespace name 'Guid' could not be found (are you missing a using directive or an assembly reference?)
Assets\SolarSim\Runtime\Domain\Electrical\MpptCompatibilityService.cs(14,36): error CS0518: Predefined type 'System.Runtime.CompilerServices.IsExternalInit' is not defined or imported
Assets\SolarSim\Runtime\Domain\Electrical\MpptCompatibilityService.cs(15,40): error CS0518: Predefined type 'System.Runtime.CompilerServices.IsExternalInit' is not defined or imported
Assets\SolarSim\Runtime\Domain\Electrical\MpptCompatibilityService.cs(16,36): error CS0518: Predefined type 'System.Runtime.CompilerServices.IsExternalInit' is not defined or imported
Assets\SolarSim\Runtime\Domain\Electrical\MpptCompatibilityService.cs(130,9): error CS0246: The type or namespace name 'IReadOnlyDictionary<,>' could not be found (are you missing a using directive or an assembly reference?)
Assets\SolarSim\Runtime\Domain\Electrical\MpptCompatibilityService.cs(130,29): error CS0246: The type or namespace name 'Guid' could not be found (are you missing a using directive or an assembly reference?)
Assets\SolarSim\Runtime\Domain\Electrical\MpptCompatibilityService.cs(17,39): error CS0518: Predefined type 'System.Runtime.CompilerServices.IsExternalInit' is not defined or imported
Assets\SolarSim\Runtime\Domain\Electrical\ElectricalGraph.cs(18,26): error CS0246: The type or namespace name 'Guid' could not be found (are you missing a using directive or an assembly reference?)
Assets\SolarSim\Runtime\Domain\Roof\RoofSurface.cs(107,29): error CS0246: The type or namespace name 'IEnumerable<>' could not be found (are you missing a using directive or an assembly reference?)
Assets\SolarSim\Runtime\Domain\Electrical\MpptCompatibilityService.cs(18,35): error CS0518: Predefined type 'System.Runtime.CompilerServices.IsExternalInit' is not defined or imported
Assets\SolarSim\Runtime\Domain\Electrical\MpptCompatibilityService.cs(19,35): error CS0518: Predefined type 'System.Runtime.CompilerServices.IsExternalInit' is not defined or imported
Assets\SolarSim\Runtime\Domain\Equipment\ElectricalEquipmentInstance.cs(31,12): error CS0246: The type or namespace name 'IReadOnlyList<>' could not be found (are you missing a using directive or an assembly reference?)
Assets\SolarSim\Runtime\Domain\Electrical\MpptCompatibilityService.cs(20,37): error CS0518: Predefined type 'System.Runtime.CompilerServices.IsExternalInit' is not defined or imported
Assets\SolarSim\Runtime\Domain\Electrical\ElectricalGraph.cs(114,29): error CS0246: The type or namespace name 'Guid' could not be found (are you missing a using directive or an assembly reference?)
Assets\SolarSim\Runtime\Domain\Electrical\MpptCompatibilityService.cs(21,36): error CS0518: Predefined type 'System.Runtime.CompilerServices.IsExternalInit' is not defined or imported
Assets\SolarSim\Runtime\Application\Project\SolarProject.cs(258,12): error CS0246: The type or namespace name 'IReadOnlyList<>' could not be found (are you missing a using directive or an assembly reference?)
Assets\SolarSim\Runtime\Application\Project\SolarProject.cs(27,30): error CS0246: The type or namespace name 'IEnumerable<>' could not be found (are you missing a using directive or an assembly reference?)
Assets\SolarSim\Runtime\Application\Project\SolarProject.cs(27,42): error CS0246: The type or namespace name 'Guid' could not be found (are you missing a using directive or an assembly reference?)
Assets\SolarSim\Runtime\Application\Project\SolarProject.cs(27,70): error CS0246: The type or namespace name 'IEnumerable<>' could not be found (are you missing a using directive or an assembly reference?)
Assets\SolarSim\Runtime\Application\Project\SolarProject.cs(27,82): error CS0246: The type or namespace name 'Guid' could not be found (are you missing a using directive or an assembly reference?)
Assets\SolarSim\Runtime\Domain\Electrical\ElectricalGraph.cs(19,28): error CS0246: The type or namespace name 'Guid' could not be found (are you missing a using directive or an assembly reference?)
Assets\SolarSim\Runtime\Domain\Roof\RoofSurface.cs(160,32): error CS0246: The type or namespace name 'Guid' could not be found (are you missing a using directive or an assembly reference?)
Assets\SolarSim\Runtime\Domain\Electrical\ElectricalGraph.cs(117,33): error CS0246: The type or namespace name 'Guid' could not be found (are you missing a using directive or an assembly reference?)
Assets\SolarSim\Runtime\Domain\Electrical\MpptCompatibilityService.cs(22,12): error CS0246: The type or namespace name 'IReadOnlyList<>' could not be found (are you missing a using directive or an assembly reference?)
Assets\SolarSim\Runtime\Application\Serialization\SolarProjectSerializer.cs(206,58): error CS0246: The type or namespace name 'Exception' could not be found (are you missing a using directive or an assembly reference?)
Assets\SolarSim\Runtime\Domain\Electrical\MpptCompatibilityService.cs(22,57): error CS0518: Predefined type 'System.Runtime.CompilerServices.IsExternalInit' is not defined or imported
Assets\SolarSim\Runtime\Application\Serialization\SolarProjectSerializer.cs(175,12): error CS0246: The type or namespace name 'Guid' could not be found (are you missing a using directive or an assembly reference?)
Assets\SolarSim\Runtime\Domain\Roof\RoofSurface.cs(162,39): error CS0246: The type or namespace name 'Guid' could not be found (are you missing a using directive or an assembly reference?)
Assets\SolarSim\Runtime\Domain\Roof\RoofSurface.cs(162,24): warning CS8632: The annotation for nullable reference types should only be used in code within a '#nullable' annotations context.
Assets\SolarSim\Runtime\Domain\Equipment\ElectricalEquipmentInstance.cs(78,35): error CS0246: The type or namespace name 'Guid' could not be found (are you missing a using directive or an assembly reference?)
Assets\SolarSim\Runtime\Domain\Electrical\ElectricalGraph.cs(20,21): error CS0246: The type or namespace name 'Guid' could not be found (are you missing a using directive or an assembly reference?)
Assets\SolarSim\Runtime\Domain\Electrical\ElectricalGraph.cs(120,33): error CS0246: The type or namespace name 'Guid' could not be found (are you missing a using directive or an assembly reference?)
Assets\SolarSim\Runtime\Domain\Roof\RoofSurface.cs(166,12): error CS0246: The type or namespace name 'IReadOnlyList<>' could not be found (are you missing a using directive or an assembly reference?)
Assets\SolarSim\Runtime\Domain\Electrical\MpptCompatibilityService.cs(375,9): error CS0246: The type or namespace name 'Guid' could not be found (are you missing a using directive or an assembly reference?)
Assets\SolarSim\Runtime\Domain\Electrical\MpptCompatibilityService.cs(376,9): error CS0246: The type or namespace name 'HashSet<>' could not be found (are you missing a using directive or an assembly reference?)
Assets\SolarSim\Runtime\Domain\Electrical\MpptCompatibilityService.cs(376,17): error CS0246: The type or namespace name 'Guid' could not be found (are you missing a using directive or an assembly reference?)
Assets\SolarSim\Runtime\Application\Serialization\SolarProjectSerializer.cs(670,9): error CS0246: The type or namespace name 'Guid' could not be found (are you missing a using directive or an assembly reference?)
Assets\SolarSim\Runtime\Application\Project\SolarProject.cs(261,53): error CS0246: The type or namespace name 'Guid' could not be found (are you missing a using directive or an assembly reference?)
Assets\SolarSim\Runtime\Application\Project\SolarProject.cs(44,33): error CS0246: The type or namespace name 'Guid' could not be found (are you missing a using directive or an assembly reference?)
Assets\SolarSim\Runtime\Domain\Electrical\ElectricalGraph.cs(21,26): error CS0246: The type or namespace name 'Guid' could not be found (are you missing a using directive or an assembly reference?)
Assets\SolarSim\Runtime\Domain\Roof\RoofSurface.cs(72,22): error CS0246: The type or namespace name 'List<>' could not be found (are you missing a using directive or an assembly reference?)
Assets\SolarSim\Runtime\Application\Serialization\SolarProjectSerializer.cs(28,12): error CS0246: The type or namespace name 'List<>' could not be found (are you missing a using directive or an assembly reference?)
Assets\SolarSim\Runtime\Domain\Electrical\ElectricalGraph.cs(138,35): error CS0246: The type or namespace name 'Guid' could not be found (are you missing a using directive or an assembly reference?)
Assets\SolarSim\Runtime\Domain\Roof\RoofSurface.cs(73,22): error CS0246: The type or namespace name 'List<>' could not be found (are you missing a using directive or an assembly reference?)
Assets\SolarSim\Runtime\Application\Serialization\SolarProjectSerializer.cs(34,19): warning CS8632: The annotation for nullable reference types should only be used in code within a '#nullable' annotations context.
Assets\SolarSim\Runtime\Domain\Equipment\ElectricalEquipmentInstance.cs(83,9): error CS0246: The type or namespace name 'Guid' could not be found (are you missing a using directive or an assembly reference?)
Assets\SolarSim\Runtime\Domain\Equipment\ElectricalEquipmentInstance.cs(91,9): error CS0246: The type or namespace name 'List<>' could not be found (are you missing a using directive or an assembly reference?)
Assets\SolarSim\Runtime\Domain\Equipment\ElectricalEquipmentInstance.cs(92,32): warning CS8632: The annotation for nullable reference types should only be used in code within a '#nullable' annotations context.
Assets\SolarSim\Runtime\Domain\Electrical\ElectricalGraph.cs(143,28): error CS0246: The type or namespace name 'Guid' could not be found (are you missing a using directive or an assembly reference?)
Assets\SolarSim\Runtime\Domain\Roof\RoofSurface.cs(90,24): error CS0246: The type or namespace name 'Guid' could not be found (are you missing a using directive or an assembly reference?)
Assets\SolarSim\Runtime\Application\Project\SolarProject.cs(55,34): error CS0246: The type or namespace name 'Guid' could not be found (are you missing a using directive or an assembly reference?)
Assets\SolarSim\Runtime\Domain\Electrical\ElectricalGraph.cs(23,43): error CS0246: The type or namespace name 'Guid' could not be found (are you missing a using directive or an assembly reference?)
Assets\SolarSim\Runtime\Domain\Electrical\ElectricalGraph.cs(23,61): error CS0246: The type or namespace name 'Guid' could not be found (are you missing a using directive or an assembly reference?)
Assets\SolarSim\Runtime\Domain\Electrical\ElectricalGraph.cs(23,83): warning CS8632: The annotation for nullable reference types should only be used in code within a '#nullable' annotations context.
Assets\SolarSim\Runtime\Domain\Electrical\ElectricalGraph.cs(23,115): warning CS8632: The annotation for nullable reference types should only be used in code within a '#nullable' annotations context.
Assets\SolarSim\Runtime\Domain\Equipment\ElectricalEquipmentInstance.cs(105,9): error CS0246: The type or namespace name 'Guid' could not be found (are you missing a using directive or an assembly reference?)
Assets\SolarSim\Runtime\Domain\Equipment\ElectricalEquipmentInstance.cs(109,15): warning CS8632: The annotation for nullable reference types should only be used in code within a '#nullable' annotations context.
Assets\SolarSim\Runtime\Application\Project\SolarProject.cs(280,56): error CS0246: The type or namespace name 'Guid' could not be found (are you missing a using directive or an assembly reference?)
Assets\SolarSim\Runtime\Domain\Electrical\ElectricalGraph.cs(24,21): error CS0246: The type or namespace name 'Guid' could not be found (are you missing a using directive or an assembly reference?)
Assets\SolarSim\Runtime\Domain\Equipment\ElectricalEquipmentInstance.cs(143,9): error CS0246: The type or namespace name 'Guid' could not be found (are you missing a using directive or an assembly reference?)
Assets\SolarSim\Runtime\Domain\Equipment\ElectricalEquipmentInstance.cs(146,15): warning CS8632: The annotation for nullable reference types should only be used in code within a '#nullable' annotations context.
Assets\SolarSim\Runtime\Domain\Electrical\ElectricalGraph.cs(147,9): error CS0246: The type or namespace name 'Guid' could not be found (are you missing a using directive or an assembly reference?)
Assets\SolarSim\Runtime\Domain\Electrical\ElectricalGraph.cs(148,9): error CS0246: The type or namespace name 'Guid' could not be found (are you missing a using directive or an assembly reference?)
Assets\SolarSim\Runtime\Domain\Electrical\ElectricalGraph.cs(149,15): warning CS8632: The annotation for nullable reference types should only be used in code within a '#nullable' annotations context.
Assets\SolarSim\Runtime\Domain\Electrical\ElectricalGraph.cs(150,33): warning CS8632: The annotation for nullable reference types should only be used in code within a '#nullable' annotations context.
Assets\SolarSim\Runtime\Application\Serialization\SolarProjectSerializer.cs(38,12): error CS0246: The type or namespace name 'List<>' could not be found (are you missing a using directive or an assembly reference?)
Assets\SolarSim\Runtime\Application\Project\SolarProject.cs(114,34): error CS0066: 'SolarProject.ProjectChanged': event must be of a delegate type
Assets\SolarSim\Runtime\Application\Project\SolarProject.cs(115,26): error CS0066: 'SolarProject.CalculationsUpdated': event must be of a delegate type
Assets\SolarSim\Runtime\Domain\Electrical\ElectricalGraph.cs(204,28): error CS0246: The type or namespace name 'Guid' could not be found (are you missing a using directive or an assembly reference?)
Assets\SolarSim\Runtime\Domain\Equipment\ElectricalEquipmentInstance.cs(169,9): error CS0246: The type or namespace name 'Guid' could not be found (are you missing a using directive or an assembly reference?)
Assets\SolarSim\Runtime\Domain\Equipment\ElectricalEquipmentInstance.cs(173,15): warning CS8632: The annotation for nullable reference types should only be used in code within a '#nullable' annotations context.
Assets\SolarSim\Runtime\Application\Project\SolarProject.cs(10,22): error CS0246: The type or namespace name 'HashSet<>' could not be found (are you missing a using directive or an assembly reference?)
Assets\SolarSim\Runtime\Application\Project\SolarProject.cs(10,30): error CS0246: The type or namespace name 'Guid' could not be found (are you missing a using directive or an assembly reference?)
Assets\SolarSim\Runtime\Application\Serialization\SolarProjectSerializer.cs(41,12): error CS0246: The type or namespace name 'Guid' could not be found (are you missing a using directive or an assembly reference?)
Assets\SolarSim\Runtime\Domain\Equipment\ElectricalEquipmentInstance.cs(200,9): error CS0246: The type or namespace name 'Guid' could not be found (are you missing a using directive or an assembly reference?)
Assets\SolarSim\Runtime\Domain\Equipment\ElectricalEquipmentInstance.cs(204,15): warning CS8632: The annotation for nullable reference types should only be used in code within a '#nullable' annotations context.
Assets\SolarSim\Runtime\Application\Serialization\SolarProjectSerializer.cs(47,29): warning CS8632: The annotation for nullable reference types should only be used in code within a '#nullable' annotations context.
Assets\SolarSim\Runtime\Application\Serialization\SolarProjectSerializer.cs(50,32): warning CS8632: The annotation for nullable reference types should only be used in code within a '#nullable' annotations context.
Assets\SolarSim\Runtime\Domain\Equipment\ElectricalEquipmentInstance.cs(232,9): error CS0246: The type or namespace name 'Guid' could not be found (are you missing a using directive or an assembly reference?)
Assets\SolarSim\Runtime\Domain\Equipment\ElectricalEquipmentInstance.cs(235,15): warning CS8632: The annotation for nullable reference types should only be used in code within a '#nullable' annotations context.
Assets\SolarSim\Runtime\Domain\Equipment\ElectricalEquipmentInstance.cs(259,9): error CS0246: The type or namespace name 'Guid' could not be found (are you missing a using directive or an assembly reference?)
Assets\SolarSim\Runtime\Domain\Equipment\ElectricalEquipmentInstance.cs(262,15): warning CS8632: The annotation for nullable reference types should only be used in code within a '#nullable' annotations context.
Assets\SolarSim\Runtime\Domain\Electrical\ElectricalGraph.cs(307,40): error CS0246: The type or namespace name 'List<>' could not be found (are you missing a using directive or an assembly reference?)
Assets\SolarSim\Runtime\Domain\Electrical\ElectricalGraph.cs(307,45): error CS0246: The type or namespace name 'Guid' could not be found (are you missing a using directive or an assembly reference?)
Assets\SolarSim\Runtime\Domain\Electrical\ElectricalGraph.cs(307,13): error CS0246: The type or namespace name 'List<>' could not be found (are you missing a using directive or an assembly reference?)
Assets\SolarSim\Runtime\Domain\Electrical\ElectricalGraph.cs(307,18): error CS0246: The type or namespace name 'Guid' could not be found (are you missing a using directive or an assembly reference?)
Assets\SolarSim\Runtime\Application\Project\SolarProject.cs(11,22): error CS0246: The type or namespace name 'HashSet<>' could not be found (are you missing a using directive or an assembly reference?)
Assets\SolarSim\Runtime\Application\Project\SolarProject.cs(11,30): error CS0246: The type or namespace name 'Guid' could not be found (are you missing a using directive or an assembly reference?)
Assets\SolarSim\Runtime\Application\Serialization\SolarProjectSerializer.cs(53,12): error CS0246: The type or namespace name 'List<>' could not be found (are you missing a using directive or an assembly reference?)
Assets\SolarSim\Runtime\Domain\Equipment\ElectricalEquipmentInstance.cs(18,22): error CS0246: The type or namespace name 'List<>' could not be found (are you missing a using directive or an assembly reference?)
Assets\SolarSim\Runtime\Application\Project\SolarProject.cs(16,26): error CS0066: 'SelectionService.SelectionChanged': event must be of a delegate type
Assets\SolarSim\Runtime\Domain\Electrical\ElectricalGraph.cs(354,49): error CS0246: The type or namespace name 'Guid' could not be found (are you missing a using directive or an assembly reference?)
Total cache size after purge 4946852, took 00:00:00.0170387Assets\SolarSim\Runtime\Domain\Electrical\ElectricalGraph.cs(354,13): error CS0246: The type or namespace name 'IEnumerable<>' could not be found (are you missing a using directive or an assembly reference?)
Assets\SolarSim\Runtime\Domain\Electrical\ElectricalGraph.cs(354,25): error CS0246: The type or namespace name 'Guid' could not be found (are you missing a using directive or an assembly reference?)

Assets\SolarSim\Runtime\Domain\Equipment\ElectricalEquipmentInstance.cs(34,9): error CS0246: The type or namespace name 'Guid' could not be found (are you missing a using directive or an assembly reference?)
Assets\SolarSim\Runtime\Domain\Equipment\ElectricalEquipmentInstance.cs(42,9): error CS0246: The type or namespace name 'List<>' could not be found (are you missing a using directive or an assembly reference?)
Assets\SolarSim\Runtime\Domain\Equipment\ElectricalEquipmentInstance.cs(43,32): warning CS8632: The annotation for nullable reference types should only be used in code within a '#nullable' annotations context.
Assets\SolarSim\Runtime\Domain\Electrical\ElectricalGraph.cs(35,22): error CS0246: The type or namespace name 'Dictionary<,>' could not be found (are you missing a using directive or an assembly reference?)
Assets\SolarSim\Runtime\Domain\Electrical\ElectricalGraph.cs(35,33): error CS0246: The type or namespace name 'Guid' could not be found (are you missing a using directive or an assembly reference?)
Assets\SolarSim\Runtime\Domain\Electrical\ElectricalGraph.cs(36,22): error CS0246: The type or namespace name 'Dictionary<,>' could not be found (are you missing a using directive or an assembly reference?)
Assets\SolarSim\Runtime\Domain\Electrical\ElectricalGraph.cs(36,33): error CS0246: The type or namespace name 'Guid' could not be found (are you missing a using directive or an assembly reference?)
Assets\SolarSim\Runtime\Domain\Electrical\ElectricalGraph.cs(37,22): error CS0246: The type or namespace name 'Dictionary<,>' could not be found (are you missing a using directive or an assembly reference?)
Assets\SolarSim\Runtime\Domain\Electrical\ElectricalGraph.cs(37,33): error CS0246: The type or namespace name 'Guid' could not be found (are you missing a using directive or an assembly reference?)
Assets\SolarSim\Runtime\Domain\Electrical\ElectricalGraph.cs(38,22): error CS0246: The type or namespace name 'Dictionary<,>' could not be found (are you missing a using directive or an assembly reference?)
Assets\SolarSim\Runtime\Domain\Electrical\ElectricalGraph.cs(38,33): error CS0246: The type or namespace name 'Guid' could not be found (are you missing a using directive or an assembly reference?)
Assets\SolarSim\Runtime\Domain\Electrical\ElectricalGraph.cs(39,22): error CS0246: The type or namespace name 'List<>' could not be found (are you missing a using directive or an assembly reference?)
Assets\SolarSim\Runtime\Domain\Electrical\ElectricalGraph.cs(40,22): error CS0246: The type or namespace name 'Dictionary<,>' could not be found (are you missing a using directive or an assembly reference?)
Assets\SolarSim\Runtime\Domain\Electrical\ElectricalGraph.cs(40,41): error CS0246: The type or namespace name 'Guid' could not be found (are you missing a using directive or an assembly reference?)
AssetDatabase: script compilation time: 4.616779s
Scripts have compiler errors.
Exiting without the bug reporter. Application will terminate with return code 1