[Licensing::Module] Trying to connect to existing licensing client channel...
[Licensing::IpcConnector] Successfully connected to: "LicenseClient-JW" at "2026-07-28T14:20:23.0713308Z"
Built from '6000.5/staging' branch; Version is '6000.5.5f1 (d16e074b49fd) revision 13725191'; Using compiler version '194234433'; Build Type 'Release'
OS: 'Windows 11  (10.0.26200) Professional' Language: 'en' Physical Memory: 64661 MB
BatchMode: 1, IsHumanControllingUs: 0, StartBugReporterOnCrash: 0, Is64bit: 1
System  architecture: x64
Process architecture: x64
Date: 2026-07-28T14:20:23Z

COMMAND LINE ARGUMENTS:
C:\Program Files\Unity\Hub\Editor\6000.5.5f1\Editor\Unity.exe
-batchmode
-nographics
-quit
-projectPath
c:\Users\JW\Desktop\projects\solarSim\UnityProject
-executeMethod
SolarSim.Unity.Editor.SceneBootstrap.EnsureMainSceneBatch
-logFile
c:\Users\JW\Desktop\projects\solarSim\UnityProject\unity-batch.log
Successfully changed project path to: c:\Users\JW\Desktop\projects\solarSim\UnityProject
C:/Users/JW/Desktop/projects/solarSim/UnityProject
[UnityMemory] Configuration Parameters - Can be set up in boot.config
    "memorysetup-temp-allocator-size-gi-baking-worker=262144"
    "memorysetup-temp-allocator-size-gi-baking-worker=262144"
    "memorysetup-temp-allocator-size-gi-baking-worker=262144"
    "memorysetup-temp-allocator-size-gi-baking-worker=262144"
    "memorysetup-temp-allocator-size-gi-baking-worker=262144"
    "memorysetup-temp-allocator-size-nav-mesh-worker=65536"
    "memorysetup-temp-allocator-size-audio-worker=65536"
    "memorysetup-temp-allocator-size-cloud-worker=32768"
    "memorysetup-temp-allocator-size-gfx=262144"
    "memorysetup-temp-allocator-size-preload-manager=33554432"
    "memorysetup-allocator-temp-initial-block-size-main=262144"
    "memorysetup-allocator-temp-initial-block-size-worker=262144"
    "memorysetup-temp-allocator-size-job-worker=262144"
    "memorysetup-temp-allocator-size-background-worker=32768"
    "memorysetup-bucket-allocator-granularity=16"
    "memorysetup-bucket-allocator-bucket-count=8"
    "memorysetup-bucket-allocator-block-size=33554432"
    "memorysetup-bucket-allocator-block-count=8"
    "memorysetup-main-allocator-block-size=16777216"
    "memorysetup-thread-allocator-block-size=16777216"
    "memorysetup-main-allocator-mimalloc-enabled=0"
    "memorysetup-gfx-main-allocator-block-size=16777216"
    "memorysetup-gfx-thread-allocator-block-size=16777216"
    "memorysetup-cache-allocator-block-size=4194304"
    "memorysetup-typetree-allocator-block-size=2097152"
    "memorysetup-profiler-bucket-allocator-granularity=16"
    "memorysetup-profiler-bucket-allocator-bucket-count=8"
    "memorysetup-profiler-bucket-allocator-block-size=33554432"
    "memorysetup-profiler-bucket-allocator-block-count=8"
    "memorysetup-profiler-allocator-block-size=16777216"
    "memorysetup-profiler-editor-allocator-block-size=1048576"
    "memorysetup-temp-allocator-size-main=16777216"
    "memorysetup-job-temp-allocator-block-size=2097152"
    "memorysetup-job-temp-allocator-block-size-background=1048576"
    "memorysetup-job-temp-allocator-reduction-small-platforms=262144"
Logging is directed to a specific file, skipping project log.Player connection [51252]  Target information:

Player connection [51252]  * "[IP] 192.168.1.137 [Port] 55504 [Flags] 2 [Guid] 2964254641 [EditorId] 2964254641 [Version] 1048832 [Id] WindowsEditor(7,DESKTOP-1KIOJU3) [Debug] 1 [PackageName] WindowsEditor [ProjectName] Editor" 

Player connection [51252]  * "[IP] 10.5.0.2 [Port] 55504 [Flags] 2 [Guid] 2964254641 [EditorId] 2964254641 [Version] 1048832 [Id] WindowsEditor(7,DESKTOP-1KIOJU3) [Debug] 1 [PackageName] WindowsEditor [ProjectName] Editor" 

Player connection [51252] Host joined multi-casting on [225.0.0.222:54997]...
Player connection [51252] Host joined alternative multi-casting on [225.0.0.222:34997]...
Input System module state changed to: Initialized.
[Physics::Module] Initialized fallback backend.
[Physics::Module] Id: 0xdecafbad
[Package Manager] Connected to IPC stream "Upm-50964" after 0.2 seconds.
[Licensing::Module] Licensing is not yet initialized.
[Licensing::Client] Error: HandshakeResponse reported an error:
	ResponseCode: 505
	ResponseStatus: Unsupported protocol version '1.18.1'.
[Licensing::Module] Error: Failed to handshake to channel: "LicenseClient-JW"
[Licensing::IpcConnector] LicenseClient-JW channel disconnected successfully.
[Licensing::IpcConnector] Channel LicenseClient-JW-6000.5.5 doesn't exist
[Licensing::Module] Successfully launched the LicensingClient (PId: 640)
[Licensing::IpcConnector] Successfully connected to: "LicenseClient-JW-6000.5.5" at "2026-07-28T14:20:24.3403925Z"
[Licensing::Client] Code 10 while verifying Licensing Client signature (process Id: 640, path: "C:/Program Files/Unity/Hub/Editor/6000.5.5f1/Editor/Data/Resources/Licensing/Client/Unity.Licensing.Client.exe")
[Licensing::Module] LicensingClient has failed validation; ignoring
[Licensing::Client] Handshaking with LicensingClient:
  Version:                 1.18.1+9fbee8e
  Session Id:              de16f6b6f0214bb5b92a1b1514d2eecf
  Correlation Id:          ee1ff4d1bf736b9efe34352294234dd3
  External correlation Id: 2762100836227036614
  Machine Id:              fDzdlJJmCmr+dCM7uHNVPTVlmZU=
[Licensing::Module] Successfully connected to LicensingClient on channel: "LicenseClient-JW-6000.5.5" (connect: 0.24s, validation: 0.20s, handshake: 0.01s)
[Licensing::IpcConnector] Successfully connected to: "LicenseClient-JW-6000.5.5-notifications" at "2026-07-28T14:20:24.5488856Z"
[Licensing::Module] Connected to LicensingClient (PId: 640, launch time: 0.00, total connection time: 0.45s)
[Licensing::Module] Error: Access token is unavailable; failed to update
[Licensing::Client] Successfully resolved entitlement details
[Licensing::Module] License group:
  Id: 17867665166671-UnityPersXXXX
  Product: Unity Personal
  Type: Assigned
  Expiration: Unlimited
[Licensing::Client] Successfully updated license, isAsync: True, time: 0.01
[Licensing::Client] Successfully resolved entitlement details
[Licensing::Module] Licensing Background thread has ended after 1.51s
[Licensing::Module] Licensing is initialized (took 0.99s).
[Licensing::Client] Successfully resolved entitlement details
Library Redirect Path: Library/
Rebuilding Library because the asset database could not be found!
[Physics::Module] Selected backend.
[Physics::Module] Name: PhysX
[Physics::Module] Id: 0xf2b8ea05
[Physics::Module] SDK Version: 4.1.2
[Physics::Module] Integration Version: 1.0.0
[Physics::Module] Threading Mode: Multi-Threaded
Initialize engine version: 6000.5.5f1 (d16e074b49fd)
[Subsystems] Discovering subsystems at path C:/Program Files/Unity/Hub/Editor/6000.5.5f1/Editor/Data/Resources/UnitySubsystems
[Subsystems] Discovering subsystems at path C:/Users/JW/Desktop/projects/solarSim/UnityProject/Assets
Forcing GfxDevice: Null
GfxDevice: creating device client; kGfxThreadingModeNonThreaded
NullGfxDevice:
    Version:  NULL 1.0 [1.0]
    Renderer: Null Device
    Vendor:   Unity Technologies
Initialize mono
Mono path[0] = 'C:/Program Files/Unity/Hub/Editor/6000.5.5f1/Editor/Data/Managed'
Mono path[1] = 'C:/Program Files/Unity/Hub/Editor/6000.5.5f1/Editor/Data/BCLExtensions/runtime/netstandard2.1'
Mono path[2] = 'C:/Program Files/Unity/Hub/Editor/6000.5.5f1/Editor/Data/MonoBleedingEdge/lib/mono/unityjit-win32'
Mono config path = 'C:/Program Files/Unity/Hub/Editor/6000.5.5f1/Editor/Data/MonoBleedingEdge/etc'
Using monoOptions --debugger-agent=transport=dt_socket,embedding=1,server=y,suspend=n,address=127.0.0.1:56964
CodeReloadManager initialized
ImportWorker Server TCP listen port: 0
AcceleratorClientConnectionCallback - disconnected - :0
Begin MonoManager ReloadAssembly
Registering precompiled unity dll's ...
Register platform support module: C:/Program Files/Unity/Hub/Editor/6000.5.5f1/Editor/Data/PlaybackEngines/WebGLSupport/UnityEditor.WebGL.Extensions.dll
Register platform support module: C:/Program Files/Unity/Hub/Editor/6000.5.5f1/Editor/Data/PlaybackEngines/WindowsStandaloneSupport/UnityEditor.WindowsStandalone.Extensions.dll
Registered in 0.003121 seconds.
Native extension for WindowsStandalone target not found
Native extension for WebGL target not found
Package Manager log level set to [2]
ScheduleIndexationOnStartup MainProcess:False IndexOnStartup:False
Mono: successfully reloaded assembly
- Finished resetting the current domain, in  0.306 seconds
Domain Reload Profiling: 750ms
	BeginReloadAssembly (122ms)
		CreateAndSetChildDomain (12ms)
	RebuildCommonClasses (4ms)
	RebuildNativeTypeToScriptingClass (13ms)
	initialDomainReloadingComplete (62ms)
	LoadAllAssembliesAndSetupDomain (240ms)
		LoadAssemblies (106ms)
		AnalyzeDomain (175ms)
			TypeCache.Refresh (174ms)
				TypeCache.ScanAssembly (162ms)
	FinalizeReload (308ms)
		SetupLoadedEditorAssemblies (0ms)
			BeforeProcessingInitializeOnLoad (76ms)
			ProcessInitializeOnLoadAttributes (73ms)
			ProcessInitializeOnLoadMethodAttributes (91ms)
[Licensing::Client] Successfully resolved entitlement details
Application.AssetDatabase Initial Refresh Start
[Package Manager] Done resolving packages in 10.62 seconds
[Licensing::Client] Successfully resolved entitlement details
[Package Manager] Lock file was created
[Package Manager] Registered 25 packages:
  Packages from [https://packages.unity.com]:
    com.unity.ide.visualstudio@2.0.23 (location: C:\Users\JW\Desktop\projects\solarSim\UnityProject\Library\PackageCache\com.unity.ide.visualstudio@198cdf337d13)
    com.unity.inputsystem@1.14.0 (location: C:\Users\JW\Desktop\projects\solarSim\UnityProject\Library\PackageCache\com.unity.inputsystem@7fe8299111a7)
  Built-in packages:
    com.unity.test-framework@1.7.0 (location: C:\Users\JW\Desktop\projects\solarSim\UnityProject\Library\PackageCache\com.unity.test-framework@1405238725ab)
    com.unity.ugui@2.5.0 (location: C:\Users\JW\Desktop\projects\solarSim\UnityProject\Library\PackageCache\com.unity.ugui@f2d87ebaaa32)
    com.unity.modules.androidjni@1.0.0 (location: C:\Users\JW\Desktop\projects\solarSim\UnityProject\Library\PackageCache\com.unity.modules.androidjni)
    com.unity.modules.animation@1.0.0 (location: C:\Users\JW\Desktop\projects\solarSim\UnityProject\Library\PackageCache\com.unity.modules.animation)
    com.unity.modules.assetbundle@1.0.0 (location: C:\Users\JW\Desktop\projects\solarSim\UnityProject\Library\PackageCache\com.unity.modules.assetbundle)
    com.unity.modules.audio@1.0.0 (location: C:\Users\JW\Desktop\projects\solarSim\UnityProject\Library\PackageCache\com.unity.modules.audio)
    com.unity.modules.director@1.0.0 (location: C:\Users\JW\Desktop\projects\solarSim\UnityProject\Library\PackageCache\com.unity.modules.director)
    com.unity.modules.imageconversion@1.0.0 (location: C:\Users\JW\Desktop\projects\solarSim\UnityProject\Library\PackageCache\com.unity.modules.imageconversion)
    com.unity.modules.imgui@1.0.0 (location: C:\Users\JW\Desktop\projects\solarSim\UnityProject\Library\PackageCache\com.unity.modules.imgui)
    com.unity.modules.jsonserialize@1.0.0 (location: C:\Users\JW\Desktop\projects\solarSim\UnityProject\Library\PackageCache\com.unity.modules.jsonserialize)
    com.unity.modules.particlesystem@1.0.0 (location: C:\Users\JW\Desktop\projects\solarSim\UnityProject\Library\PackageCache\com.unity.modules.particlesystem)
    com.unity.modules.physics@1.0.0 (location: C:\Users\JW\Desktop\projects\solarSim\UnityProject\Library\PackageCache\com.unity.modules.physics)
    com.unity.modules.physics2d@1.0.0 (location: C:\Users\JW\Desktop\projects\solarSim\UnityProject\Library\PackageCache\com.unity.modules.physics2d)
    com.unity.modules.ui@1.0.0 (location: C:\Users\JW\Desktop\projects\solarSim\UnityProject\Library\PackageCache\com.unity.modules.ui)
    com.unity.modules.uielements@1.0.0 (location: C:\Users\JW\Desktop\projects\solarSim\UnityProject\Library\PackageCache\com.unity.modules.uielements)
    com.unity.modules.umbra@1.0.0 (location: C:\Users\JW\Desktop\projects\solarSim\UnityProject\Library\PackageCache\com.unity.modules.umbra)
    com.unity.modules.unitywebrequest@1.0.0 (location: C:\Users\JW\Desktop\projects\solarSim\UnityProject\Library\PackageCache\com.unity.modules.unitywebrequest)
    com.unity.modules.unitywebrequestwww@1.0.0 (location: C:\Users\JW\Desktop\projects\solarSim\UnityProject\Library\PackageCache\com.unity.modules.unitywebrequestwww)
    com.unity.modules.unitywebrequestassetbundle@1.0.0 (location: C:\Users\JW\Desktop\projects\solarSim\UnityProject\Library\PackageCache\com.unity.modules.unitywebrequestassetbundle)
    com.unity.modules.unitywebrequestaudio@1.0.0 (location: C:\Users\JW\Desktop\projects\solarSim\UnityProject\Library\PackageCache\com.unity.modules.unitywebrequestaudio)
    com.unity.modules.hierarchycore@1.0.0 (location: C:\Users\JW\Desktop\projects\solarSim\UnityProject\Library\PackageCache\com.unity.modules.hierarchycore)
    com.unity.modules.physicscore2d@1.0.0 (location: C:\Users\JW\Desktop\projects\solarSim\UnityProject\Library\PackageCache\com.unity.modules.physicscore2d)
    com.unity.ext.nunit@2.1.0 (location: C:\Users\JW\Desktop\projects\solarSim\UnityProject\Library\PackageCache\com.unity.ext.nunit@44f7d31723bd)
[Subsystems] No new subsystems found in resolved package list.
[Package Manager] Done registering packages in 0.00 seconds
AcceleratorClientConnectionCallback - disconnected - :0
[API Updater] Processing imported assemblies took 154 ms (0/0 assembly(ies)).
Assembly Updater Post Process Assets time: 0.156524s
[ScriptCompilation] Requested script compilation because: Assembly Definition File(s) changed
[ScriptCompilation] Requested script compilation because: AssetDatabase observed changes in script compilation related files
Starting: C:\Program Files\Unity\Hub\Editor\6000.5.5f1\Editor\Data\Tools\BuildPipeline\bee_backend.exe --ipc --defer-dag-verification --dagfile="Library/Bee/1900b0aE.dag" --continue-on-failure --profile="Library/Bee/backend1.traceevents" ScriptAssemblies
WorkingDir: C:/Users/JW/Desktop/projects/solarSim/UnityProject
ExitCode: 4 Duration: 0s74ms
[             ] Require frontend run.  Library/Bee/1900b0aE.dag couldn't be loaded
Starting: C:\Program Files\Unity\Hub\Editor\6000.5.5f1\Editor\Data\netcorerun\netcorerun.exe "C:\Program Files\Unity\Hub\Editor\6000.5.5f1\Editor\Data\Tools\BuildPipeline\ScriptCompilationBuildProgram.exe" "Library/Bee/1900b0aE.dag.json" "Library/Bee/1900b0aE-inputdata.json" "Library\Bee\buildprogram0.traceevents"
WorkingDir: C:/Users/JW/Desktop/projects/solarSim/UnityProject
DisplayProgressbar: Compiling Scripts
ExitCode: 0 Duration: 1s445ms
Starting: C:\Program Files\Unity\Hub\Editor\6000.5.5f1\Editor\Data\Tools\BuildPipeline\bee_backend.exe --ipc --defer-dag-verification --dagfile="Library/Bee/1900b0aE.dag" --continue-on-failure --dagfilejson="Library\Bee\1900b0aE.dag.json" --profile="Library/Bee/backend2.traceevents" ScriptAssemblies
WorkingDir: C:/Users/JW/Desktop/projects/solarSim/UnityProject
ExitCode: 3 Duration: 10s
Finished compiling graph: 290 nodes, 2979 flattened edges (2807 ToBuild, 32 ToUse), maximum node priority 125
[  1/287    0s] MovedFromExtractor Library/Bee/artifacts/mvdfrm/UnityEngine.GIModule.dll_933D40417A6C0AB0.mvfrm
[  2/287    0s] MovedFromExtractor Library/Bee/artifacts/mvdfrm/UnityEditor.dll_D2116E564491B173.mvfrm
[  3/287    0s] MovedFromExtractor Library/Bee/artifacts/mvdfrm/UnityEngine.ClusterInputModule.dll_60E698CD73F212FE.mvfrm
[  4/287    0s] MovedFromExtractor Library/Bee/artifacts/mvdfrm/UnityEditor.UmbraModule.dll_032E97111FCDDB8A.mvfrm
[  5/287    0s] MovedFromExtractor Library/Bee/artifacts/mvdfrm/UnityEngine.AndroidJNIModule.dll_A8E2305C0F873354.mvfrm
[  6/287    0s] MovedFromExtractor Library/Bee/artifacts/mvdfrm/UnityEngine.DSPGraphModule.dll_432898B339C0DE2B.mvfrm
[  7/287    0s] MovedFromExtractor Library/Bee/artifacts/mvdfrm/UnityEngine.IMGUIModule.dll_86E646C38A55F49D.mvfrm
[  8/287    0s] MovedFromExtractor Library/Bee/artifacts/mvdfrm/UnityEngine.GraphicsStateCollectionSerializerModule.dll_D96B7F7A59277BCC.mvfrm
[  9/287    0s] MovedFromExtractor Library/Bee/artifacts/mvdfrm/UnityEditor.VideoModule.dll_AD636F6355394BBC.mvfrm
[ 10/287    0s] MovedFromExtractor Library/Bee/artifacts/mvdfrm/UnityEditor.UIToolkitAuthoringModule.dll_A78FE813A7C4EB80.mvfrm
[ 11/287    0s] MovedFromExtractor Library/Bee/artifacts/mvdfrm/UnityEngine.GridModule.dll_2C58BC22748951A4.mvfrm
[ 12/287    0s] MovedFromExtractor Library/Bee/artifacts/mvdfrm/UnityEditor.VectorGraphicsModule.dll_E423001F05344B31.mvfrm
[ 13/287    0s] MovedFromExtractor Library/Bee/artifacts/mvdfrm/UnityEditor.UIElementsSamplesModule.dll_A978B9F13E4B6ECF.mvfrm
[ 14/287    0s] MovedFromExtractor Library/Bee/artifacts/mvdfrm/UnityEngine.ContentLoadModule.dll_5FFBA49B1179EEA5.mvfrm
[ 15/287    0s] MovedFromExtractor Library/Bee/artifacts/mvdfrm/UnityEngine.IdentifiersModule.dll_9F6ED350057014D0.mvfrm
[ 16/287    0s] MovedFromExtractor Library/Bee/artifacts/mvdfrm/UnityEditor.UIElementsModule.dll_2A994788C667C47E.mvfrm
[ 17/287    0s] MovedFromExtractor Library/Bee/artifacts/mvdfrm/UnityEngine.AssetBundleModule.dll_C6E54B5A42F746B8.mvfrm
[ 18/287    0s] MovedFromExtractor Library/Bee/artifacts/mvdfrm/UnityEngine.AudioModule.dll_4E86A75CC42460BC.mvfrm
[ 19/287    0s] MovedFromExtractor Library/Bee/artifacts/mvdfrm/UnityEditor.VFXModule.dll_018594E1AC205C09.mvfrm
[ 20/287    0s] MovedFromExtractor Library/Bee/artifacts/mvdfrm/UnityEngine.InputForUIModule.dll_D5E1D49035E8C101.mvfrm
[ 21/287    0s] MovedFromExtractor Library/Bee/artifacts/mvdfrm/UnityEngine.GameCenterModule.dll_D32F7A76D5C82445.mvfrm
[ 22/287    0s] MovedFromExtractor Library/Bee/artifacts/mvdfrm/UnityEngine.CoreModule.dll_4EE7A0345C34BBAD.mvfrm
[ 23/287    0s] MovedFromExtractor Library/Bee/artifacts/mvdfrm/UnityEngine.HierarchyCoreModule.dll_DEC52A574DC5E59A.mvfrm
[ 24/287    0s] MovedFromExtractor Library/Bee/artifacts/mvdfrm/UnityEngine.CrashReportingModule.dll_B4EDE2392108DD65.mvfrm
[ 25/287    0s] MovedFromExtractor Library/Bee/artifacts/mvdfrm/UnityEngine.HotReloadModule.dll_75C8CE7049D6BDCC.mvfrm
[ 26/287    0s] MovedFromExtractor Library/Bee/artifacts/mvdfrm/UnityEngine.DirectorModule.dll_3DD73749C7600D0A.mvfrm
[ 27/287    0s] MovedFromExtractor Library/Bee/artifacts/mvdfrm/UnityEngine.ImageConversionModule.dll_8CBA6E01DEA37857.mvfrm
[ 28/287    0s] MovedFromExtractor Library/Bee/artifacts/mvdfrm/UnityEngine.ClusterRendererModule.dll_20C870515C7EC063.mvfrm
[ 29/287    0s] MovedFromExtractor Library/Bee/artifacts/mvdfrm/UnityEditor.UnityConnectModule.dll_E14A23B7C26A4038.mvfrm
[ 30/287    0s] MovedFromExtractor Library/Bee/artifacts/mvdfrm/UnityEngine.ARModule.dll_B473BC373BDA815F.mvfrm
[ 31/287    0s] MovedFromExtractor Library/Bee/artifacts/mvdfrm/UnityEngine.AnimationModule.dll_F480106A6EA3A24A.mvfrm
[ 32/287    0s] MovedFromExtractor Library/Bee/artifacts/mvdfrm/UnityEditor.XRModule.dll_3D96ED5BFA7BC74D.mvfrm
[ 33/287    0s] MovedFromExtractor Library/Bee/artifacts/mvdfrm/UnityEditor.UIBuilderModule.dll_7A83415E06FF46D8.mvfrm
[ 34/287    0s] MovedFromExtractor Library/Bee/artifacts/mvdfrm/UnityEditor.TextRenderingModule.dll_7EA8442130FF1660.mvfrm
[ 35/287    0s] MovedFromExtractor Library/Bee/artifacts/mvdfrm/UnityEditor.TreeModule.dll_8972C1F03BF4E5C1.mvfrm
[ 36/287    0s] MovedFromExtractor Library/Bee/artifacts/mvdfrm/UnityEditor.TextCoreTextEngineModule.dll_BC2189F818C220DE.mvfrm
[ 37/287    0s] MovedFromExtractor Library/Bee/artifacts/mvdfrm/UnityEditor.ShaderFoundryModule.dll_73E4F2290151E195.mvfrm
[ 38/287    0s] MovedFromExtractor Library/Bee/artifacts/mvdfrm/UnityEditor.TextCoreFontEngineModule.dll_74395386893E67C0.mvfrm
[ 39/287    0s] MovedFromExtractor Library/Bee/artifacts/mvdfrm/UnityEditor.ShaderBuildSettingsModule.dll_F98555A461596F2D.mvfrm
[ 40/287    0s] MovedFromExtractor Library/Bee/artifacts/mvdfrm/UnityEditor.PresetsUIModule.dll_E160CD23969F25A9.mvfrm
[ 41/287    0s] MovedFromExtractor Library/Bee/artifacts/mvdfrm/UnityEditor.SpriteMaskModule.dll_BBAD7FBEF4F3A074.mvfrm
[ 42/287    0s] MovedFromExtractor Library/Bee/artifacts/mvdfrm/UnityEditor.MathematicsModule.dll_E63429A4A5352D67.mvfrm
[ 43/287    0s] MovedFromExtractor Library/Bee/artifacts/mvdfrm/UnityEditor.SceneTemplateModule.dll_350521E5DEA26507.mvfrm
[ 44/287    0s] MovedFromExtractor Library/Bee/artifacts/mvdfrm/UnityEditor.SpriteShapeModule.dll_DA80A925E65F6E3D.mvfrm
[ 45/287    0s] MovedFromExtractor Library/Bee/artifacts/mvdfrm/UnityEditor.U2DModule.dll_2D5E3FC4E1BCBC68.mvfrm
[ 46/287    0s] MovedFromExtractor Library/Bee/artifacts/mvdfrm/UnityEditor.MediaModule.dll_541A048A10F3B8A5.mvfrm
[ 47/287    0s] MovedFromExtractor Library/Bee/artifacts/mvdfrm/UnityEditor.SceneViewModule.dll_64AA774989699AB2.mvfrm
[ 48/287    0s] MovedFromExtractor Library/Bee/artifacts/mvdfrm/UnityEditor.UIAutomationModule.dll_96B1053239FA23DE.mvfrm
[ 49/287    0s] MovedFromExtractor Library/Bee/artifacts/mvdfrm/UnityEditor.ShaderCompilationModule.dll_B5471C69214F639F.mvfrm
[ 50/287    0s] MovedFromExtractor Library/Bee/artifacts/mvdfrm/UnityEditor.PhysicsCore2DModule.dll_C92D7300C4C4FE69.mvfrm
[ 51/287    0s] MovedFromExtractor Library/Bee/artifacts/mvdfrm/UnityEditor.MultiplayerModule.dll_40C79857E984C3AB.mvfrm
[ 52/287    0s] MovedFromExtractor Library/Bee/artifacts/mvdfrm/UnityEditor.QuickInstallModule.dll_C4EF6480DF0CC951.mvfrm
[ 53/287    0s] MovedFromExtractor Library/Bee/artifacts/mvdfrm/UnityEditor.PhysicsModule.dll_3DF02ECFD71ED3C8.mvfrm
[ 54/287    0s] MovedFromExtractor Library/Bee/artifacts/mvdfrm/UnityEditor.SubstanceModule.dll_CFDA211B23FEA5B1.mvfrm
[ 55/287    0s] MovedFromExtractor Library/Bee/artifacts/mvdfrm/UnityEditor.TilemapModule.dll_F73311BFC499FDBF.mvfrm
[ 56/287    0s] MovedFromExtractor Library/Bee/artifacts/mvdfrm/UnityEditor.LightingModule.dll_3CC7EC459680FEAF.mvfrm
[ 57/287    0s] MovedFromExtractor Library/Bee/artifacts/mvdfrm/UnityEditor.SafeModeModule.dll_42C074C943953583.mvfrm
[ 58/287    0s] MovedFromExtractor Library/Bee/artifacts/mvdfrm/UnityEditor.QuickSearchModule.dll_82FC1868E09091C6.mvfrm
[ 59/287    0s] MovedFromExtractor Library/Bee/artifacts/mvdfrm/UnityEditor.ProjectAuditorModule.dll_9790744FC7C69A48.mvfrm
[ 60/287    0s] MovedFromExtractor Library/Bee/artifacts/mvdfrm/UnityEditor.PlayModeModule.dll_88B46682E25E44EA.mvfrm
[ 61/287    0s] MovedFromExtractor Library/Bee/artifacts/mvdfrm/UnityEditor.PropertiesModule.dll_FFBC4C6D466F6F36.mvfrm
[ 62/287    0s] MovedFromExtractor Library/Bee/artifacts/mvdfrm/UnityEditor.SketchUpModule.dll_2AD55A198EC6D19A.mvfrm
[ 63/287    0s] MovedFromExtractor Library/Bee/artifacts/mvdfrm/UnityEditor.GridModule.dll_0937E8CFCC83E679.mvfrm
[ 64/287    0s] MovedFromExtractor Library/Bee/artifacts/mvdfrm/UnityEditor.TerrainModule.dll_5836AA3EACDD1CB6.mvfrm
[ 65/287    0s] MovedFromExtractor Library/Bee/artifacts/mvdfrm/UnityEditor.HierarchyModule.dll_136E9B1D52260C66.mvfrm
[ 66/287    0s] MovedFromExtractor Library/Bee/artifacts/mvdfrm/UnityEditor.GraphicsStateCollectionSerializerModule.dll_D077B28A8C283267.mvfrm
[ 67/287    0s] MovedFromExtractor Library/Bee/artifacts/mvdfrm/UnityEditor.GIModule.dll_54CEAEB20EEED6E5.mvfrm
[ 68/287    0s] MovedFromExtractor Library/Bee/artifacts/mvdfrm/UnityEditor.EmbreeModule.dll_B3886CD17733BD0B.mvfrm
[ 69/287    0s] MovedFromExtractor Library/Bee/artifacts/mvdfrm/UnityEditor.BuildProfileModule.dll_E61016419D865B1E.mvfrm
[ 70/287    0s] MovedFromExtractor Library/Bee/artifacts/mvdfrm/UnityEditor.GridAndSnapModule.dll_01A57DDD0B1E525C.mvfrm
[ 71/287    0s] MovedFromExtractor Library/Bee/artifacts/mvdfrm/UnityEditor.GraphViewModule.dll_25FA94419446CDA4.mvfrm
[ 72/287    0s] MovedFromExtractor Library/Bee/artifacts/mvdfrm/UnityEngine.VirtualTexturingModule.dll_13BDD08AF8B5000B.mvfrm
[ 73/287    0s] MovedFromExtractor Library/Bee/artifacts/mvdfrm/UnityEditor.ContentLoadModule.dll_5A35D50BFF3FDE20.mvfrm
[ 74/287    0s] MovedFromExtractor Library/Bee/artifacts/mvdfrm/UnityEditor.DeviceSimulatorModule.dll_1B1BADDFECC3B2DF.mvfrm
[ 75/287    0s] MovedFromExtractor Library/Bee/artifacts/mvdfrm/UnityEngine.SpriteShapeModule.dll_E04678B4F8997EC2.mvfrm
[ 76/287    0s] MovedFromExtractor Library/Bee/artifacts/mvdfrm/UnityEngine.UnityWebRequestModule.dll_9E5975ABE99812D6.mvfrm
[ 77/287    0s] MovedFromExtractor Library/Bee/artifacts/mvdfrm/UnityEditor.AdaptivePerformanceModule.dll_F15F0EFB8E5A3DEB.mvfrm
[ 78/287    0s] MovedFromExtractor Library/Bee/artifacts/mvdfrm/UnityEngine.UnityWebRequestAssetBundleModule.dll_3AF000A9561DF900.mvfrm
[ 79/287    0s] MovedFromExtractor Library/Bee/artifacts/mvdfrm/UnityEditor.CoreBusinessMetricsModule.dll_714A0875B4A16CE5.mvfrm
[ 80/287    0s] MovedFromExtractor Library/Bee/artifacts/mvdfrm/UnityEditor.EditorToolbarModule.dll_1165B127DFB5BACF.mvfrm
[ 81/287    0s] MovedFromExtractor Library/Bee/artifacts/mvdfrm/UnityEngine.UnityWebRequestAudioModule.dll_5EB62C9825540804.mvfrm
[ 82/287    0s] MovedFromExtractor Library/Bee/artifacts/mvdfrm/UnityEngine.dll_04B5B52EA3053E58.mvfrm
[ 83/287    0s] MovedFromExtractor Library/Bee/artifacts/mvdfrm/UnityEditor.ClothModule.dll_EF4247F36CC40EFB.mvfrm
[ 84/287    0s] MovedFromExtractor Library/Bee/artifacts/mvdfrm/UnityEditor.DiagnosticsModule.dll_F7EC975B87B9956D.mvfrm
[ 85/287    0s] MovedFromExtractor Library/Bee/artifacts/mvdfrm/UnityEngine.VFXModule.dll_0DA737351BD06A0E.mvfrm
[ 86/287    0s] MovedFromExtractor Library/Bee/artifacts/mvdfrm/UnityEditor.AccessibilityModule.dll_DB699B556620097F.mvfrm
[ 87/287    0s] MovedFromExtractor Library/Bee/artifacts/mvdfrm/UnityEditor.GenericRemoteModule.dll_716AF130C7C4327E.mvfrm
[ 88/287    0s] MovedFromExtractor Library/Bee/artifacts/mvdfrm/Unity.Scripting.dll_552581879348FBDF.mvfrm
[ 89/287    0s] MovedFromExtractor Library/Bee/artifacts/mvdfrm/UnityEngine.UnityConnectModule.dll_CEA9A7C6BCF240E3.mvfrm
[ 90/287    0s] MovedFromExtractor Library/Bee/artifacts/mvdfrm/UnityEditor.AIModule.dll_BC9265A4733FEECB.mvfrm
[ 91/287    0s] MovedFromExtractor Library/Bee/artifacts/mvdfrm/UnityEditor.GraphToolkitModule.dll_01ECFAEC8E3589A3.mvfrm
[ 92/287    0s] MovedFromExtractor Library/Bee/artifacts/mvdfrm/UnityEditor.CoreModule.dll_2BC6CCE1B42F5082.mvfrm
[ 93/287    0s] MovedFromExtractor Library/Bee/artifacts/mvdfrm/UnityEngine.UIModule.dll_F67495613B042842.mvfrm
[ 94/287    0s] MovedFromExtractor Library/Bee/artifacts/mvdfrm/UnityEngine.UnityCurlModule.dll_279CB19BDEB79437.mvfrm
[ 95/287    0s] MovedFromExtractor Library/Bee/artifacts/mvdfrm/UnityEngine.UnityWebRequestWWWModule.dll_05434AA71B7F9C15.mvfrm
[ 96/287    0s] MovedFromExtractor Library/Bee/artifacts/mvdfrm/UnityEditor.AssetComplianceModule.dll_53F6BDCE677F970C.mvfrm
[ 97/287    0s] MovedFromExtractor Library/Bee/artifacts/mvdfrm/UnityEngine.UmbraModule.dll_C95B5375514B0C2F.mvfrm
[ 98/287    0s] MovedFromExtractor Library/Bee/artifacts/mvdfrm/UnityEngine.UnityAnalyticsCommonModule.dll_81F895FDB8D1DBCA.mvfrm
[ 99/287    0s] WriteText Library/Bee/artifacts/1900b0aE.dag/UnityEngine.TestRunner.UnityAdditionalFile.txt
[100/287    0s] WriteText Library/Bee/artifacts/1900b0aE.dag/UnityEngine.TestRunner.rsp2
[101/287    0s] WriteText Library/Bee/artifacts/1900b0aE.dag/UnityEngine.TestRunner.dll.mvfrm.rsp
[102/287    0s] WriteText Library/Bee/artifacts/1900b0aE.dag/UnityEngine.UI.rsp2
[103/287    0s] MovedFromExtractor Library/Bee/artifacts/mvdfrm/UnityEngine.TextCoreTextEngineModule.dll_3A81054B2BBFDFA9.mvfrm
[104/287    0s] MovedFromExtractor Library/Bee/artifacts/mvdfrm/UnityEngine.UnityConsentModule.dll_A04F3EF2C9FCD733.mvfrm
[105/287    0s] MovedFromExtractor Library/Bee/artifacts/mvdfrm/UnityEngine.RuntimeInitializeOnLoadManagerInitializerModule.dll_FC40F4CBD55C48A8.mvfrm
[106/287    0s] WriteText Library/Bee/artifacts/1900b0aE.dag/UnityEngine.UI.UnityAdditionalFile.txt
[107/287    0s] WriteText Library/Bee/artifacts/1900b0aE.dag/UnityEngine.TestRunner.rsp
[108/287    0s] WriteText Library/Bee/artifacts/1900b0aE.dag/UnityEngine.UI.dll.mvfrm.rsp
[109/287    0s] WriteText Library/Bee/artifacts/1900b0aE.dag/UnityEditor.TestRunner.rsp2
[110/287    0s] WriteText Library/Bee/artifacts/1900b0aE.dag/UnityEditor.TestRunner.UnityAdditionalFile.txt
[111/287    0s] MovedFromExtractor Library/Bee/artifacts/mvdfrm/UnityEngine.UIElementsModule.dll_2B47B4D0C8ABDDC9.mvfrm
[112/287    0s] WriteText Library/Bee/artifacts/1900b0aE.dag/UnityEngine.UI.rsp
[113/287    0s] MovedFromExtractor Library/Bee/artifacts/mvdfrm/UnityEngine.U2DRuntimeModule.dll_F7E5A42F95DB17DF.mvfrm
[114/287    0s] MovedFromExtractor Library/Bee/artifacts/mvdfrm/UnityEngine.TextCoreFontEngineModule.dll_F298CED99C3C268B.mvfrm
[115/287    0s] MovedFromExtractor Library/Bee/artifacts/mvdfrm/UnityEngine.ScriptingModule.dll_0BA16930EE2B50FD.mvfrm
[116/287    0s] MovedFromExtractor Library/Bee/artifacts/mvdfrm/UnityEngine.SharedInternalsModule.dll_10CBACD755D173A7.mvfrm
[117/287    0s] MovedFromExtractor Library/Bee/artifacts/mvdfrm/UnityEngine.TLSModule.dll_8CC89EC6456300A1.mvfrm
[118/287    0s] MovedFromExtractor Library/Bee/artifacts/mvdfrm/UnityEngine.PhysicsBackendPhysXModule.dll_8C028B3EAC5BD3AF.mvfrm
[119/287    0s] MovedFromExtractor Library/Bee/artifacts/mvdfrm/UnityEngine.PhysicsModule.dll_306AE77A3C2DBB0D.mvfrm
[120/287    0s] MovedFromExtractor Library/Bee/artifacts/mvdfrm/UnityEngine.PerformanceReportingModule.dll_E6B9D8B99EE93D6C.mvfrm
[121/287    0s] MovedFromExtractor Library/Bee/artifacts/mvdfrm/UnityEngine.SpriteMaskModule.dll_BC5BED06F737B9BF.mvfrm
[122/287    0s] MovedFromExtractor Library/Bee/artifacts/mvdfrm/UnityEngine.TextRenderingModule.dll_0AE93648A9F79985.mvfrm
[123/287    0s] MovedFromExtractor Library/Bee/artifacts/mvdfrm/UnityEngine.RenderAs2DModule.dll_41A27C3B280DD2B8.mvfrm
[124/287    0s] MovedFromExtractor Library/Bee/artifacts/mvdfrm/UnityEditor.Physics2DModule.dll_8B400F722A20E7FA.mvfrm
[125/287    0s] MovedFromExtractor Library/Bee/artifacts/mvdfrm/UnityEngine.ShaderVariantAnalyticsModule.dll_19A0A871E1F9C1D4.mvfrm
[126/287    0s] MovedFromExtractor Library/Bee/artifacts/mvdfrm/UnityEngine.SubstanceModule.dll_85C01204097E5796.mvfrm
[127/287    0s] MovedFromExtractor Library/Bee/artifacts/mvdfrm/UnityEngine.StreamingModule.dll_A914FDBABE2B5988.mvfrm
[128/287    0s] MovedFromExtractor Library/Bee/artifacts/mvdfrm/UnityEngine.MathematicsModule.dll_EBF9F933B76F3DEC.mvfrm
[129/287    0s] MovedFromExtractor Library/Bee/artifacts/mvdfrm/UnityEngine.PropertiesModule.dll_006AB9B548B38881.mvfrm
[130/287    0s] MovedFromExtractor Library/Bee/artifacts/mvdfrm/UnityEngine.ParticleSystemModule.dll_08002B858F1A68F3.mvfrm
[131/287    0s] WriteText Library/Bee/artifacts/1900b0aE.dag/UnityEditor.TestRunner.dll.mvfrm.rsp
[132/287    0s] WriteText Library/Bee/artifacts/1900b0aE.dag/UnityEditor.TestRunner.rsp
[133/287    0s] WriteText Library/Bee/artifacts/1900b0aE.dag/UnityEditor.UI.rsp2
[134/287    0s] WriteText Library/Bee/artifacts/1900b0aE.dag/UnityEditor.UI.UnityAdditionalFile.txt
[135/287    0s] WriteText Library/Bee/artifacts/1900b0aE.dag/UnityEditor.UI.dll.mvfrm.rsp
[136/287    0s] WriteText Library/Bee/artifacts/1900b0aE.dag/UnityEditor.UI.rsp
[137/287    0s] WriteText Library/Bee/artifacts/1900b0aE.dag/Unity.InternalAPIEngineBridge.004.UnityAdditionalFile.txt
[138/287    0s] WriteText Library/Bee/artifacts/1900b0aE.dag/Unity.InternalAPIEngineBridge.004.rsp2
[139/287    0s] WriteText Library/Bee/artifacts/1900b0aE.dag/Unity.InternalAPIEngineBridge.004.dll.mvfrm.rsp
[140/287    0s] WriteText Library/Bee/artifacts/1900b0aE.dag/Unity.InternalAPIEngineBridge.004.rsp
[141/287    0s] WriteText Library/Bee/artifacts/1900b0aE.dag/Unity.InputSystem.rsp2
[142/287    0s] WriteText Library/Bee/artifacts/1900b0aE.dag/Unity.InputSystem.UnityAdditionalFile.txt
[143/287    0s] WriteText Library/Bee/artifacts/1900b0aE.dag/Unity.InputSystem.dll.mvfrm.rsp
[144/287    0s] MovedFromExtractor Library/Bee/artifacts/mvdfrm/UnityEngine.Physics2DModule.dll_4126005B0FA099DF.mvfrm
[145/287    0s] WriteText Library/Bee/artifacts/1900b0aE.dag/Unity.TextMeshPro.UnityAdditionalFile.txt
[146/287    0s] WriteText Library/Bee/artifacts/1900b0aE.dag/Unity.TextMeshPro.rsp2
[147/287    0s] WriteText Library/Bee/artifacts/1900b0aE.dag/Unity.InputSystem.rsp
[148/287    0s] MovedFromExtractor Library/Bee/artifacts/mvdfrm/UnityEngine.LocalizationModule.dll_9F3363200B6E05F7.mvfrm
[149/287    0s] WriteText Library/Bee/artifacts/1900b0aE.dag/Unity.TextMeshPro.dll.mvfrm.rsp
[150/287    0s] WriteText Library/Bee/artifacts/1900b0aE.dag/SolarSim.Runtime.UnityAdditionalFile.txt
[151/287    0s] WriteText Library/Bee/artifacts/1900b0aE.dag/SolarSim.Runtime.rsp2
[152/287    0s] WriteText Library/Bee/artifacts/1900b0aE.dag/SolarSim.Runtime.dll.mvfrm.rsp
[153/287    0s] WriteText Library/Bee/artifacts/1900b0aE.dag/Unity.TextMeshPro.rsp
[154/287    0s] WriteText Library/Bee/artifacts/1900b0aE.dag/SolarSim.Runtime.rsp
[155/287    0s] WriteText Library/Bee/artifacts/1900b0aE.dag/SolarSim.Unity.rsp2
[156/287    0s] WriteText Library/Bee/artifacts/1900b0aE.dag/SolarSim.Unity.UnityAdditionalFile.txt
[157/287    0s] WriteText Library/Bee/artifacts/1900b0aE.dag/SolarSim.Unity.dll.mvfrm.rsp
[158/287    0s] WriteText Library/Bee/artifacts/1900b0aE.dag/SolarSim.Unity.rsp
[159/287    0s] WriteText Library/Bee/artifacts/1900b0aE.dag/Unity.InputSystem.ForUI.rsp2
[160/287    0s] WriteText Library/Bee/artifacts/1900b0aE.dag/Unity.InputSystem.ForUI.dll.mvfrm.rsp
[161/287    0s] WriteText Library/Bee/artifacts/1900b0aE.dag/Unity.InputSystem.TestFramework.UnityAdditionalFile.txt
[162/287    0s] WriteText Library/Bee/artifacts/1900b0aE.dag/Unity.InputSystem.TestFramework.rsp2
[163/287    0s] WriteText Library/Bee/artifacts/1900b0aE.dag/Unity.InputSystem.TestFramework.dll.mvfrm.rsp
[164/287    0s] WriteText Library/Bee/artifacts/1900b0aE.dag/Unity.InputSystem.ForUI.UnityAdditionalFile.txt
[165/287    0s] WriteText Library/Bee/artifacts/1900b0aE.dag/UnityEditor.UI.Analytics.UnityAdditionalFile.txt
[166/287    0s] WriteText Library/Bee/artifacts/1900b0aE.dag/UnityEditor.UI.Analytics.rsp2
[167/287    0s] WriteText Library/Bee/artifacts/1900b0aE.dag/UnityEditor.UI.Analytics.dll.mvfrm.rsp
[168/287    0s] WriteText Library/Bee/artifacts/1900b0aE.dag/Unity.InputSystem.DocCodeSamples.UnityAdditionalFile.txt
[169/287    0s] MovedFromExtractor Library/Bee/artifacts/mvdfrm/UnityEngine.PhysicsCore2DModule.dll_556E65283DBD818E.mvfrm
[170/287    0s] WriteText Library/Bee/artifacts/1900b0aE.dag/Unity.InputSystem.DocCodeSamples.rsp2
[171/287    0s] WriteText Library/Bee/artifacts/1900b0aE.dag/Unity.InputSystem.DocCodeSamples.dll.mvfrm.rsp
[172/287    0s] WriteText Library/Bee/artifacts/1900b0aE.dag/Unity.VisualStudio.Editor.rsp2
[173/287    0s] WriteText Library/Bee/artifacts/1900b0aE.dag/Unity.VisualStudio.Editor.UnityAdditionalFile.txt
[174/287    0s] WriteText Library/Bee/artifacts/1900b0aE.dag/SolarSim.Unity.Editor.UnityAdditionalFile.txt
[175/287    0s] WriteText Library/Bee/artifacts/1900b0aE.dag/SolarSim.Unity.Editor.rsp2
[176/287    0s] WriteText Library/Bee/artifacts/1900b0aE.dag/Unity.VisualStudio.Editor.dll.mvfrm.rsp
[177/287    0s] WriteText Library/Bee/artifacts/1900b0aE.dag/Unity.TextMeshPro.Editor.rsp2
[178/287    0s] WriteText Library/Bee/artifacts/1900b0aE.dag/Unity.TextMeshPro.Editor.UnityAdditionalFile.txt
[179/287    0s] WriteText Library/Bee/artifacts/1900b0aE.dag/Unity.TextMeshPro.Editor.dll.mvfrm.rsp
[180/287    0s] WriteText Library/Bee/artifacts/1900b0aE.dag/SolarSim.Unity.Editor.dll.mvfrm.rsp
[181/287    0s] WriteText Library/Bee/artifacts/1900b0aE.dag/Unity.InputSystem.TestFramework.rsp
[182/287    0s] WriteText Library/Bee/artifacts/1900b0aE.dag/Unity.InputSystem.ForUI.rsp
[183/287    0s] WriteText Library/Bee/artifacts/1900b0aE.dag/UnityEditor.UI.Analytics.rsp
[184/287    0s] WriteText Library/Bee/artifacts/1900b0aE.dag/Unity.InputSystem.DocCodeSamples.rsp
[185/287    0s] WriteText Library/Bee/artifacts/1900b0aE.dag/Unity.VisualStudio.Editor.rsp
[186/287    0s] WriteText Library/Bee/artifacts/1900b0aE.dag/SolarSim.Unity.Editor.rsp
[187/287    0s] WriteText Library/Bee/artifacts/1900b0aE.dag/Unity.TextMeshPro.Editor.rsp
[188/287    0s] MovedFromExtractor Library/Bee/artifacts/mvdfrm/UnityEngine.JSONSerializeModule.dll_C7C216B8DE53ED2E.mvfrm
[189/287    0s] MovedFromExtractor Library/Bee/artifacts/mvdfrm/UnityEditor.Graphs.dll_D843495042DED8B4.mvfrm
[190/287    0s] MovedFromExtractor Library/Bee/artifacts/mvdfrm/UnityEngine.MultiplayerModule.dll_468D67E6FBBED430.mvfrm
[191/287    0s] MovedFromExtractor Library/Bee/artifacts/mvdfrm/UnityEngine.MarshallingModule.dll_6F4DE9EF271F740A.mvfrm
[192/287    0s] MovedFromExtractor Library/Bee/artifacts/mvdfrm/UnityEditor.WindowsStandalone.Extensions.dll_BD47F7B50CF29B3E.mvfrm
[193/287    0s] MovedFromExtractor Library/Bee/artifacts/mvdfrm/UnityEditor.WebGL.Extensions.dll_D9F97DDDC740FB4E.mvfrm
[194/287    0s] MovedFromExtractor Library/Bee/artifacts/mvdfrm/UnityEngine.InputLegacyModule.dll_582A6678DAE8FCA9.mvfrm
[195/287    0s] MovedFromExtractor Library/Bee/artifacts/mvdfrm/UnityEngine.InputModule.dll_B4FC6F0D3A5C8560.mvfrm
[196/287    0s] MovedFromExtractor Library/Bee/artifacts/mvdfrm/UnityEngine.InsightsModule.dll_D79DFFDA51DD5C89.mvfrm
[197/287    0s] MovedFromExtractor Library/Bee/artifacts/mvdfrm/UnityEngine.HierarchyModule.dll_C9548C0637A5BE4B.mvfrm
[198/287    0s] MovedFromExtractor Library/Bee/artifacts/mvdfrm/UnityEngine.AdaptivePerformanceModule.dll_B1EEA3B1C99F90F0.mvfrm
[199/287    0s] MovedFromExtractor Library/Bee/artifacts/mvdfrm/UnityEngine.TerrainModule.dll_4AB162E911EC03FB.mvfrm
[200/287    0s] MovedFromExtractor Library/Bee/artifacts/mvdfrm/UnityEngine.UnityWebRequestTextureModule.dll_58E68AC1362D8659.mvfrm
[201/287    0s] MovedFromExtractor Library/Bee/artifacts/mvdfrm/UnityEngine.ScreenCaptureModule.dll_E1A9C43DF2C01990.mvfrm
[202/287    0s] MovedFromExtractor Library/Bee/artifacts/mvdfrm/UnityEngine.AMDModule.dll_8E38DB611E32854E.mvfrm
[203/287    0s] MovedFromExtractor Library/Bee/artifacts/mvdfrm/UnityEngine.NVIDIAModule.dll_0B9984B8D4D0D7B9.mvfrm
[204/287    0s] MovedFromExtractor Library/Bee/artifacts/mvdfrm/UnityEngine.TilemapModule.dll_E9ADCA6A29A8E504.mvfrm
[205/287    0s] MovedFromExtractor Library/Bee/artifacts/mvdfrm/UnityEngine.TerrainPhysicsModule.dll_087AD458A85D6380.mvfrm
[206/287    0s] MovedFromExtractor Library/Bee/artifacts/mvdfrm/UnityEngine.ClothModule.dll_B56F04579E413FA0.mvfrm
[207/287    0s] MovedFromExtractor Library/Bee/artifacts/mvdfrm/UnityEngine.SubsystemsModule.dll_27095368C57FA1D2.mvfrm
[208/287    0s] MovedFromExtractor Library/Bee/artifacts/mvdfrm/UnityEngine.VideoModule.dll_73902BC786B67C61.mvfrm
[209/287    0s] MovedFromExtractor Library/Bee/artifacts/mvdfrm/UnityEngine.UnityAnalyticsModule.dll_279F9C4F3B41BAEF.mvfrm
[210/287    0s] MovedFromExtractor Library/Bee/artifacts/mvdfrm/UnityEngine.VehiclesModule.dll_B59A30C94189DCA5.mvfrm
[211/287    0s] MovedFromExtractor Library/Bee/artifacts/mvdfrm/UnityEngine.VectorGraphicsModule.dll_9F4761BA2120DF3C.mvfrm
[212/287    0s] MovedFromExtractor-Combine Library/Bee/artifacts/1900b0aE.dag/SolarSim.Runtime.dll.mvfrm
[213/287    0s] MovedFromExtractor Library/Bee/artifacts/mvdfrm/UnityEngine.WindModule.dll_C5367B5CED6B3A16.mvfrm
[214/287    0s] MovedFromExtractor Library/Bee/artifacts/mvdfrm/UnityEngine.AIModule.dll_FB00F733DEBD2296.mvfrm
[215/287    0s] MovedFromExtractor Library/Bee/artifacts/mvdfrm/UnityEngine.AccessibilityModule.dll_67AA8D7CDF188CA4.mvfrm
[216/287    0s] MovedFromExtractor Library/Bee/artifacts/mvdfrm/UnityEngine.XRModule.dll_7C057EEB65F8FB18.mvfrm
[217/287    0s] MovedFromExtractor-Combine Library/Bee/artifacts/1900b0aE.dag/UnityEngine.UI.dll.mvfrm
[218/287    0s] MovedFromExtractor-Combine Library/Bee/artifacts/1900b0aE.dag/UnityEngine.TestRunner.dll.mvfrm
[           0s] Csc Library/Bee/artifacts/1900b0aE.dag/UnityEngine.TestRunner.dll (+2 others) [CacheMiss d08c1dabf1b6f35e3fc49864c467b5d700000000000000000000000000000006]
[           0s] Csc Library/Bee/artifacts/1900b0aE.dag/UnityEngine.UI.dll (+2 others) [CacheMiss 9383072b6d2c5647bdec26f863b2036f00000000000000000000000000000006]
[219/287    1s] Csc Library/Bee/artifacts/1900b0aE.dag/UnityEngine.TestRunner.dll (+2 others)
[220/287    1s] Csc Library/Bee/artifacts/1900b0aE.dag/UnityEngine.UI.dll (+2 others)
[           0s] Csc Library/Bee/artifacts/1900b0aE.dag/UnityEngine.TestRunner.dll (+2 others) [CacheWrite d08c1dabf1b6f35e3fc49864c467b5d700000000000000000000000000000006]
[           0s] Csc Library/Bee/artifacts/1900b0aE.dag/UnityEngine.UI.dll (+2 others) [CacheWrite 9383072b6d2c5647bdec26f863b2036f00000000000000000000000000000006]
[221/287    0s] CopyFiles Library/ScriptAssemblies/UnityEngine.UI.pdb
[222/287    0s] CopyFiles Library/ScriptAssemblies/UnityEngine.UI.dll
[223/287    0s] CopyFiles Library/ScriptAssemblies/UnityEngine.TestRunner.pdb
[224/287    0s] CopyFiles Library/ScriptAssemblies/UnityEngine.TestRunner.dll
[225/287    0s] MovedFromExtractor Library/Bee/artifacts/mvdfrm/UnityEngine.UI.ref.dll_08FEAA520A2EFD60.mvfrm
[226/287    0s] MovedFromExtractor Library/Bee/artifacts/mvdfrm/UnityEngine.TestRunner.ref.dll_E55D0F7C63F01D9E.mvfrm
[227/287    0s] MovedFromExtractor-Combine Library/Bee/artifacts/1900b0aE.dag/UnityEditor.TestRunner.dll.mvfrm
[           0s] Csc Library/Bee/artifacts/1900b0aE.dag/UnityEditor.TestRunner.dll (+2 others) [CacheMiss 871d2b5063b1b0e027a2f265dc9e311600000000000000000000000000000006]
[228/287    0s] Csc Library/Bee/artifacts/1900b0aE.dag/UnityEditor.TestRunner.dll (+2 others)
[           0s] Csc Library/Bee/artifacts/1900b0aE.dag/UnityEditor.TestRunner.dll (+2 others) [CacheWrite 871d2b5063b1b0e027a2f265dc9e311600000000000000000000000000000006]
[229/287    0s] CopyFiles Library/ScriptAssemblies/UnityEditor.TestRunner.pdb
[230/287    0s] CopyFiles Library/ScriptAssemblies/UnityEditor.TestRunner.dll
[231/287    0s] MovedFromExtractor Library/Bee/artifacts/mvdfrm/UnityEditor.TestRunner.ref.dll_193EC4CE382CBFB3.mvfrm
[232/287    0s] MovedFromExtractor-Combine Library/Bee/artifacts/1900b0aE.dag/UnityEditor.UI.dll.mvfrm
[           0s] Csc Library/Bee/artifacts/1900b0aE.dag/UnityEditor.UI.dll (+2 others) [CacheMiss c8a3a8bf174d8131f80609ee8172ef4a00000000000000000000000000000006]
[233/287    0s] Csc Library/Bee/artifacts/1900b0aE.dag/UnityEditor.UI.dll (+2 others)
[           0s] Csc Library/Bee/artifacts/1900b0aE.dag/UnityEditor.UI.dll (+2 others) [CacheWrite c8a3a8bf174d8131f80609ee8172ef4a00000000000000000000000000000006]
[234/287    0s] CopyFiles Library/ScriptAssemblies/UnityEditor.UI.pdb
[235/287    0s] CopyFiles Library/ScriptAssemblies/UnityEditor.UI.dll
[236/287    0s] MovedFromExtractor Library/Bee/artifacts/mvdfrm/UnityEditor.UI.ref.dll_4C98D3F7040CD4F5.mvfrm
[237/287    0s] MovedFromExtractor-Combine Library/Bee/artifacts/1900b0aE.dag/Unity.InputSystem.dll.mvfrm
[238/287    0s] MovedFromExtractor-Combine Library/Bee/artifacts/1900b0aE.dag/Unity.VisualStudio.Editor.dll.mvfrm
[239/287    0s] MovedFromExtractor-Combine Library/Bee/artifacts/1900b0aE.dag/SolarSim.Unity.Editor.dll.mvfrm
[240/287    0s] MovedFromExtractor-Combine Library/Bee/artifacts/1900b0aE.dag/Unity.InternalAPIEngineBridge.004.dll.mvfrm
[241/287    0s] MovedFromExtractor-Combine Library/Bee/artifacts/1900b0aE.dag/SolarSim.Unity.dll.mvfrm
[           0s] Csc Library/Bee/artifacts/1900b0aE.dag/Unity.InternalAPIEngineBridge.004.dll (+2 others) [CacheMiss 560717d4c8f7654db4ef4bdb26b589a700000000000000000000000000000006]
[           0s] Csc Library/Bee/artifacts/1900b0aE.dag/Unity.VisualStudio.Editor.dll (+2 others) [CacheMiss 3938eb7cee50f32b1a6a9f88220da76000000000000000000000000000000006]
[           0s] Csc Library/Bee/artifacts/1900b0aE.dag/Unity.InputSystem.dll (+2 others) [CacheMiss 10dd61dbb81d7185c83d8ddadd20a41500000000000000000000000000000006]
[242/287    0s] Csc Library/Bee/artifacts/1900b0aE.dag/Unity.InternalAPIEngineBridge.004.dll (+2 others)
[           0s] Csc Library/Bee/artifacts/1900b0aE.dag/Unity.InternalAPIEngineBridge.004.dll (+2 others) [CacheWrite 560717d4c8f7654db4ef4bdb26b589a700000000000000000000000000000006]
[243/287    0s] CopyFiles Library/ScriptAssemblies/Unity.InternalAPIEngineBridge.004.pdb
[244/287    0s] CopyFiles Library/ScriptAssemblies/Unity.InternalAPIEngineBridge.004.dll
[245/287    0s] MovedFromExtractor Library/Bee/artifacts/mvdfrm/Unity.InternalAPIEngineBridge.004.ref.dll_9F91F1CFF2D20E26.mvfrm
[246/287    0s] Csc Library/Bee/artifacts/1900b0aE.dag/Unity.VisualStudio.Editor.dll (+2 others)
[247/287    0s] MovedFromExtractor-Combine Library/Bee/artifacts/1900b0aE.dag/Unity.TextMeshPro.dll.mvfrm
[           0s] Csc Library/Bee/artifacts/1900b0aE.dag/Unity.VisualStudio.Editor.dll (+2 others) [CacheWrite 3938eb7cee50f32b1a6a9f88220da76000000000000000000000000000000006]
[           0s] Csc Library/Bee/artifacts/1900b0aE.dag/Unity.TextMeshPro.dll (+2 others) [CacheMiss 14e8d60e7cfe631b3c2b01a2e1439dea00000000000000000000000000000006]
[248/287    0s] CopyFiles Library/ScriptAssemblies/Unity.VisualStudio.Editor.pdb
[249/287    0s] CopyFiles Library/ScriptAssemblies/Unity.VisualStudio.Editor.dll
[250/287    0s] Csc Library/Bee/artifacts/1900b0aE.dag/Unity.TextMeshPro.dll (+2 others)
[           0s] Csc Library/Bee/artifacts/1900b0aE.dag/Unity.TextMeshPro.dll (+2 others) [CacheWrite 14e8d60e7cfe631b3c2b01a2e1439dea00000000000000000000000000000006]
[251/287    0s] CopyFiles Library/ScriptAssemblies/Unity.TextMeshPro.pdb
[252/287    0s] CopyFiles Library/ScriptAssemblies/Unity.TextMeshPro.dll
[253/287    0s] MovedFromExtractor Library/Bee/artifacts/mvdfrm/Unity.TextMeshPro.ref.dll_84A4293DBDD182DB.mvfrm
[254/287    0s] MovedFromExtractor-Combine Library/Bee/artifacts/1900b0aE.dag/Unity.TextMeshPro.Editor.dll.mvfrm
[255/287    0s] MovedFromExtractor-Combine Library/Bee/artifacts/1900b0aE.dag/UnityEditor.UI.Analytics.dll.mvfrm
[           0s] Csc Library/Bee/artifacts/1900b0aE.dag/UnityEditor.UI.Analytics.dll (+2 others) [CacheMiss a7ce7306f7fb193cd38d96434bec1a8b00000000000000000000000000000006]
[           0s] Csc Library/Bee/artifacts/1900b0aE.dag/Unity.TextMeshPro.Editor.dll (+2 others) [CacheMiss 36cbe4b3ce7fc8b8a94a829aa0239b8700000000000000000000000000000006]
[256/287    0s] Csc Library/Bee/artifacts/1900b0aE.dag/UnityEditor.UI.Analytics.dll (+2 others)
[           0s] Csc Library/Bee/artifacts/1900b0aE.dag/UnityEditor.UI.Analytics.dll (+2 others) [CacheWrite a7ce7306f7fb193cd38d96434bec1a8b00000000000000000000000000000006]
[257/287    0s] CopyFiles Library/ScriptAssemblies/UnityEditor.UI.Analytics.pdb
[258/287    0s] CopyFiles Library/ScriptAssemblies/UnityEditor.UI.Analytics.dll
[259/287    0s] Csc Library/Bee/artifacts/1900b0aE.dag/Unity.TextMeshPro.Editor.dll (+2 others)
[           0s] Csc Library/Bee/artifacts/1900b0aE.dag/Unity.TextMeshPro.Editor.dll (+2 others) [CacheWrite 36cbe4b3ce7fc8b8a94a829aa0239b8700000000000000000000000000000006]
[260/287    0s] CopyFiles Library/ScriptAssemblies/Unity.TextMeshPro.Editor.pdb
[261/287    0s] CopyFiles Library/ScriptAssemblies/Unity.TextMeshPro.Editor.dll
[262/287    1s] Csc Library/Bee/artifacts/1900b0aE.dag/SolarSim.Runtime.dll (+2 others)
##### CommandLine
"C:\Program Files\Unity\Hub\Editor\6000.5.5f1\Editor\Data\DotNetSdk\dotnet.exe" exec "C:/Program Files/Unity/Hub/Editor/6000.5.5f1/Editor/Data/DotNetSdk/sdk/8.0.318/Roslyn/bincore/csc.dll" /nostdlib /noconfig /shared "@Library/Bee/artifacts/1900b0aE.dag/SolarSim.Runtime.rsp" "@Library/Bee/artifacts/1900b0aE.dag/SolarSim.Runtime.rsp2"
##### Contents of Library\Bee\artifacts\1900b0aE.dag\SolarSim.Runtime.rsp
-target:library
-out:"Library/Bee/artifacts/1900b0aE.dag/SolarSim.Runtime.dll"
-refout:"Library/Bee/artifacts/1900b0aE.dag/SolarSim.Runtime.ref.dll"
-define:UNITY_6000_5_5
-define:UNITY_6000_5
-define:UNITY_6000
-define:UNITY_5_3_OR_NEWER
-define:UNITY_5_4_OR_NEWER
-define:UNITY_5_5_OR_NEWER
-define:UNITY_5_6_OR_NEWER
-define:UNITY_2017_1_OR_NEWER
-define:UNITY_2017_2_OR_NEWER
-define:UNITY_2017_3_OR_NEWER
-define:UNITY_2017_4_OR_NEWER
-define:UNITY_2018_1_OR_NEWER
-define:UNITY_2018_2_OR_NEWER
-define:UNITY_2018_3_OR_NEWER
-define:UNITY_2018_4_OR_NEWER
-define:UNITY_2019_1_OR_NEWER
-define:UNITY_2019_2_OR_NEWER
-define:UNITY_2019_3_OR_NEWER
-define:UNITY_2019_4_OR_NEWER
-define:UNITY_2020_1_OR_NEWER
-define:UNITY_2020_2_OR_NEWER
-define:UNITY_2020_3_OR_NEWER
-define:UNITY_2021_1_OR_NEWER
-define:UNITY_2021_2_OR_NEWER
-define:UNITY_2021_3_OR_NEWER
-define:UNITY_2022_1_OR_NEWER
-define:UNITY_2022_2_OR_NEWER
-define:UNITY_2022_3_OR_NEWER
-define:UNITY_2023_1_OR_NEWER
-define:UNITY_2023_2_OR_NEWER
-define:UNITY_2023_3_OR_NEWER
-define:UNITY_6000_0_OR_NEWER
-define:UNITY_6000_1_OR_NEWER
-define:UNITY_6000_2_OR_NEWER
-define:UNITY_6000_3_OR_NEWER
-define:UNITY_6000_4_OR_NEWER
-define:UNITY_6000_5_OR_NEWER
-define:PLATFORM_ARCH_64
-define:UNITY_64
-define:UNITY_INCLUDE_TESTS
-define:ENABLE_AR
-define:ENABLE_AUDIO
-define:ENABLE_AUDIO_SCRIPTABLE_PIPELINE
-define:ENABLE_CACHING
-define:ENABLE_CLOTH
-define:ENABLE_EVENT_QUEUE
-define:ENABLE_MICROPHONE
-define:ENABLE_MULTIPLE_DISPLAYS
-define:ENABLE_PHYSICS
-define:ENABLE_TEXTURE_STREAMING
-define:ENABLE_VIRTUALTEXTURING
-define:ENABLE_LZMA
-define:ENABLE_UNITYEVENTS
-define:ENABLE_VR
-define:ENABLE_WEBCAM
-define:ENABLE_UNITYWEBREQUEST
-define:ENABLE_WWW
-define:ENABLE_CLOUD_SERVICES
-define:ENABLE_CLOUD_SERVICES_ADS
-define:ENABLE_CLOUD_SERVICES_USE_WEBREQUEST
-define:ENABLE_UNITY_CONSENT
-define:ENABLE_UNITY_CLOUD_IDENTIFIERS
-define:ENABLE_CLOUD_SERVICES_CRASH_REPORTING
-define:ENABLE_CLOUD_SERVICES_NATIVE_CRASH_REPORTING
-define:ENABLE_CLOUD_SERVICES_PURCHASING
-define:ENABLE_CLOUD_SERVICES_ANALYTICS
-define:ENABLE_CLOUD_SERVICES_BUILD
-define:ENABLE_EDITOR_GAME_SERVICES
-define:ENABLE_UNITY_GAME_SERVICES_ANALYTICS_SUPPORT
-define:ENABLE_CLOUD_LICENSE
-define:ENABLE_EDITOR_HUB_LICENSE
-define:ENABLE_WEBSOCKET_CLIENT
-define:ENABLE_GENERATE_NATIVE_PLUGINS_FOR_ASSEMBLIES_API
-define:ENABLE_DIRECTOR_AUDIO
-define:ENABLE_DIRECTOR_TEXTURE
-define:ENABLE_MANAGED_JOBS
-define:ENABLE_MANAGED_TRANSFORM_JOBS
-define:ENABLE_MANAGED_ANIMATION_JOBS
-define:ENABLE_MANAGED_AUDIO_JOBS
-define:ENABLE_MANAGED_UNITYTLS
-define:INCLUDE_DYNAMIC_GI
-define:ENABLE_SCRIPTING_GC_WBARRIERS
-define:PLATFORM_SUPPORTS_MONO
-define:RENDER_SOFTWARE_CURSOR
-define:ENABLE_MARSHALLING_TESTS
-define:ENABLE_VIDEO
-define:ENABLE_NAVIGATION_OFFMESHLINK_TO_NAVMESHLINK
-define:ENABLE_ACCELERATOR_CLIENT_DEBUGGING
-define:ENABLE_ACCESSIBILITY_SCREEN_READER
-define:TEXTCORE_1_0_OR_NEWER
-define:EDITOR_ONLY_NAVMESH_BUILDER_DEPRECATED
-define:PLATFORM_STANDALONE_WIN
-define:PLATFORM_STANDALONE
-define:UNITY_STANDALONE_WIN
-define:UNITY_STANDALONE
-define:ENABLE_RUNTIME_GI
-define:ENABLE_MOVIES
-define:ENABLE_NETWORK
-define:ENABLE_NVIDIA
-define:ENABLE_AMD
-define:ENABLE_CRUNCH_TEXTURE_COMPRESSION
-define:ENABLE_CLOUD_SERVICES_ENGINE_DIAGNOSTICS
-define:ENABLE_OUT_OF_PROCESS_CRASH_HANDLER
-define:ENABLE_CLUSTER_SYNC
-define:ENABLE_CLUSTERINPUT
-define:PLATFORM_UPDATES_TIME_OUTSIDE_OF_PLAYER_LOOP
-define:GFXDEVICE_WAITFOREVENT_MESSAGEPUMP
-define:PLATFORM_USES_EXPLICIT_MEMORY_MANAGER_INITIALIZER
-define:PLATFORM_SUPPORTS_WAIT_FOR_PRESENTATION
-define:PLATFORM_SUPPORTS_SPLIT_GRAPHICS_JOBS
-define:PLATFORM_USES_VULKAN_OLD_SWAPCHAIN
-define:USE_READ_ASYNC_MANAGED_API
-define:ENABLE_MONO
-define:NET_STANDARD_2_0
-define:NET_STANDARD
-define:NET_STANDARD_2_1
-define:NETSTANDARD
-define:NETSTANDARD2_1
-define:ENABLE_PROFILER
-define:DEBUG
-define:TRACE
-define:UNITY_ASSERTIONS
-define:UNITY_EDITOR
-define:UNITY_EDITOR_64
-define:UNITY_EDITOR_WIN
-define:ENABLE_UNITY_COLLECTIONS_CHECKS
-define:ENABLE_BURST_AOT
-define:UNITY_TEAM_LICENSE
-define:ENABLE_CUSTOM_RENDER_TEXTURE
-define:ENABLE_DIRECTOR
-define:ENABLE_LOCALIZATION
-define:ENABLE_SPRITES
-define:ENABLE_TERRAIN
-define:ENABLE_TILEMAP
-define:ENABLE_TIMELINE
-define:ENABLE_LEGACY_INPUT_MANAGER
-define:TEXTCORE_FONT_ENGINE_1_5_OR_NEWER
-define:TEXTCORE_TEXT_ENGINE_1_5_OR_NEWER
-define:TEXTCORE_FONT_ENGINE_1_6_OR_NEWER
-define:CSHARP_7_OR_LATER
-define:CSHARP_7_3_OR_NEWER
-r:"C:/Program Files/Unity/Hub/Editor/6000.5.5f1/Editor/Data/BCLExtensions/TargetingPacks/netstandard2.1/ref/Microsoft.Bcl.AsyncInterfaces.dll"
-r:"C:/Program Files/Unity/Hub/Editor/6000.5.5f1/Editor/Data/BCLExtensions/TargetingPacks/netstandard2.1/ref/Microsoft.Extensions.DependencyInjection.Abstractions.dll"
-r:"C:/Program Files/Unity/Hub/Editor/6000.5.5f1/Editor/Data/BCLExtensions/TargetingPacks/netstandard2.1/ref/Microsoft.Extensions.Logging.Abstractions.dll"
-r:"C:/Program Files/Unity/Hub/Editor/6000.5.5f1/Editor/Data/BCLExtensions/TargetingPacks/netstandard2.1/ref/System.Collections.Immutable.dll"
-r:"C:/Program Files/Unity/Hub/Editor/6000.5.5f1/Editor/Data/BCLExtensions/TargetingPacks/netstandard2.1/ref/System.Diagnostics.DiagnosticSource.dll"
-r:"C:/Program Files/Unity/Hub/Editor/6000.5.5f1/Editor/Data/BCLExtensions/TargetingPacks/netstandard2.1/ref/System.IO.Hashing.dll"
-r:"C:/Program Files/Unity/Hub/Editor/6000.5.5f1/Editor/Data/BCLExtensions/TargetingPacks/netstandard2.1/ref/System.Reflection.Metadata.dll"
-r:"C:/Program Files/Unity/Hub/Editor/6000.5.5f1/Editor/Data/BCLExtensions/TargetingPacks/netstandard2.1/ref/System.Runtime.CompilerServices.Unsafe.dll"
-r:"C:/Program Files/Unity/Hub/Editor/6000.5.5f1/Editor/Data/BCLExtensions/TargetingPacks/netstandard2.1/ref/System.Text.Encodings.Web.dll"
-r:"C:/Program Files/Unity/Hub/Editor/6000.5.5f1/Editor/Data/BCLExtensions/TargetingPacks/netstandard2.1/ref/System.Text.Json.dll"
-r:"C:/Program Files/Unity/Hub/Editor/6000.5.5f1/Editor/Data/NetStandard/Extensions/2.0.0/System.Runtime.InteropServices.WindowsRuntime.dll"
-r:"C:/Program Files/Unity/Hub/Editor/6000.5.5f1/Editor/Data/NetStandard/compat/2.1.0/shims/netfx/System.ComponentModel.Composition.dll"
-r:"C:/Program Files/Unity/Hub/Editor/6000.5.5f1/Editor/Data/NetStandard/compat/2.1.0/shims/netfx/System.Core.dll"
-r:"C:/Program Files/Unity/Hub/Editor/6000.5.5f1/Editor/Data/NetStandard/compat/2.1.0/shims/netfx/System.Data.dll"
-r:"C:/Program Files/Unity/Hub/Editor/6000.5.5f1/Editor/Data/NetStandard/compat/2.1.0/shims/netfx/System.Drawing.dll"
-r:"C:/Program Files/Unity/Hub/Editor/6000.5.5f1/Editor/Data/NetStandard/compat/2.1.0/shims/netfx/System.IO.Compression.FileSystem.dll"
-r:"C:/Program Files/Unity/Hub/Editor/6000.5.5f1/Editor/Data/NetStandard/compat/2.1.0/shims/netfx/System.Net.dll"
-r:"C:/Program Files/Unity/Hub/Editor/6000.5.5f1/Editor/Data/NetStandard/compat/2.1.0/shims/netfx/System.Numerics.dll"
-r:"C:/Program Files/Unity/Hub/Editor/6000.5.5f1/Editor/Data/NetStandard/compat/2.1.0/shims/netfx/System.Runtime.Serialization.dll"
-r:"C:/Program Files/Unity/Hub/Editor/6000.5.5f1/Editor/Data/NetStandard/compat/2.1.0/shims/netfx/System.ServiceModel.Web.dll"
-r:"C:/Program Files/Unity/Hub/Editor/6000.5.5f1/Editor/Data/NetStandard/compat/2.1.0/shims/netfx/System.Transactions.dll"
-r:"C:/Program Files/Unity/Hub/Editor/6000.5.5f1/Editor/Data/NetStandard/compat/2.1.0/shims/netfx/System.Web.dll"
-r:"C:/Program Files/Unity/Hub/Editor/6000.5.5f1/Editor/Data/NetStandard/compat/2.1.0/shims/netfx/System.Windows.dll"
-r:"C:/Program Files/Unity/Hub/Editor/6000.5.5f1/Editor/Data/NetStandard/compat/2.1.0/shims/netfx/System.Xml.Linq.dll"
-r:"C:/Program Files/Unity/Hub/Editor/6000.5.5f1/Editor/Data/NetStandard/compat/2.1.0/shims/netfx/System.Xml.Serialization.dll"
-r:"C:/Program Files/Unity/Hub/Editor/6000.5.5f1/Editor/Data/NetStandard/compat/2.1.0/shims/netfx/System.Xml.dll"
-r:"C:/Program Files/Unity/Hub/Editor/6000.5.5f1/Editor/Data/NetStandard/compat/2.1.0/shims/netfx/System.dll"
-r:"C:/Program Files/Unity/Hub/Editor/6000.5.5f1/Editor/Data/NetStandard/compat/2.1.0/shims/netfx/mscorlib.dll"
-r:"C:/Program Files/Unity/Hub/Editor/6000.5.5f1/Editor/Data/NetStandard/compat/2.1.0/shims/netstandard/Microsoft.Win32.Primitives.dll"
-r:"C:/Program Files/Unity/Hub/Editor/6000.5.5f1/Editor/Data/NetStandard/compat/2.1.0/shims/netstandard/System.AppContext.dll"
-r:"C:/Program Files/Unity/Hub/Editor/6000.5.5f1/Editor/Data/NetStandard/compat/2.1.0/shims/netstandard/System.Buffers.dll"
-r:"C:/Program Files/Unity/Hub/Editor/6000.5.5f1/Editor/Data/NetStandard/compat/2.1.0/shims/netstandard/System.Collections.Concurrent.dll"
-r:"C:/Program Files/Unity/Hub/Editor/6000.5.5f1/Editor/Data/NetStandard/compat/2.1.0/shims/netstandard/System.Collections.NonGeneric.dll"
-r:"C:/Program Files/Unity/Hub/Editor/6000.5.5f1/Editor/Data/NetStandard/compat/2.1.0/shims/netstandard/System.Collections.Specialized.dll"
-r:"C:/Program Files/Unity/Hub/Editor/6000.5.5f1/Editor/Data/NetStandard/compat/2.1.0/shims/netstandard/System.Collections.dll"
-r:"C:/Program Files/Unity/Hub/Editor/6000.5.5f1/Editor/Data/NetStandard/compat/2.1.0/shims/netstandard/System.ComponentModel.EventBasedAsync.dll"
-r:"C:/Program Files/Unity/Hub/Editor/6000.5.5f1/Editor/Data/NetStandard/compat/2.1.0/shims/netstandard/System.ComponentModel.Primitives.dll"
-r:"C:/Program Files/Unity/Hub/Editor/6000.5.5f1/Editor/Data/NetStandard/compat/2.1.0/shims/netstandard/System.ComponentModel.TypeConverter.dll"
-r:"C:/Program Files/Unity/Hub/Editor/6000.5.5f1/Editor/Data/NetStandard/compat/2.1.0/shims/netstandard/System.ComponentModel.dll"
-r:"C:/Program Files/Unity/Hub/Editor/6000.5.5f1/Editor/Data/NetStandard/compat/2.1.0/shims/netstandard/System.Console.dll"
-r:"C:/Program Files/Unity/Hub/Editor/6000.5.5f1/Editor/Data/NetStandard/compat/2.1.0/shims/netstandard/System.Data.Common.dll"
-r:"C:/Program Files/Unity/Hub/Editor/6000.5.5f1/Editor/Data/NetStandard/compat/2.1.0/shims/netstandard/System.Diagnostics.Contracts.dll"
-r:"C:/Program Files/Unity/Hub/Editor/6000.5.5f1/Editor/Data/NetStandard/compat/2.1.0/shims/netstandard/System.Diagnostics.Debug.dll"
-r:"C:/Program Files/Unity/Hub/Editor/6000.5.5f1/Editor/Data/NetStandard/compat/2.1.0/shims/netstandard/System.Diagnostics.FileVersionInfo.dll"
-r:"C:/Program Files/Unity/Hub/Editor/6000.5.5f1/Editor/Data/NetStandard/compat/2.1.0/shims/netstandard/System.Diagnostics.Process.dll"
-r:"C:/Program Files/Unity/Hub/Editor/6000.5.5f1/Editor/Data/NetStandard/compat/2.1.0/shims/netstandard/System.Diagnostics.StackTrace.dll"
-r:"C:/Program Files/Unity/Hub/Editor/6000.5.5f1/Editor/Data/NetStandard/compat/2.1.0/shims/netstandard/System.Diagnostics.TextWriterTraceListener.dll"
-r:"C:/Program Files/Unity/Hub/Editor/6000.5.5f1/Editor/Data/NetStandard/compat/2.1.0/shims/netstandard/System.Diagnostics.Tools.dll"
-r:"C:/Program Files/Unity/Hub/Editor/6000.5.5f1/Editor/Data/NetStandard/compat/2.1.0/shims/netstandard/System.Diagnostics.TraceSource.dll"
-r:"C:/Program Files/Unity/Hub/Editor/6000.5.5f1/Editor/Data/NetStandard/compat/2.1.0/shims/netstandard/System.Diagnostics.Tracing.dll"
-r:"C:/Program Files/Unity/Hub/Editor/6000.5.5f1/Editor/Data/NetStandard/compat/2.1.0/shims/netstandard/System.Drawing.Primitives.dll"
-r:"C:/Program Files/Unity/Hub/Editor/6000.5.5f1/Editor/Data/NetStandard/compat/2.1.0/shims/netstandard/System.Dynamic.Runtime.dll"
-r:"C:/Program Files/Unity/Hub/Editor/6000.5.5f1/Editor/Data/NetStandard/compat/2.1.0/shims/netstandard/System.Globalization.Calendars.dll"
-r:"C:/Program Files/Unity/Hub/Editor/6000.5.5f1/Editor/Data/NetStandard/compat/2.1.0/shims/netstandard/System.Globalization.Extensions.dll"
-r:"C:/Program Files/Unity/Hub/Editor/6000.5.5f1/Editor/Data/NetStandard/compat/2.1.0/shims/netstandard/System.Globalization.dll"
-r:"C:/Program Files/Unity/Hub/Editor/6000.5.5f1/Editor/Data/NetStandard/compat/2.1.0/shims/netstandard/System.IO.Compression.ZipFile.dll"
-r:"C:/Program Files/Unity/Hub/Editor/6000.5.5f1/Editor/Data/NetStandard/compat/2.1.0/shims/netstandard/System.IO.Compression.dll"
-r:"C:/Program Files/Unity/Hub/Editor/6000.5.5f1/Editor/Data/NetStandard/compat/2.1.0/shims/netstandard/System.IO.FileSystem.DriveInfo.dll"
-r:"C:/Program Files/Unity/Hub/Editor/6000.5.5f1/Editor/Data/NetStandard/compat/2.1.0/shims/netstandard/System.IO.FileSystem.Primitives.dll"
-r:"C:/Program Files/Unity/Hub/Editor/6000.5.5f1/Editor/Data/NetStandard/compat/2.1.0/shims/netstandard/System.IO.FileSystem.Watcher.dll"
-r:"C:/Program Files/Unity/Hub/Editor/6000.5.5f1/Editor/Data/NetStandard/compat/2.1.0/shims/netstandard/System.IO.FileSystem.dll"
-r:"C:/Program Files/Unity/Hub/Editor/6000.5.5f1/Editor/Data/NetStandard/compat/2.1.0/shims/netstandard/System.IO.IsolatedStorage.dll"
-r:"C:/Program Files/Unity/Hub/Editor/6000.5.5f1/Editor/Data/NetStandard/compat/2.1.0/shims/netstandard/System.IO.MemoryMappedFiles.dll"
-r:"C:/Program Files/Unity/Hub/Editor/6000.5.5f1/Editor/Data/NetStandard/compat/2.1.0/shims/netstandard/System.IO.Pipes.dll"
-r:"C:/Program Files/Unity/Hub/Editor/6000.5.5f1/Editor/Data/NetStandard/compat/2.1.0/shims/netstandard/System.IO.UnmanagedMemoryStream.dll"
-r:"C:/Program Files/Unity/Hub/Editor/6000.5.5f1/Editor/Data/NetStandard/compat/2.1.0/shims/netstandard/System.IO.dll"
-r:"C:/Program Files/Unity/Hub/Editor/6000.5.5f1/Editor/Data/NetStandard/compat/2.1.0/shims/netstandard/System.Linq.Expressions.dll"
-r:"C:/Program Files/Unity/Hub/Editor/6000.5.5f1/Editor/Data/NetStandard/compat/2.1.0/shims/netstandard/System.Linq.Parallel.dll"
-r:"C:/Program Files/Unity/Hub/Editor/6000.5.5f1/Editor/Data/NetStandard/compat/2.1.0/shims/netstandard/System.Linq.Queryable.dll"
-r:"C:/Program Files/Unity/Hub/Editor/6000.5.5f1/Editor/Data/NetStandard/compat/2.1.0/shims/netstandard/System.Linq.dll"
-r:"C:/Program Files/Unity/Hub/Editor/6000.5.5f1/Editor/Data/NetStandard/compat/2.1.0/shims/netstandard/System.Memory.dll"
-r:"C:/Program Files/Unity/Hub/Editor/6000.5.5f1/Editor/Data/NetStandard/compat/2.1.0/shims/netstandard/System.Net.Http.dll"
-r:"C:/Program Files/Unity/Hub/Editor/6000.5.5f1/Editor/Data/NetStandard/compat/2.1.0/shims/netstandard/System.Net.NameResolution.dll"
-r:"C:/Program Files/Unity/Hub/Editor/6000.5.5f1/Editor/Data/NetStandard/compat/2.1.0/shims/netstandard/System.Net.NetworkInformation.dll"
-r:"C:/Program Files/Unity/Hub/Editor/6000.5.5f1/Editor/Data/NetStandard/compat/2.1.0/shims/netstandard/System.Net.Ping.dll"
-r:"C:/Program Files/Unity/Hub/Editor/6000.5.5f1/Editor/Data/NetStandard/compat/2.1.0/shims/netstandard/System.Net.Primitives.dll"
-r:"C:/Program Files/Unity/Hub/Editor/6000.5.5f1/Editor/Data/NetStandard/compat/2.1.0/shims/netstandard/System.Net.Requests.dll"
-r:"C:/Program Files/Unity/Hub/Editor/6000.5.5f1/Editor/Data/NetStandard/compat/2.1.0/shims/netstandard/System.Net.Security.dll"
-r:"C:/Program Files/Unity/Hub/Editor/6000.5.5f1/Editor/Data/NetStandard/compat/2.1.0/shims/netstandard/System.Net.Sockets.dll"
-r:"C:/Program Files/Unity/Hub/Editor/6000.5.5f1/Editor/Data/NetStandard/compat/2.1.0/shims/netstandard/System.Net.WebHeaderCollection.dll"
-r:"C:/Program Files/Unity/Hub/Editor/6000.5.5f1/Editor/Data/NetStandard/compat/2.1.0/shims/netstandard/System.Net.WebSockets.Client.dll"
-r:"C:/Program Files/Unity/Hub/Editor/6000.5.5f1/Editor/Data/NetStandard/compat/2.1.0/shims/netstandard/System.Net.WebSockets.dll"
-r:"C:/Program Files/Unity/Hub/Editor/6000.5.5f1/Editor/Data/NetStandard/compat/2.1.0/shims/netstandard/System.Numerics.Vectors.dll"
-r:"C:/Program Files/Unity/Hub/Editor/6000.5.5f1/Editor/Data/NetStandard/compat/2.1.0/shims/netstandard/System.ObjectModel.dll"
-r:"C:/Program Files/Unity/Hub/Editor/6000.5.5f1/Editor/Data/NetStandard/compat/2.1.0/shims/netstandard/System.Reflection.DispatchProxy.dll"
-r:"C:/Program Files/Unity/Hub/Editor/6000.5.5f1/Editor/Data/NetStandard/compat/2.1.0/shims/netstandard/System.Reflection.Emit.ILGeneration.dll"
-r:"C:/Program Files/Unity/Hub/Editor/6000.5.5f1/Editor/Data/NetStandard/compat/2.1.0/shims/netstandard/System.Reflection.Emit.Lightweight.dll"
-r:"C:/Program Files/Unity/Hub/Editor/6000.5.5f1/Editor/Data/NetStandard/compat/2.1.0/shims/netstandard/System.Reflection.Emit.dll"
-r:"C:/Program Files/Unity/Hub/Editor/6000.5.5f1/Editor/Data/NetStandard/compat/2.1.0/shims/netstandard/System.Reflection.Extensions.dll"
-r:"C:/Program Files/Unity/Hub/Editor/6000.5.5f1/Editor/Data/NetStandard/compat/2.1.0/shims/netstandard/System.Reflection.Primitives.dll"
-r:"C:/Program Files/Unity/Hub/Editor/6000.5.5f1/Editor/Data/NetStandard/compat/2.1.0/shims/netstandard/System.Reflection.dll"
-r:"C:/Program Files/Unity/Hub/Editor/6000.5.5f1/Editor/Data/NetStandard/compat/2.1.0/shims/netstandard/System.Resources.Reader.dll"
-r:"C:/Program Files/Unity/Hub/Editor/6000.5.5f1/Editor/Data/NetStandard/compat/2.1.0/shims/netstandard/System.Resources.ResourceManager.dll"
-r:"C:/Program Files/Unity/Hub/Editor/6000.5.5f1/Editor/Data/NetStandard/compat/2.1.0/shims/netstandard/System.Resources.Writer.dll"
-r:"C:/Program Files/Unity/Hub/Editor/6000.5.5f1/Editor/Data/NetStandard/compat/2.1.0/shims/netstandard/System.Runtime.CompilerServices.VisualC.dll"
-r:"C:/Program Files/Unity/Hub/Editor/6000.5.5f1/Editor/Data/NetStandard/compat/2.1.0/shims/netstandard/System.Runtime.Extensions.dll"
-r:"C:/Program Files/Unity/Hub/Editor/6000.5.5f1/Editor/Data/NetStandard/compat/2.1.0/shims/netstandard/System.Runtime.Handles.dll"
-r:"C:/Program Files/Unity/Hub/Editor/6000.5.5f1/Editor/Data/NetStandard/compat/2.1.0/shims/netstandard/System.Runtime.InteropServices.RuntimeInformation.dll"
-r:"C:/Program Files/Unity/Hub/Editor/6000.5.5f1/Editor/Data/NetStandard/compat/2.1.0/shims/netstandard/System.Runtime.InteropServices.dll"
-r:"C:/Program Files/Unity/Hub/Editor/6000.5.5f1/Editor/Data/NetStandard/compat/2.1.0/shims/netstandard/System.Runtime.Numerics.dll"
-r:"C:/Program Files/Unity/Hub/Editor/6000.5.5f1/Editor/Data/NetStandard/compat/2.1.0/shims/netstandard/System.Runtime.Serialization.Formatters.dll"
-r:"C:/Program Files/Unity/Hub/Editor/6000.5.5f1/Editor/Data/NetStandard/compat/2.1.0/shims/netstandard/System.Runtime.Serialization.Json.dll"
-r:"C:/Program Files/Unity/Hub/Editor/6000.5.5f1/Editor/Data/NetStandard/compat/2.1.0/shims/netstandard/System.Runtime.Serialization.Primitives.dll"
-r:"C:/Program Files/Unity/Hub/Editor/6000.5.5f1/Editor/Data/NetStandard/compat/2.1.0/shims/netstandard/System.Runtime.Serialization.Xml.dll"
-r:"C:/Program Files/Unity/Hub/Editor/6000.5.5f1/Editor/Data/NetStandard/compat/2.1.0/shims/netstandard/System.Runtime.dll"
-r:"C:/Program Files/Unity/Hub/Editor/6000.5.5f1/Editor/Data/NetStandard/compat/2.1.0/shims/netstandard/System.Security.Claims.dll"
-r:"C:/Program Files/Unity/Hub/Editor/6000.5.5f1/Editor/Data/NetStandard/compat/2.1.0/shims/netstandard/System.Security.Cryptography.Algorithms.dll"
-r:"C:/Program Files/Unity/Hub/Editor/6000.5.5f1/Editor/Data/NetStandard/compat/2.1.0/shims/netstandard/System.Security.Cryptography.Csp.dll"
-r:"C:/Program Files/Unity/Hub/Editor/6000.5.5f1/Editor/Data/NetStandard/compat/2.1.0/shims/netstandard/System.Security.Cryptography.Encoding.dll"
-r:"C:/Program Files/Unity/Hub/Editor/6000.5.5f1/Editor/Data/NetStandard/compat/2.1.0/shims/netstandard/System.Security.Cryptography.Primitives.dll"
-r:"C:/Program Files/Unity/Hub/Editor/6000.5.5f1/Editor/Data/NetStandard/compat/2.1.0/shims/netstandard/System.Security.Cryptography.X509Certificates.dll"
-r:"C:/Program Files/Unity/Hub/Editor/6000.5.5f1/Editor/Data/NetStandard/compat/2.1.0/shims/netstandard/System.Security.Principal.dll"
-r:"C:/Program Files/Unity/Hub/Editor/6000.5.5f1/Editor/Data/NetStandard/compat/2.1.0/shims/netstandard/System.Security.SecureString.dll"
-r:"C:/Program Files/Unity/Hub/Editor/6000.5.5f1/Editor/Data/NetStandard/compat/2.1.0/shims/netstandard/System.Text.Encoding.Extensions.dll"
-r:"C:/Program Files/Unity/Hub/Editor/6000.5.5f1/Editor/Data/NetStandard/compat/2.1.0/shims/netstandard/System.Text.Encoding.dll"
-r:"C:/Program Files/Unity/Hub/Editor/6000.5.5f1/Editor/Data/NetStandard/compat/2.1.0/shims/netstandard/System.Text.RegularExpressions.dll"
-r:"C:/Program Files/Unity/Hub/Editor/6000.5.5f1/Editor/Data/NetStandard/compat/2.1.0/shims/netstandard/System.Threading.Overlapped.dll"
-r:"C:/Program Files/Unity/Hub/Editor/6000.5.5f1/Editor/Data/NetStandard/compat/2.1.0/shims/netstandard/System.Threading.Tasks.Extensions.dll"
-r:"C:/Program Files/Unity/Hub/Editor/6000.5.5f1/Editor/Data/NetStandard/compat/2.1.0/shims/netstandard/System.Threading.Tasks.Parallel.dll"
-r:"C:/Program Files/Unity/Hub/Editor/6000.5.5f1/Editor/Data/NetStandard/compat/2.1.0/shims/netstandard/System.Threading.Tasks.dll"
-r:"C:/Program Files/Unity/Hub/Editor/6000.5.5f1/Editor/Data/NetStandard/compat/2.1.0/shims/netstandard/System.Threading.Thread.dll"
-r:"C:/Program Files/Unity/Hub/Editor/6000.5.5f1/Editor/Data/NetStandard/compat/2.1.0/shims/netstandard/System.Threading.ThreadPool.dll"
-r:"C:/Program Files/Unity/Hub/Editor/6000.5.5f1/Editor/Data/NetStandard/compat/2.1.0/shims/netstandard/System.Threading.Timer.dll"
-r:"C:/Program Files/Unity/Hub/Editor/6000.5.5f1/Editor/Data/NetStandard/compat/2.1.0/shims/netstandard/System.Threading.dll"
-r:"C:/Program Files/Unity/Hub/Editor/6000.5.5f1/Editor/Data/NetStandard/compat/2.1.0/shims/netstandard/System.ValueTuple.dll"
-r:"C:/Program Files/Unity/Hub/Editor/6000.5.5f1/Editor/Data/NetStandard/compat/2.1.0/shims/netstandard/System.Xml.ReaderWriter.dll"
-r:"C:/Program Files/Unity/Hub/Editor/6000.5.5f1/Editor/Data/NetStandard/compat/2.1.0/shims/netstandard/System.Xml.XDocument.dll"
-r:"C:/Program Files/Unity/Hub/Editor/6000.5.5f1/Editor/Data/NetStandard/compat/2.1.0/shims/netstandard/System.Xml.XPath.XDocument.dll"
-r:"C:/Program Files/Unity/Hub/Editor/6000.5.5f1/Editor/Data/NetStandard/compat/2.1.0/shims/netstandard/System.Xml.XPath.dll"
-r:"C:/Program Files/Unity/Hub/Editor/6000.5.5f1/Editor/Data/NetStandard/compat/2.1.0/shims/netstandard/System.Xml.XmlDocument.dll"
-r:"C:/Program Files/Unity/Hub/Editor/6000.5.5f1/Editor/Data/NetStandard/compat/2.1.0/shims/netstandard/System.Xml.XmlSerializer.dll"
-r:"C:/Program Files/Unity/Hub/Editor/6000.5.5f1/Editor/Data/NetStandard/ref/2.1.0/netstandard.dll"
-r:"Library/PackageCache/com.unity.ext.nunit@44f7d31723bd/net472/unity-custom/nunit.framework.dll"
-analyzer:"C:/Program Files/Unity/Hub/Editor/6000.5.5f1/Editor/Data/BCLExtensions/TargetingPacks/netstandard2.1/analyzers/dotnet/roslyn4.0/cs/Microsoft.Extensions.Logging.Generators.dll"
-analyzer:"C:/Program Files/Unity/Hub/Editor/6000.5.5f1/Editor/Data/BCLExtensions/TargetingPacks/netstandard2.1/analyzers/dotnet/roslyn4.0/cs/System.Text.Json.SourceGeneration.dll"
-analyzer:"C:/Program Files/Unity/Hub/Editor/6000.5.5f1/Editor/Data/Tools/BuildPipeline/Unity.Analyzers.Common/Unity.Analyzers.Common.dll"
-analyzer:"C:/Program Files/Unity/Hub/Editor/6000.5.5f1/Editor/Data/Tools/BuildPipeline/Unity.Analyzers.LongLiving/Unity.Analyzers.LongLiving.dll"
-analyzer:"C:/Program Files/Unity/Hub/Editor/6000.5.5f1/Editor/Data/Tools/BuildPipeline/Unity.SourceGenerators/Unity.Properties.SourceGenerator.dll"
-analyzer:"C:/Program Files/Unity/Hub/Editor/6000.5.5f1/Editor/Data/Tools/BuildPipeline/Unity.SourceGenerators/Unity.SourceGenerators.dll"
-analyzer:"C:/Program Files/Unity/Hub/Editor/6000.5.5f1/Editor/Data/Tools/BuildPipeline/Unity.SourceGenerators/Unity.UIToolkit.SourceGenerator.dll"
"Assets/SolarSim/Runtime/Application/Commands/CommandHistory.cs"
"Assets/SolarSim/Runtime/Application/Commands/ProjectCommands.cs"
"Assets/SolarSim/Runtime/Application/Equipment/CustomPanelFactory.cs"
"Assets/SolarSim/Runtime/Application/Events/ProjectEvents.cs"
"Assets/SolarSim/Runtime/Application/Project/SolarProject.cs"
"Assets/SolarSim/Runtime/Application/Serialization/SolarProjectSerializer.cs"
"Assets/SolarSim/Runtime/Application/Units/UnitConversionService.cs"
"Assets/SolarSim/Runtime/Domain/Electrical/BomScheduleService.cs"
"Assets/SolarSim/Runtime/Domain/Electrical/ConnectionValidator.cs"
"Assets/SolarSim/Runtime/Domain/Electrical/ElectricalCalculationService.cs"
"Assets/SolarSim/Runtime/Domain/Electrical/ElectricalConnection.cs"
"Assets/SolarSim/Runtime/Domain/Electrical/ElectricalGraph.cs"
"Assets/SolarSim/Runtime/Domain/Electrical/ElectricalPort.cs"
"Assets/SolarSim/Runtime/Domain/Electrical/Enums.cs"
"Assets/SolarSim/Runtime/Domain/Electrical/MpptCompatibilityService.cs"
"Assets/SolarSim/Runtime/Domain/Electrical/SingleLineDiagramService.cs"
"Assets/SolarSim/Runtime/Domain/Electrical/SiteDesignConditions.cs"
"Assets/SolarSim/Runtime/Domain/Electrical/StringSizingService.cs"
"Assets/SolarSim/Runtime/Domain/Electrical/TemperatureDeratingService.cs"
"Assets/SolarSim/Runtime/Domain/Electrical/VoltageDropCalculator.cs"
"Assets/SolarSim/Runtime/Domain/Electrical/WireRouting.cs"
"Assets/SolarSim/Runtime/Domain/Equipment/ElectricalEquipmentInstance.cs"
"Assets/SolarSim/Runtime/Domain/Equipment/InverterDefinition.cs"
"Assets/SolarSim/Runtime/Domain/Equipment/SolarPanelDefinition.cs"
"Assets/SolarSim/Runtime/Domain/Equipment/SolarPanelInstance.cs"
"Assets/SolarSim/Runtime/Domain/Roof/RackingLayoutService.cs"
"Assets/SolarSim/Runtime/Domain/Roof/RackingParameters.cs"
"Assets/SolarSim/Runtime/Domain/Roof/RoofDocument.cs"
"Assets/SolarSim/Runtime/Domain/Roof/RoofGeometry.cs"
"Assets/SolarSim/Runtime/Domain/Roof/RoofSurface.cs"
-langversion:9.0
/deterministic
/optimize+
/debug:portable
/nologo
/RuntimeMetadataVersion:v4.0.30319
/nowarn:0169
/nowarn:0649
/nowarn:0282
/nowarn:1701
/nowarn:1702
/utf8output
/preferreduilang:en-US
/additionalfile:"Library/Bee/artifacts/1900b0aE.dag/SolarSim.Runtime.UnityAdditionalFile.txt"
##### Custom Environment Variables
DOTNET_HOST_PATH=C:\Program Files\Unity\Hub\Editor\6000.5.5f1\Editor\Data\DotNetSdk\dotnet.exe
DOTNET_MULTILEVEL_LOOKUP=0
##### ExitCode
1
##### Output
Assets\SolarSim\Runtime\Application\Commands\CommandHistory.cs(1,1): error CS8773: Feature 'file-scoped namespace' is not available in C# 9.0. Please use language version 10.0 or greater.

Assets\SolarSim\Runtime\Application\Commands\ProjectCommands.cs(6,1): error CS8773: Feature 'file-scoped namespace' is not available in C# 9.0. Please use language version 10.0 or greater.

Assets\SolarSim\Runtime\Application\Equipment\CustomPanelFactory.cs(3,1): error CS8773: Feature 'file-scoped namespace' is not available in C# 9.0. Please use language version 10.0 or greater.

Assets\SolarSim\Runtime\Application\Events\ProjectEvents.cs(1,1): error CS8773: Feature 'file-scoped namespace' is not available in C# 9.0. Please use language version 10.0 or greater.

Assets\SolarSim\Runtime\Application\Project\SolarProject.cs(6,1): error CS8773: Feature 'file-scoped namespace' is not available in C# 9.0. Please use language version 10.0 or greater.

Assets\SolarSim\Runtime\Application\Serialization\SolarProjectSerializer.cs(8,1): error CS8773: Feature 'file-scoped namespace' is not available in C# 9.0. Please use language version 10.0 or greater.

Assets\SolarSim\Runtime\Application\Units\UnitConversionService.cs(1,1): error CS8773: Feature 'file-scoped namespace' is not available in C# 9.0. Please use language version 10.0 or greater.

Assets\SolarSim\Runtime\Domain\Electrical\BomScheduleService.cs(4,1): error CS8773: Feature 'file-scoped namespace' is not available in C# 9.0. Please use language version 10.0 or greater.

Assets\SolarSim\Runtime\Domain\Electrical\ConnectionValidator.cs(1,1): error CS8773: Feature 'file-scoped namespace' is not available in C# 9.0. Please use language version 10.0 or greater.

Assets\SolarSim\Runtime\Domain\Electrical\ElectricalCalculationService.cs(3,1): error CS8773: Feature 'file-scoped namespace' is not available in C# 9.0. Please use language version 10.0 or greater.

Assets\SolarSim\Runtime\Domain\Electrical\ElectricalConnection.cs(3,1): error CS8773: Feature 'file-scoped namespace' is not available in C# 9.0. Please use language version 10.0 or greater.

Assets\SolarSim\Runtime\Domain\Electrical\ElectricalGraph.cs(3,1): error CS8773: Feature 'file-scoped namespace' is not available in C# 9.0. Please use language version 10.0 or greater.

Assets\SolarSim\Runtime\Domain\Electrical\ElectricalPort.cs(1,1): error CS8773: Feature 'file-scoped namespace' is not available in C# 9.0. Please use language version 10.0 or greater.

Assets\SolarSim\Runtime\Domain\Electrical\Enums.cs(1,1): error CS8773: Feature 'file-scoped namespace' is not available in C# 9.0. Please use language version 10.0 or greater.

Assets\SolarSim\Runtime\Domain\Electrical\MpptCompatibilityService.cs(3,1): error CS8773: Feature 'file-scoped namespace' is not available in C# 9.0. Please use language version 10.0 or greater.

Assets\SolarSim\Runtime\Domain\Electrical\SingleLineDiagramService.cs(3,1): error CS8773: Feature 'file-scoped namespace' is not available in C# 9.0. Please use language version 10.0 or greater.

Assets\SolarSim\Runtime\Domain\Electrical\SiteDesignConditions.cs(1,1): error CS8773: Feature 'file-scoped namespace' is not available in C# 9.0. Please use language version 10.0 or greater.

Assets\SolarSim\Runtime\Domain\Electrical\StringSizingService.cs(3,1): error CS8773: Feature 'file-scoped namespace' is not available in C# 9.0. Please use language version 10.0 or greater.

Assets\SolarSim\Runtime\Domain\Electrical\TemperatureDeratingService.cs(3,1): error CS8773: Feature 'file-scoped namespace' is not available in C# 9.0. Please use language version 10.0 or greater.

Assets\SolarSim\Runtime\Domain\Electrical\VoltageDropCalculator.cs(1,1): error CS8773: Feature 'file-scoped namespace' is not available in C# 9.0. Please use language version 10.0 or greater.

Assets\SolarSim\Runtime\Domain\Electrical\WireRouting.cs(3,1): error CS8773: Feature 'file-scoped namespace' is not available in C# 9.0. Please use language version 10.0 or greater.

Assets\SolarSim\Runtime\Domain\Equipment\ElectricalEquipmentInstance.cs(3,1): error CS8773: Feature 'file-scoped namespace' is not available in C# 9.0. Please use language version 10.0 or greater.

Assets\SolarSim\Runtime\Domain\Equipment\InverterDefinition.cs(1,1): error CS8773: Feature 'file-scoped namespace' is not available in C# 9.0. Please use language version 10.0 or greater.

Assets\SolarSim\Runtime\Domain\Equipment\SolarPanelDefinition.cs(1,1): error CS8773: Feature 'file-scoped namespace' is not available in C# 9.0. Please use language version 10.0 or greater.

Assets\SolarSim\Runtime\Domain\Equipment\SolarPanelInstance.cs(3,1): error CS8773: Feature 'file-scoped namespace' is not available in C# 9.0. Please use language version 10.0 or greater.

Assets\SolarSim\Runtime\Domain\Roof\RackingLayoutService.cs(3,1): error CS8773: Feature 'file-scoped namespace' is not available in C# 9.0. Please use language version 10.0 or greater.

Assets\SolarSim\Runtime\Domain\Roof\RackingParameters.cs(1,1): error CS8773: Feature 'file-scoped namespace' is not available in C# 9.0. Please use language version 10.0 or greater.

Assets\SolarSim\Runtime\Domain\Roof\RoofDocument.cs(1,1): error CS8773: Feature 'file-scoped namespace' is not available in C# 9.0. Please use language version 10.0 or greater.

Assets\SolarSim\Runtime\Domain\Roof\RoofGeometry.cs(1,1): error CS8773: Feature 'file-scoped namespace' is not available in C# 9.0. Please use language version 10.0 or greater.

Assets\SolarSim\Runtime\Domain\Roof\RoofSurface.cs(1,1): error CS8773: Feature 'file-scoped namespace' is not available in C# 9.0. Please use language version 10.0 or greater.

Assets\SolarSim\Runtime\Domain\Roof\RoofGeometry.cs(301,24): error CS8773: Feature 'record structs' is not available in C# 9.0. Please use language version 10.0 or greater.

Assets\SolarSim\Runtime\Domain\Roof\RoofSurface.cs(3,24): error CS8773: Feature 'record structs' is not available in C# 9.0. Please use language version 10.0 or greater.

Assets\SolarSim\Runtime\Domain\Electrical\VoltageDropCalculator.cs(59,24): error CS8773: Feature 'record structs' is not available in C# 9.0. Please use language version 10.0 or greater.

Assets\SolarSim\Runtime\Domain\Roof\RackingLayoutService.cs(145,29): error CS8773: Feature 'record structs' is not available in C# 9.0. Please use language version 10.0 or greater.

Assets\SolarSim\Runtime\Domain\Equipment\InverterDefinition.cs(89,12): error CS0246: The type or namespace name 'Guid' could not be found (are you missing a using directive or an assembly reference?)

Assets\SolarSim\Runtime\Domain\Equipment\InverterDefinition.cs(8,12): error CS0246: The type or namespace name 'Guid' could not be found (are you missing a using directive or an assembly reference?)

Assets\SolarSim\Runtime\Application\Serialization\SolarProjectSerializer.cs(16,12): error CS0246: The type or namespace name 'Guid' could not be found (are you missing a using directive or an assembly reference?)

Assets\SolarSim\Runtime\Domain\Roof\RackingLayoutService.cs(7,12): error CS0246: The type or namespace name 'IReadOnlyList<>' could not be found (are you missing a using directive or an assembly reference?)

Assets\SolarSim\Runtime\Domain\Roof\RoofDocument.cs(11,12): error CS0246: The type or namespace name 'IReadOnlyList<>' could not be found (are you missing a using directive or an assembly reference?)

Assets\SolarSim\Runtime\Domain\Electrical\BomScheduleService.cs(18,12): error CS0246: The type or namespace name 'IReadOnlyList<>' could not be found (are you missing a using directive or an assembly reference?)

Assets\SolarSim\Runtime\Application\Serialization\SolarProjectSerializer.cs(22,12): error CS0246: The type or namespace name 'List<>' could not be found (are you missing a using directive or an assembly reference?)

Assets\SolarSim\Runtime\Domain\Equipment\InverterDefinition.cs(79,19): error CS0246: The type or namespace name 'IReadOnlyList<>' could not be found (are you missing a using directive or an assembly reference?)

Assets\SolarSim\Runtime\Application\Serialization\SolarProjectSerializer.cs(25,12): error CS0246: The type or namespace name 'List<>' could not be found (are you missing a using directive or an assembly reference?)

Assets\SolarSim\Runtime\Domain\Roof\RoofDocument.cs(12,12): error CS0246: The type or namespace name 'Guid' could not be found (are you missing a using directive or an assembly reference?)

Assets\SolarSim\Runtime\Domain\Roof\RoofDocument.cs(14,23): warning CS8632: The annotation for nullable reference types should only be used in code within a '#nullable' annotations context.

Assets\SolarSim\Runtime\Application\Commands\CommandHistory.cs(25,18): error CS0246: The type or namespace name 'Action' could not be found (are you missing a using directive or an assembly reference?)

Assets\SolarSim\Runtime\Application\Project\SolarProject.cs(16,18): error CS0246: The type or namespace name 'Action' could not be found (are you missing a using directive or an assembly reference?)

Assets\SolarSim\Runtime\Domain\Roof\RackingLayoutService.cs(23,9): error CS0246: The type or namespace name 'IReadOnlyList<>' could not be found (are you missing a using directive or an assembly reference?)

Assets\SolarSim\Runtime\Domain\Roof\RackingLayoutService.cs(24,9): error CS0246: The type or namespace name 'IReadOnlyDictionary<,>' could not be found (are you missing a using directive or an assembly reference?)

Assets\SolarSim\Runtime\Domain\Roof\RackingLayoutService.cs(24,29): error CS0246: The type or namespace name 'Guid' could not be found (are you missing a using directive or an assembly reference?)

Assets\SolarSim\Runtime\Application\Serialization\SolarProjectSerializer.cs(28,12): error CS0246: The type or namespace name 'List<>' could not be found (are you missing a using directive or an assembly reference?)

Assets\SolarSim\Runtime\Domain\Roof\RoofDocument.cs(32,38): warning CS8632: The annotation for nullable reference types should only be used in code within a '#nullable' annotations context.

Assets\SolarSim\Runtime\Application\Commands\CommandHistory.cs(23,12): error CS0246: The type or namespace name 'IReadOnlyList<>' could not be found (are you missing a using directive or an assembly reference?)

Assets\SolarSim\Runtime\Domain\Roof\RoofDocument.cs(49,28): error CS0246: The type or namespace name 'Guid' could not be found (are you missing a using directive or an assembly reference?)

Assets\SolarSim\Runtime\Application\Serialization\SolarProjectSerializer.cs(34,19): warning CS8632: The annotation for nullable reference types should only be used in code within a '#nullable' annotations context.

Assets\SolarSim\Runtime\Domain\Roof\RoofDocument.cs(58,27): error CS0246: The type or namespace name 'Guid' could not be found (are you missing a using directive or an assembly reference?)

Assets\SolarSim\Runtime\Domain\Roof\RackingLayoutService.cs(94,20): error CS0246: The type or namespace name 'List<>' could not be found (are you missing a using directive or an assembly reference?)

Assets\SolarSim\Runtime\Domain\Roof\RoofDocument.cs(65,30): error CS0246: The type or namespace name 'Guid' could not be found (are you missing a using directive or an assembly reference?)

Assets\SolarSim\Runtime\Domain\Roof\RoofDocument.cs(65,23): warning CS8632: The annotation for nullable reference types should only be used in code within a '#nullable' annotations context.

Assets\SolarSim\Runtime\Application\Project\SolarProject.cs(13,12): error CS0246: The type or namespace name 'IReadOnlyCollection<>' could not be found (are you missing a using directive or an assembly reference?)

Assets\SolarSim\Runtime\Application\Project\SolarProject.cs(13,32): error CS0246: The type or namespace name 'Guid' could not be found (are you missing a using directive or an assembly reference?)

Assets\SolarSim\Runtime\Application\Serialization\SolarProjectSerializer.cs(38,12): error CS0246: The type or namespace name 'List<>' could not be found (are you missing a using directive or an assembly reference?)

Assets\SolarSim\Runtime\Domain\Roof\RackingLayoutService.cs(119,61): error CS0246: The type or namespace name 'List<>' could not be found (are you missing a using directive or an assembly reference?)

Assets\SolarSim\Runtime\Domain\Roof\RackingLayoutService.cs(119,20): error CS0246: The type or namespace name 'List<>' could not be found (are you missing a using directive or an assembly reference?)

Assets\SolarSim\Runtime\Domain\Roof\RackingLayoutService.cs(119,25): error CS0246: The type or namespace name 'List<>' could not be found (are you missing a using directive or an assembly reference?)

Assets\SolarSim\Runtime\Application\Project\SolarProject.cs(14,12): error CS0246: The type or namespace name 'IReadOnlyCollection<>' could not be found (are you missing a using directive or an assembly reference?)

Assets\SolarSim\Runtime\Application\Project\SolarProject.cs(14,32): error CS0246: The type or namespace name 'Guid' could not be found (are you missing a using directive or an assembly reference?)

Assets\SolarSim\Runtime\Application\Serialization\SolarProjectSerializer.cs(41,12): error CS0246: The type or namespace name 'Guid' could not be found (are you missing a using directive or an assembly reference?)

Assets\SolarSim\Runtime\Application\Serialization\SolarProjectSerializer.cs(47,29): warning CS8632: The annotation for nullable reference types should only be used in code within a '#nullable' annotations context.

Assets\SolarSim\Runtime\Application\Serialization\SolarProjectSerializer.cs(50,32): warning CS8632: The annotation for nullable reference types should only be used in code within a '#nullable' annotations context.

Assets\SolarSim\Runtime\Application\Serialization\SolarProjectSerializer.cs(53,12): error CS0246: The type or namespace name 'List<>' could not be found (are you missing a using directive or an assembly reference?)

Assets\SolarSim\Runtime\Application\Project\SolarProject.cs(27,30): error CS0246: The type or namespace name 'IEnumerable<>' could not be found (are you missing a using directive or an assembly reference?)

Assets\SolarSim\Runtime\Application\Project\SolarProject.cs(27,42): error CS0246: The type or namespace name 'Guid' could not be found (are you missing a using directive or an assembly reference?)

Assets\SolarSim\Runtime\Application\Project\SolarProject.cs(27,70): error CS0246: The type or namespace name 'IEnumerable<>' could not be found (are you missing a using directive or an assembly reference?)

Assets\SolarSim\Runtime\Application\Project\SolarProject.cs(27,82): error CS0246: The type or namespace name 'Guid' could not be found (are you missing a using directive or an assembly reference?)

Assets\SolarSim\Runtime\Application\Project\SolarProject.cs(44,33): error CS0246: The type or namespace name 'Guid' could not be found (are you missing a using directive or an assembly reference?)

Assets\SolarSim\Runtime\Application\Project\SolarProject.cs(55,34): error CS0246: The type or namespace name 'Guid' could not be found (are you missing a using directive or an assembly reference?)

Assets\SolarSim\Runtime\Application\Commands\CommandHistory.cs(12,22): error CS0246: The type or namespace name 'List<>' could not be found (are you missing a using directive or an assembly reference?)

Assets\SolarSim\Runtime\Domain\Roof\RoofDocument.cs(9,22): error CS0246: The type or namespace name 'List<>' could not be found (are you missing a using directive or an assembly reference?)

Assets\SolarSim\Runtime\Application\Project\SolarProject.cs(10,22): error CS0246: The type or namespace name 'HashSet<>' could not be found (are you missing a using directive or an assembly reference?)

Assets\SolarSim\Runtime\Application\Project\SolarProject.cs(10,30): error CS0246: The type or namespace name 'Guid' could not be found (are you missing a using directive or an assembly reference?)

Assets\SolarSim\Runtime\Application\Commands\CommandHistory.cs(13,22): error CS0246: The type or namespace name 'List<>' could not be found (are you missing a using directive or an assembly reference?)

Assets\SolarSim\Runtime\Application\Project\SolarProject.cs(11,22): error CS0246: The type or namespace name 'HashSet<>' could not be found (are you missing a using directive or an assembly reference?)

Assets\SolarSim\Runtime\Application\Project\SolarProject.cs(11,30): error CS0246: The type or namespace name 'Guid' could not be found (are you missing a using directive or an assembly reference?)

Assets\SolarSim\Runtime\Domain\Electrical\BomScheduleService.cs(18,52): error CS0518: Predefined type 'System.Runtime.CompilerServices.IsExternalInit' is not defined or imported

Assets\SolarSim\Runtime\Domain\Roof\RackingLayoutService.cs(7,60): error CS0518: Predefined type 'System.Runtime.CompilerServices.IsExternalInit' is not defined or imported

Assets\SolarSim\Runtime\Domain\Electrical\BomScheduleService.cs(8,35): error CS0518: Predefined type 'System.Runtime.CompilerServices.IsExternalInit' is not defined or imported

Assets\SolarSim\Runtime\Domain\Electrical\BomScheduleService.cs(19,34): error CS0518: Predefined type 'System.Runtime.CompilerServices.IsExternalInit' is not defined or imported

Assets\SolarSim\Runtime\Domain\Roof\RackingLayoutService.cs(8,44): error CS0518: Predefined type 'System.Runtime.CompilerServices.IsExternalInit' is not defined or imported

Assets\SolarSim\Runtime\Domain\Electrical\BomScheduleService.cs(9,38): error CS0518: Predefined type 'System.Runtime.CompilerServices.IsExternalInit' is not defined or imported

Assets\SolarSim\Runtime\Domain\Electrical\BomScheduleService.cs(20,39): error CS0518: Predefined type 'System.Runtime.CompilerServices.IsExternalInit' is not defined or imported

Assets\SolarSim\Runtime\Domain\Electrical\BomScheduleService.cs(21,36): error CS0518: Predefined type 'System.Runtime.CompilerServices.IsExternalInit' is not defined or imported

Assets\SolarSim\Runtime\Domain\Electrical\BomScheduleService.cs(10,32): error CS0518: Predefined type 'System.Runtime.CompilerServices.IsExternalInit' is not defined or imported

Assets\SolarSim\Runtime\Domain\Electrical\BomScheduleService.cs(22,44): error CS0518: Predefined type 'System.Runtime.CompilerServices.IsExternalInit' is not defined or imported

Assets\SolarSim\Runtime\Domain\Electrical\BomScheduleService.cs(11,31): error CS0518: Predefined type 'System.Runtime.CompilerServices.IsExternalInit' is not defined or imported

Assets\SolarSim\Runtime\Domain\Roof\RackingLayoutService.cs(9,33): error CS0518: Predefined type 'System.Runtime.CompilerServices.IsExternalInit' is not defined or imported

Assets\SolarSim\Runtime\Domain\Electrical\BomScheduleService.cs(12,41): error CS0518: Predefined type 'System.Runtime.CompilerServices.IsExternalInit' is not defined or imported

Assets\SolarSim\Runtime\Domain\Roof\RackingLayoutService.cs(11,37): error CS0518: Predefined type 'System.Runtime.CompilerServices.IsExternalInit' is not defined or imported

Assets\SolarSim\Runtime\Domain\Electrical\BomScheduleService.cs(13,18): warning CS8632: The annotation for nullable reference types should only be used in code within a '#nullable' annotations context.

Assets\SolarSim\Runtime\Domain\Electrical\BomScheduleService.cs(13,33): error CS0518: Predefined type 'System.Runtime.CompilerServices.IsExternalInit' is not defined or imported

Assets\SolarSim\Runtime\Domain\Roof\RackingLayoutService.cs(12,37): error CS0518: Predefined type 'System.Runtime.CompilerServices.IsExternalInit' is not defined or imported

Assets\SolarSim\Runtime\Domain\Roof\RackingLayoutService.cs(13,32): error CS0518: Predefined type 'System.Runtime.CompilerServices.IsExternalInit' is not defined or imported

Assets\SolarSim\Runtime\Application\Events\ProjectEvents.cs(8,33): error CS0518: Predefined type 'System.Runtime.CompilerServices.IsExternalInit' is not defined or imported

Assets\SolarSim\Runtime\Application\Equipment\CustomPanelFactory.cs(23,19): error CS0246: The type or namespace name 'IReadOnlyList<>' could not be found (are you missing a using directive or an assembly reference?)

Assets\SolarSim\Runtime\Application\Events\ProjectEvents.cs(13,12): error CS0246: The type or namespace name 'IReadOnlyList<>' could not be found (are you missing a using directive or an assembly reference?)

Assets\SolarSim\Runtime\Application\Events\ProjectEvents.cs(13,26): error CS0246: The type or namespace name 'Guid' could not be found (are you missing a using directive or an assembly reference?)

Assets\SolarSim\Runtime\Application\Events\ProjectEvents.cs(13,60): error CS0518: Predefined type 'System.Runtime.CompilerServices.IsExternalInit' is not defined or imported

Assets\SolarSim\Runtime\Domain\Electrical\BomScheduleService.cs(55,9): error CS0246: The type or namespace name 'IReadOnlyDictionary<,>' could not be found (are you missing a using directive or an assembly reference?)

Assets\SolarSim\Runtime\Domain\Electrical\BomScheduleService.cs(55,29): error CS0246: The type or namespace name 'Guid' could not be found (are you missing a using directive or an assembly reference?)

Assets\SolarSim\Runtime\Domain\Electrical\BomScheduleService.cs(56,28): warning CS8632: The annotation for nullable reference types should only be used in code within a '#nullable' annotations context.

Assets\SolarSim\Runtime\Domain\Roof\RoofGeometry.cs(21,9): error CS0246: The type or namespace name 'IReadOnlyList<>' could not be found (are you missing a using directive or an assembly reference?)

Assets\SolarSim\Runtime\Application\Events\ProjectEvents.cs(14,12): error CS0246: The type or namespace name 'IReadOnlyList<>' could not be found (are you missing a using directive or an assembly reference?)

Assets\SolarSim\Runtime\Application\Events\ProjectEvents.cs(14,26): error CS0246: The type or namespace name 'Guid' could not be found (are you missing a using directive or an assembly reference?)

Assets\SolarSim\Runtime\Application\Events\ProjectEvents.cs(14,61): error CS0518: Predefined type 'System.Runtime.CompilerServices.IsExternalInit' is not defined or imported

Assets\SolarSim\Runtime\Domain\Roof\RoofGeometry.cs(61,46): error CS0246: The type or namespace name 'IReadOnlyList<>' could not be found (are you missing a using directive or an assembly reference?)

Assets\SolarSim\Runtime\Application\Project\SolarProject.cs(114,18): error CS0246: The type or namespace name 'Action<>' could not be found (are you missing a using directive or an assembly reference?)

Assets\SolarSim\Runtime\Application\Project\SolarProject.cs(115,18): error CS0246: The type or namespace name 'Action' could not be found (are you missing a using directive or an assembly reference?)

Assets\SolarSim\Runtime\Domain\Roof\RoofGeometry.cs(74,61): error CS0246: The type or namespace name 'IReadOnlyList<>' could not be found (are you missing a using directive or an assembly reference?)

Assets\SolarSim\Runtime\Domain\Roof\RoofGeometry.cs(90,66): error CS0246: The type or namespace name 'IReadOnlyList<>' could not be found (are you missing a using directive or an assembly reference?)

Assets\SolarSim\Runtime\Application\Project\SolarProject.cs(96,12): error CS0246: The type or namespace name 'Guid' could not be found (are you missing a using directive or an assembly reference?)

Assets\SolarSim\Runtime\Application\Project\SolarProject.cs(98,18): warning CS8632: The annotation for nullable reference types should only be used in code within a '#nullable' annotations context.

Assets\SolarSim\Runtime\Domain\Roof\RoofGeometry.cs(117,70): error CS0246: The type or namespace name 'IReadOnlyList<>' could not be found (are you missing a using directive or an assembly reference?)

Assets\SolarSim\Runtime\Application\Serialization\SolarProjectSerializer.cs(71,12): error CS0246: The type or namespace name 'Guid' could not be found (are you missing a using directive or an assembly reference?)

Assets\SolarSim\Runtime\Domain\Roof\RoofGeometry.cs(301,71): warning CS8632: The annotation for nullable reference types should only be used in code within a '#nullable' annotations context.

Assets\SolarSim\Runtime\Domain\Roof\RoofGeometry.cs(301,85): warning CS8632: The annotation for nullable reference types should only be used in code within a '#nullable' annotations context.

Assets\SolarSim\Runtime\Domain\Roof\RoofGeometry.cs(229,53): error CS0246: The type or namespace name 'IReadOnlyList<>' could not be found (are you missing a using directive or an assembly reference?)

Assets\SolarSim\Runtime\Domain\Roof\RoofGeometry.cs(229,19): error CS0246: The type or namespace name 'List<>' could not be found (are you missing a using directive or an assembly reference?)

Assets\SolarSim\Runtime\Application\Serialization\SolarProjectSerializer.cs(78,12): error CS0246: The type or namespace name 'List<>' could not be found (are you missing a using directive or an assembly reference?)

Assets\SolarSim\Runtime\Application\Serialization\SolarProjectSerializer.cs(79,28): warning CS8632: The annotation for nullable reference types should only be used in code within a '#nullable' annotations context.

Assets\SolarSim\Runtime\Domain\Roof\RoofGeometry.cs(288,38): error CS0246: The type or namespace name 'IReadOnlyList<>' could not be found (are you missing a using directive or an assembly reference?)

Assets\SolarSim\Runtime\Application\Project\SolarProject.cs(105,12): error CS0246: The type or namespace name 'Dictionary<,>' could not be found (are you missing a using directive or an assembly reference?)

Assets\SolarSim\Runtime\Application\Project\SolarProject.cs(105,23): error CS0246: The type or namespace name 'Guid' could not be found (are you missing a using directive or an assembly reference?)

Assets\SolarSim\Runtime\Application\Project\SolarProject.cs(132,51): error CS0246: The type or namespace name 'Guid' could not be found (are you missing a using directive or an assembly reference?)

Assets\SolarSim\Runtime\Application\Project\SolarProject.cs(159,9): error CS0246: The type or namespace name 'Guid' could not be found (are you missing a using directive or an assembly reference?)

Assets\SolarSim\Runtime\Application\Project\SolarProject.cs(233,100): warning CS8632: The annotation for nullable reference types should only be used in code within a '#nullable' annotations context.

Assets\SolarSim\Runtime\Application\Project\SolarProject.cs(258,12): error CS0246: The type or namespace name 'IReadOnlyList<>' could not be found (are you missing a using directive or an assembly reference?)

Assets\SolarSim\Runtime\Application\Project\SolarProject.cs(261,53): error CS0246: The type or namespace name 'Guid' could not be found (are you missing a using directive or an assembly reference?)

Assets\SolarSim\Runtime\Application\Project\SolarProject.cs(280,56): error CS0246: The type or namespace name 'Guid' could not be found (are you missing a using directive or an assembly reference?)

Assets\SolarSim\Runtime\Domain\Roof\RackingLayoutService.cs(145,58): error CS0518: Predefined type 'System.Runtime.CompilerServices.IsExternalInit' is not defined or imported

Assets\SolarSim\Runtime\Domain\Roof\RoofGeometry.cs(301,56): error CS0518: Predefined type 'System.Runtime.CompilerServices.IsExternalInit' is not defined or imported

Assets\SolarSim\Runtime\Domain\Roof\RoofGeometry.cs(301,73): error CS0518: Predefined type 'System.Runtime.CompilerServices.IsExternalInit' is not defined or imported

Assets\SolarSim\Runtime\Domain\Roof\RoofGeometry.cs(301,87): error CS0518: Predefined type 'System.Runtime.CompilerServices.IsExternalInit' is not defined or imported

Assets\SolarSim\Runtime\Domain\Roof\RackingLayoutService.cs(145,68): error CS0518: Predefined type 'System.Runtime.CompilerServices.IsExternalInit' is not defined or imported

Assets\SolarSim\Runtime\Domain\Roof\RackingLayoutService.cs(145,78): error CS0518: Predefined type 'System.Runtime.CompilerServices.IsExternalInit' is not defined or imported

Assets\SolarSim\Runtime\Domain\Roof\RackingLayoutService.cs(145,88): error CS0518: Predefined type 'System.Runtime.CompilerServices.IsExternalInit' is not defined or imported

Assets\SolarSim\Runtime\Domain\Roof\RackingLayoutService.cs(145,98): error CS0518: Predefined type 'System.Runtime.CompilerServices.IsExternalInit' is not defined or imported

Assets\SolarSim\Runtime\Application\Commands\ProjectCommands.cs(151,22): error CS0246: The type or namespace name 'Guid' could not be found (are you missing a using directive or an assembly reference?)

Assets\SolarSim\Runtime\Application\Commands\ProjectCommands.cs(111,22): error CS0246: The type or namespace name 'Guid' could not be found (are you missing a using directive or an assembly reference?)

Assets\SolarSim\Runtime\Application\Commands\ProjectCommands.cs(49,22): error CS0246: The type or namespace name 'List<>' could not be found (are you missing a using directive or an assembly reference?)

Assets\SolarSim\Runtime\Application\Commands\ProjectCommands.cs(155,53): error CS0246: The type or namespace name 'Guid' could not be found (are you missing a using directive or an assembly reference?)

Assets\SolarSim\Runtime\Application\Commands\ProjectCommands.cs(51,53): error CS0246: The type or namespace name 'Guid' could not be found (are you missing a using directive or an assembly reference?)

Assets\SolarSim\Runtime\Application\Commands\ProjectCommands.cs(119,9): error CS0246: The type or namespace name 'Guid' could not be found (are you missing a using directive or an assembly reference?)

Assets\SolarSim\Runtime\Domain\Equipment\InverterDefinition.cs(99,9): error CS0246: The type or namespace name 'Guid' could not be found (are you missing a using directive or an assembly reference?)

Assets\SolarSim\Runtime\Domain\Equipment\InverterDefinition.cs(21,9): error CS0246: The type or namespace name 'Guid' could not be found (are you missing a using directive or an assembly reference?)

Assets\SolarSim\Runtime\Application\Commands\CommandHistory.cs(25,26): error CS0066: 'CommandHistory.HistoryChanged': event must be of a delegate type

Assets\SolarSim\Runtime\Application\Project\SolarProject.cs(16,26): error CS0066: 'SelectionService.SelectionChanged': event must be of a delegate type

Assets\SolarSim\Runtime\Application\Commands\ProjectCommands.cs(192,12): error CS0246: The type or namespace name 'Guid' could not be found (are you missing a using directive or an assembly reference?)

Assets\SolarSim\Runtime\Application\Serialization\SolarProjectSerializer.cs(84,12): error CS0246: The type or namespace name 'Guid' could not be found (are you missing a using directive or an assembly reference?)

Assets\SolarSim\Runtime\Domain\Electrical\ConnectionValidator.cs(9,12): error CS0246: The type or namespace name 'IReadOnlyList<>' could not be found (are you missing a using directive or an assembly reference?)

Assets\SolarSim\Runtime\Domain\Electrical\ConnectionValidator.cs(9,26): error CS0246: The type or namespace name 'Guid' could not be found (are you missing a using directive or an assembly reference?)

Assets\SolarSim\Runtime\Domain\Roof\RoofSurface.cs(3,47): error CS0518: Predefined type 'System.Runtime.CompilerServices.IsExternalInit' is not defined or imported

Assets\SolarSim\Runtime\Domain\Roof\RoofSurface.cs(3,57): error CS0518: Predefined type 'System.Runtime.CompilerServices.IsExternalInit' is not defined or imported

Assets\SolarSim\Runtime\Domain\Electrical\ConnectionValidator.cs(29,12): error CS0246: The type or namespace name 'List<>' could not be found (are you missing a using directive or an assembly reference?)

Assets\SolarSim\Runtime\Application\Commands\ProjectCommands.cs(181,22): error CS0246: The type or namespace name 'Guid' could not be found (are you missing a using directive or an assembly reference?)

Assets\SolarSim\Runtime\Domain\Electrical\ConnectionValidator.cs(30,12): error CS0246: The type or namespace name 'List<>' could not be found (are you missing a using directive or an assembly reference?)

Assets\SolarSim\Runtime\Application\Commands\ProjectCommands.cs(183,31): warning CS8632: The annotation for nullable reference types should only be used in code within a '#nullable' annotations context.

Assets\SolarSim\Runtime\Domain\Electrical\ConnectionValidator.cs(16,9): error CS0246: The type or namespace name 'IEnumerable<>' could not be found (are you missing a using directive or an assembly reference?)

Assets\SolarSim\Runtime\Domain\Electrical\ConnectionValidator.cs(16,21): error CS0246: The type or namespace name 'Guid' could not be found (are you missing a using directive or an assembly reference?)

Assets\SolarSim\Runtime\Application\Serialization\SolarProjectSerializer.cs(96,12): error CS0246: The type or namespace name 'Guid' could not be found (are you missing a using directive or an assembly reference?)

Assets\SolarSim\Runtime\Domain\Equipment\SolarPanelDefinition.cs(8,12): error CS0246: The type or namespace name 'Guid' could not be found (are you missing a using directive or an assembly reference?)

Assets\SolarSim\Runtime\Application\Commands\ProjectCommands.cs(185,56): error CS0246: The type or namespace name 'Guid' could not be found (are you missing a using directive or an assembly reference?)

Assets\SolarSim\Runtime\Domain\Equipment\SolarPanelDefinition.cs(24,18): warning CS8632: The annotation for nullable reference types should only be used in code within a '#nullable' annotations context.

Assets\SolarSim\Runtime\Application\Serialization\SolarProjectSerializer.cs(105,12): error CS0246: The type or namespace name 'List<>' could not be found (are you missing a using directive or an assembly reference?)

Assets\SolarSim\Runtime\Application\Project\SolarProject.cs(114,34): error CS0066: 'SolarProject.ProjectChanged': event must be of a delegate type

Assets\SolarSim\Runtime\Application\Project\SolarProject.cs(115,26): error CS0066: 'SolarProject.CalculationsUpdated': event must be of a delegate type

Assets\SolarSim\Runtime\Domain\Equipment\SolarPanelDefinition.cs(129,19): error CS0246: The type or namespace name 'IReadOnlyList<>' could not be found (are you missing a using directive or an assembly reference?)

Assets\SolarSim\Runtime\Application\Serialization\SolarProjectSerializer.cs(117,12): error CS0246: The type or namespace name 'Guid' could not be found (are you missing a using directive or an assembly reference?)

Assets\SolarSim\Runtime\Application\Serialization\SolarProjectSerializer.cs(106,12): error CS0246: The type or namespace name 'List<>' could not be found (are you missing a using directive or an assembly reference?)

Assets\SolarSim\Runtime\Application\Serialization\SolarProjectSerializer.cs(129,12): error CS0246: The type or namespace name 'Guid' could not be found (are you missing a using directive or an assembly reference?)

Assets\SolarSim\Runtime\Domain\Equipment\SolarPanelDefinition.cs(28,9): error CS0246: The type or namespace name 'Guid' could not be found (are you missing a using directive or an assembly reference?)

Assets\SolarSim\Runtime\Domain\Equipment\SolarPanelDefinition.cs(44,15): warning CS8632: The annotation for nullable reference types should only be used in code within a '#nullable' annotations context.

Assets\SolarSim\Runtime\Domain\Electrical\ConnectionValidator.cs(32,76): error CS0246: The type or namespace name 'Guid' could not be found (are you missing a using directive or an assembly reference?)

Assets\SolarSim\Runtime\Application\Serialization\SolarProjectSerializer.cs(145,18): warning CS8632: The annotation for nullable reference types should only be used in code within a '#nullable' annotations context.

Assets\SolarSim\Runtime\Domain\Electrical\ConnectionValidator.cs(35,78): error CS0246: The type or namespace name 'Guid' could not be found (are you missing a using directive or an assembly reference?)

Assets\SolarSim\Runtime\Application\Serialization\SolarProjectSerializer.cs(151,12): error CS0246: The type or namespace name 'Guid' could not be found (are you missing a using directive or an assembly reference?)

Assets\SolarSim\Runtime\Application\Serialization\SolarProjectSerializer.cs(152,12): error CS0246: The type or namespace name 'Guid' could not be found (are you missing a using directive or an assembly reference?)

Assets\SolarSim\Runtime\Application\Serialization\SolarProjectSerializer.cs(163,12): error CS0246: The type or namespace name 'Guid' could not be found (are you missing a using directive or an assembly reference?)

Assets\SolarSim\Runtime\Application\Serialization\SolarProjectSerializer.cs(168,18): warning CS8632: The annotation for nullable reference types should only be used in code within a '#nullable' annotations context.

Assets\SolarSim\Runtime\Application\Serialization\SolarProjectSerializer.cs(173,12): error CS0246: The type or namespace name 'Guid' could not be found (are you missing a using directive or an assembly reference?)

Assets\SolarSim\Runtime\Domain\Electrical\ElectricalCalculationService.cs(10,12): error CS0246: The type or namespace name 'Guid' could not be found (are you missing a using directive or an assembly reference?)

Assets\SolarSim\Runtime\Application\Serialization\SolarProjectSerializer.cs(174,12): error CS0246: The type or namespace name 'Guid' could not be found (are you missing a using directive or an assembly reference?)

Assets\SolarSim\Runtime\Domain\Electrical\ElectricalCalculationService.cs(42,35): error CS0518: Predefined type 'System.Runtime.CompilerServices.IsExternalInit' is not defined or imported

Assets\SolarSim\Runtime\Domain\Equipment\SolarPanelInstance.cs(10,12): error CS0246: The type or namespace name 'Guid' could not be found (are you missing a using directive or an assembly reference?)

Assets\SolarSim\Runtime\Application\Serialization\SolarProjectSerializer.cs(175,12): error CS0246: The type or namespace name 'Guid' could not be found (are you missing a using directive or an assembly reference?)

Assets\SolarSim\Runtime\Domain\Electrical\ElectricalCalculationService.cs(43,39): error CS0518: Predefined type 'System.Runtime.CompilerServices.IsExternalInit' is not defined or imported

Assets\SolarSim\Runtime\Domain\Electrical\ElectricalCalculationService.cs(12,12): error CS0246: The type or namespace name 'IReadOnlyList<>' could not be found (are you missing a using directive or an assembly reference?)

Assets\SolarSim\Runtime\Domain\Electrical\ElectricalCalculationService.cs(12,26): error CS0246: The type or namespace name 'Guid' could not be found (are you missing a using directive or an assembly reference?)

Assets\SolarSim\Runtime\Domain\Electrical\ElectricalCalculationService.cs(26,12): error CS0246: The type or namespace name 'Guid' could not be found (are you missing a using directive or an assembly reference?)

Assets\SolarSim\Runtime\Domain\Electrical\ElectricalCalculationService.cs(44,41): error CS0518: Predefined type 'System.Runtime.CompilerServices.IsExternalInit' is not defined or imported

Assets\SolarSim\Runtime\Domain\Electrical\ElectricalCalculationService.cs(45,35): error CS0518: Predefined type 'System.Runtime.CompilerServices.IsExternalInit' is not defined or imported

Assets\SolarSim\Runtime\Domain\Electrical\ElectricalCalculationService.cs(26,33): error CS0518: Predefined type 'System.Runtime.CompilerServices.IsExternalInit' is not defined or imported

Assets\SolarSim\Runtime\Domain\Electrical\ElectricalCalculationService.cs(46,41): error CS0518: Predefined type 'System.Runtime.CompilerServices.IsExternalInit' is not defined or imported

Assets\SolarSim\Runtime\Domain\Equipment\SolarPanelInstance.cs(11,12): error CS0246: The type or namespace name 'Guid' could not be found (are you missing a using directive or an assembly reference?)

Assets\SolarSim\Runtime\Domain\Electrical\ElectricalCalculationService.cs(27,38): error CS0518: Predefined type 'System.Runtime.CompilerServices.IsExternalInit' is not defined or imported

Assets\SolarSim\Runtime\Domain\Electrical\ElectricalCalculationService.cs(28,34): error CS0518: Predefined type 'System.Runtime.CompilerServices.IsExternalInit' is not defined or imported

Assets\SolarSim\Runtime\Domain\Electrical\ElectricalCalculationService.cs(29,41): error CS0518: Predefined type 'System.Runtime.CompilerServices.IsExternalInit' is not defined or imported

Assets\SolarSim\Runtime\Domain\Electrical\ElectricalCalculationService.cs(30,35): error CS0518: Predefined type 'System.Runtime.CompilerServices.IsExternalInit' is not defined or imported

Assets\SolarSim\Runtime\Domain\Electrical\ElectricalCalculationService.cs(31,35): error CS0518: Predefined type 'System.Runtime.CompilerServices.IsExternalInit' is not defined or imported

Assets\SolarSim\Runtime\Domain\Electrical\ElectricalCalculationService.cs(32,34): error CS0518: Predefined type 'System.Runtime.CompilerServices.IsExternalInit' is not defined or imported

Assets\SolarSim\Runtime\Domain\Electrical\ElectricalCalculationService.cs(33,34): error CS0518: Predefined type 'System.Runtime.CompilerServices.IsExternalInit' is not defined or imported

Assets\SolarSim\Runtime\Domain\Electrical\ElectricalCalculationService.cs(47,12): error CS0246: The type or namespace name 'IReadOnlyList<>' could not be found (are you missing a using directive or an assembly reference?)

Assets\SolarSim\Runtime\Domain\Electrical\ElectricalCalculationService.cs(34,44): error CS0518: Predefined type 'System.Runtime.CompilerServices.IsExternalInit' is not defined or imported

Assets\SolarSim\Runtime\Domain\Electrical\ElectricalCalculationService.cs(35,37): error CS0518: Predefined type 'System.Runtime.CompilerServices.IsExternalInit' is not defined or imported

Assets\SolarSim\Runtime\Domain\Electrical\ElectricalCalculationService.cs(47,66): error CS0518: Predefined type 'System.Runtime.CompilerServices.IsExternalInit' is not defined or imported

Assets\SolarSim\Runtime\Domain\Electrical\ElectricalCalculationService.cs(14,21): error CS0246: The type or namespace name 'Guid' could not be found (are you missing a using directive or an assembly reference?)

Assets\SolarSim\Runtime\Domain\Electrical\ElectricalCalculationService.cs(14,50): error CS0246: The type or namespace name 'IReadOnlyList<>' could not be found (are you missing a using directive or an assembly reference?)

Assets\SolarSim\Runtime\Domain\Electrical\ElectricalCalculationService.cs(14,64): error CS0246: The type or namespace name 'Guid' could not be found (are you missing a using directive or an assembly reference?)

Assets\SolarSim\Runtime\Domain\Equipment\SolarPanelInstance.cs(56,12): error CS0246: The type or namespace name 'IReadOnlyList<>' could not be found (are you missing a using directive or an assembly reference?)

Assets\SolarSim\Runtime\Application\Serialization\SolarProjectSerializer.cs(188,12): error CS0246: The type or namespace name 'List<>' could not be found (are you missing a using directive or an assembly reference?)

Assets\SolarSim\Runtime\Domain\Electrical\ElectricalCalculationService.cs(48,12): error CS0246: The type or namespace name 'IReadOnlyList<>' could not be found (are you missing a using directive or an assembly reference?)

Assets\SolarSim\Runtime\Domain\Electrical\ElectricalCalculationService.cs(36,12): error CS0246: The type or namespace name 'IReadOnlyList<>' could not be found (are you missing a using directive or an assembly reference?)

Assets\SolarSim\Runtime\Domain\Electrical\ElectricalCalculationService.cs(48,59): error CS0518: Predefined type 'System.Runtime.CompilerServices.IsExternalInit' is not defined or imported

Assets\SolarSim\Runtime\Domain\Electrical\ElectricalCalculationService.cs(36,59): error CS0518: Predefined type 'System.Runtime.CompilerServices.IsExternalInit' is not defined or imported

Assets\SolarSim\Runtime\Domain\Electrical\ElectricalCalculationService.cs(49,12): error CS0246: The type or namespace name 'IReadOnlyList<>' could not be found (are you missing a using directive or an assembly reference?)

Assets\SolarSim\Runtime\Domain\Electrical\ElectricalCalculationService.cs(49,57): error CS0518: Predefined type 'System.Runtime.CompilerServices.IsExternalInit' is not defined or imported

Assets\SolarSim\Runtime\Domain\Electrical\ElectricalCalculationService.cs(37,12): error CS0246: The type or namespace name 'IReadOnlyList<>' could not be found (are you missing a using directive or an assembly reference?)

Assets\SolarSim\Runtime\Application\Serialization\SolarProjectSerializer.cs(204,53): error CS0246: The type or namespace name 'Exception' could not be found (are you missing a using directive or an assembly reference?)

Assets\SolarSim\Runtime\Domain\Electrical\ElectricalCalculationService.cs(37,57): error CS0518: Predefined type 'System.Runtime.CompilerServices.IsExternalInit' is not defined or imported

Assets\SolarSim\Runtime\Domain\Equipment\SolarPanelInstance.cs(70,33): error CS0246: The type or namespace name 'Guid' could not be found (are you missing a using directive or an assembly reference?)

Assets\SolarSim\Runtime\Domain\Equipment\SolarPanelInstance.cs(72,35): error CS0246: The type or namespace name 'Guid' could not be found (are you missing a using directive or an assembly reference?)

Assets\SolarSim\Runtime\Domain\Electrical\ElectricalPort.cs(5,5): error CS0246: The type or namespace name 'Guid' could not be found (are you missing a using directive or an assembly reference?)

Assets\SolarSim\Runtime\Domain\Electrical\ElectricalCalculationService.cs(56,9): error CS0246: The type or namespace name 'IReadOnlyDictionary<,>' could not be found (are you missing a using directive or an assembly reference?)

Assets\SolarSim\Runtime\Domain\Electrical\ElectricalCalculationService.cs(56,29): error CS0246: The type or namespace name 'Guid' could not be found (are you missing a using directive or an assembly reference?)

Assets\SolarSim\Runtime\Domain\Electrical\ElectricalCalculationService.cs(57,9): error CS0246: The type or namespace name 'IReadOnlyDictionary<,>' could not be found (are you missing a using directive or an assembly reference?)

Assets\SolarSim\Runtime\Domain\Electrical\ElectricalCalculationService.cs(57,29): error CS0246: The type or namespace name 'Guid' could not be found (are you missing a using directive or an assembly reference?)

Assets\SolarSim\Runtime\Application\Serialization\SolarProjectSerializer.cs(206,58): error CS0246: The type or namespace name 'Exception' could not be found (are you missing a using directive or an assembly reference?)

Assets\SolarSim\Runtime\Domain\Electrical\ElectricalPort.cs(6,5): error CS0246: The type or namespace name 'IReadOnlyList<>' could not be found (are you missing a using directive or an assembly reference?)

Assets\SolarSim\Runtime\Domain\Electrical\ElectricalCalculationService.cs(60,9): error CS0246: The type or namespace name 'IReadOnlyList<>' could not be found (are you missing a using directive or an assembly reference?)

Assets\SolarSim\Runtime\Domain\Electrical\ElectricalCalculationService.cs(61,9): error CS0246: The type or namespace name 'IReadOnlyDictionary<,>' could not be found (are you missing a using directive or an assembly reference?)

Assets\SolarSim\Runtime\Domain\Electrical\ElectricalCalculationService.cs(61,29): error CS0246: The type or namespace name 'Guid' could not be found (are you missing a using directive or an assembly reference?)

Assets\SolarSim\Runtime\Domain\Electrical\ElectricalCalculationService.cs(62,9): error CS0246: The type or namespace name 'IReadOnlyDictionary<,>' could not be found (are you missing a using directive or an assembly reference?)

Assets\SolarSim\Runtime\Domain\Electrical\ElectricalCalculationService.cs(62,29): error CS0246: The type or namespace name 'Guid' could not be found (are you missing a using directive or an assembly reference?)

Assets\SolarSim\Runtime\Domain\Electrical\ElectricalConnection.cs(10,12): error CS0246: The type or namespace name 'Guid' could not be found (are you missing a using directive or an assembly reference?)

Assets\SolarSim\Runtime\Domain\Electrical\ElectricalConnection.cs(11,12): error CS0246: The type or namespace name 'Guid' could not be found (are you missing a using directive or an assembly reference?)

Assets\SolarSim\Runtime\Domain\Electrical\ElectricalCalculationService.cs(71,9): error CS0246: The type or namespace name 'IReadOnlyDictionary<,>' could not be found (are you missing a using directive or an assembly reference?)

Assets\SolarSim\Runtime\Domain\Electrical\ElectricalCalculationService.cs(71,29): error CS0246: The type or namespace name 'Guid' could not be found (are you missing a using directive or an assembly reference?)

Assets\SolarSim\Runtime\Domain\Electrical\ElectricalCalculationService.cs(72,9): error CS0246: The type or namespace name 'IReadOnlyDictionary<,>' could not be found (are you missing a using directive or an assembly reference?)

Assets\SolarSim\Runtime\Domain\Electrical\ElectricalCalculationService.cs(72,29): error CS0246: The type or namespace name 'Guid' could not be found (are you missing a using directive or an assembly reference?)

Assets\SolarSim\Runtime\Domain\Electrical\ElectricalConnection.cs(12,12): error CS0246: The type or namespace name 'Guid' could not be found (are you missing a using directive or an assembly reference?)

Assets\SolarSim\Runtime\Domain\Electrical\ElectricalConnection.cs(30,30): error CS0246: The type or namespace name 'Guid' could not be found (are you missing a using directive or an assembly reference?)

Assets\SolarSim\Runtime\Domain\Equipment\SolarPanelInstance.cs(20,9): error CS0246: The type or namespace name 'Guid' could not be found (are you missing a using directive or an assembly reference?)

Assets\SolarSim\Runtime\Domain\Equipment\SolarPanelInstance.cs(21,9): error CS0246: The type or namespace name 'Guid' could not be found (are you missing a using directive or an assembly reference?)

Assets\SolarSim\Runtime\Domain\Equipment\SolarPanelInstance.cs(26,23): warning CS8632: The annotation for nullable reference types should only be used in code within a '#nullable' annotations context.

Assets\SolarSim\Runtime\Domain\Equipment\SolarPanelInstance.cs(27,23): warning CS8632: The annotation for nullable reference types should only be used in code within a '#nullable' annotations context.

Assets\SolarSim\Runtime\Domain\Electrical\ElectricalConnection.cs(32,27): error CS0246: The type or namespace name 'Guid' could not be found (are you missing a using directive or an assembly reference?)

Assets\SolarSim\Runtime\Domain\Electrical\ElectricalConnection.cs(32,12): error CS0246: The type or namespace name 'Guid' could not be found (are you missing a using directive or an assembly reference?)

Assets\SolarSim\Runtime\Domain\Electrical\ElectricalCalculationService.cs(157,9): error CS0246: The type or namespace name 'IReadOnlyList<>' could not be found (are you missing a using directive or an assembly reference?)

Assets\SolarSim\Runtime\Domain\Electrical\ElectricalCalculationService.cs(158,9): error CS0246: The type or namespace name 'IReadOnlyDictionary<,>' could not be found (are you missing a using directive or an assembly reference?)

Assets\SolarSim\Runtime\Domain\Electrical\ElectricalCalculationService.cs(158,29): error CS0246: The type or namespace name 'Guid' could not be found (are you missing a using directive or an assembly reference?)

Assets\SolarSim\Runtime\Domain\Electrical\ElectricalCalculationService.cs(159,9): error CS0246: The type or namespace name 'IReadOnlyDictionary<,>' could not be found (are you missing a using directive or an assembly reference?)

Assets\SolarSim\Runtime\Domain\Electrical\ElectricalCalculationService.cs(159,29): error CS0246: The type or namespace name 'Guid' could not be found (are you missing a using directive or an assembly reference?)

Assets\SolarSim\Runtime\Application\Serialization\SolarProjectSerializer.cs(670,9): error CS0246: The type or namespace name 'Guid' could not be found (are you missing a using directive or an assembly reference?)

Assets\SolarSim\Runtime\Domain\Electrical\ElectricalCalculationService.cs(203,45): error CS0246: The type or namespace name 'IReadOnlyList<>' could not be found (are you missing a using directive or an assembly reference?)

Assets\SolarSim\Runtime\Domain\Electrical\ElectricalConnection.cs(16,9): error CS0246: The type or namespace name 'Guid' could not be found (are you missing a using directive or an assembly reference?)

Assets\SolarSim\Runtime\Domain\Electrical\ElectricalConnection.cs(17,9): error CS0246: The type or namespace name 'Guid' could not be found (are you missing a using directive or an assembly reference?)

Assets\SolarSim\Runtime\Domain\Electrical\ElectricalConnection.cs(18,9): error CS0246: The type or namespace name 'Guid' could not be found (are you missing a using directive or an assembly reference?)

Assets\SolarSim\Runtime\Domain\Electrical\ElectricalConnection.cs(19,15): warning CS8632: The annotation for nullable reference types should only be used in code within a '#nullable' annotations context.

Assets\SolarSim\Runtime\Domain\Electrical\ElectricalConnection.cs(55,12): error CS0246: The type or namespace name 'List<>' could not be found (are you missing a using directive or an assembly reference?)

Assets\SolarSim\Runtime\Domain\Electrical\ElectricalGraph.cs(7,5): error CS0246: The type or namespace name 'IReadOnlyDictionary<,>' could not be found (are you missing a using directive or an assembly reference?)

Assets\SolarSim\Runtime\Domain\Electrical\ElectricalGraph.cs(7,25): error CS0246: The type or namespace name 'Guid' could not be found (are you missing a using directive or an assembly reference?)

Assets\SolarSim\Runtime\Domain\Electrical\ElectricalGraph.cs(8,5): error CS0246: The type or namespace name 'IReadOnlyDictionary<,>' could not be found (are you missing a using directive or an assembly reference?)

Assets\SolarSim\Runtime\Domain\Electrical\ElectricalGraph.cs(8,25): error CS0246: The type or namespace name 'Guid' could not be found (are you missing a using directive or an assembly reference?)

Assets\SolarSim\Runtime\Domain\Electrical\ElectricalGraph.cs(9,5): error CS0246: The type or namespace name 'IReadOnlyDictionary<,>' could not be found (are you missing a using directive or an assembly reference?)

Assets\SolarSim\Runtime\Domain\Electrical\ElectricalGraph.cs(9,25): error CS0246: The type or namespace name 'Guid' could not be found (are you missing a using directive or an assembly reference?)

Assets\SolarSim\Runtime\Domain\Electrical\ElectricalGraph.cs(10,5): error CS0246: The type or namespace name 'IReadOnlyList<>' could not be found (are you missing a using directive or an assembly reference?)

Assets\SolarSim\Runtime\Domain\Electrical\ElectricalGraph.cs(42,12): error CS0246: The type or namespace name 'IReadOnlyDictionary<,>' could not be found (are you missing a using directive or an assembly reference?)

Assets\SolarSim\Runtime\Domain\Electrical\ElectricalGraph.cs(42,32): error CS0246: The type or namespace name 'Guid' could not be found (are you missing a using directive or an assembly reference?)

Assets\SolarSim\Runtime\Domain\Electrical\ElectricalGraph.cs(13,22): error CS0246: The type or namespace name 'Guid' could not be found (are you missing a using directive or an assembly reference?)

Assets\SolarSim\Runtime\Domain\Electrical\ElectricalGraph.cs(15,26): error CS0246: The type or namespace name 'Guid' could not be found (are you missing a using directive or an assembly reference?)

Assets\SolarSim\Runtime\Domain\Electrical\ElectricalGraph.cs(43,12): error CS0246: The type or namespace name 'IReadOnlyDictionary<,>' could not be found (are you missing a using directive or an assembly reference?)

Assets\SolarSim\Runtime\Domain\Electrical\ElectricalGraph.cs(43,32): error CS0246: The type or namespace name 'Guid' could not be found (are you missing a using directive or an assembly reference?)

Assets\SolarSim\Runtime\Domain\Electrical\ElectricalGraph.cs(16,33): error CS0246: The type or namespace name 'Guid' could not be found (are you missing a using directive or an assembly reference?)

Assets\SolarSim\Runtime\Domain\Electrical\ElectricalGraph.cs(17,22): error CS0246: The type or namespace name 'Guid' could not be found (are you missing a using directive or an assembly reference?)

Assets\SolarSim\Runtime\Domain\Electrical\ElectricalGraph.cs(44,12): error CS0246: The type or namespace name 'IReadOnlyDictionary<,>' could not be found (are you missing a using directive or an assembly reference?)

Assets\SolarSim\Runtime\Domain\Electrical\ElectricalGraph.cs(44,32): error CS0246: The type or namespace name 'Guid' could not be found (are you missing a using directive or an assembly reference?)

Assets\SolarSim\Runtime\Domain\Electrical\ElectricalGraph.cs(18,26): error CS0246: The type or namespace name 'Guid' could not be found (are you missing a using directive or an assembly reference?)

Assets\SolarSim\Runtime\Domain\Electrical\ElectricalGraph.cs(45,12): error CS0246: The type or namespace name 'IReadOnlyList<>' could not be found (are you missing a using directive or an assembly reference?)

Assets\SolarSim\Runtime\Domain\Electrical\ElectricalGraph.cs(19,28): error CS0246: The type or namespace name 'Guid' could not be found (are you missing a using directive or an assembly reference?)

Assets\SolarSim\Runtime\Domain\Electrical\ElectricalGraph.cs(20,21): error CS0246: The type or namespace name 'Guid' could not be found (are you missing a using directive or an assembly reference?)

Assets\SolarSim\Runtime\Domain\Electrical\ElectricalGraph.cs(21,26): error CS0246: The type or namespace name 'Guid' could not be found (are you missing a using directive or an assembly reference?)

Assets\SolarSim\Runtime\Domain\Electrical\ElectricalGraph.cs(69,29): error CS0246: The type or namespace name 'Guid' could not be found (are you missing a using directive or an assembly reference?)

Assets\SolarSim\Runtime\Domain\Electrical\ElectricalGraph.cs(83,33): error CS0246: The type or namespace name 'Guid' could not be found (are you missing a using directive or an assembly reference?)

Assets\SolarSim\Runtime\Domain\Electrical\ElectricalGraph.cs(23,43): error CS0246: The type or namespace name 'Guid' could not be found (are you missing a using directive or an assembly reference?)

Assets\SolarSim\Runtime\Domain\Electrical\ElectricalGraph.cs(23,61): error CS0246: The type or namespace name 'Guid' could not be found (are you missing a using directive or an assembly reference?)

Assets\SolarSim\Runtime\Domain\Electrical\ElectricalGraph.cs(23,83): warning CS8632: The annotation for nullable reference types should only be used in code within a '#nullable' annotations context.

Assets\SolarSim\Runtime\Domain\Electrical\ElectricalGraph.cs(23,115): warning CS8632: The annotation for nullable reference types should only be used in code within a '#nullable' annotations context.

Assets\SolarSim\Runtime\Domain\Roof\RoofSurface.cs(25,12): error CS0246: The type or namespace name 'Guid' could not be found (are you missing a using directive or an assembly reference?)

Assets\SolarSim\Runtime\Domain\Electrical\ElectricalGraph.cs(109,40): error CS0246: The type or namespace name 'Guid' could not be found (are you missing a using directive or an assembly reference?)

Assets\SolarSim\Runtime\Domain\Electrical\ElectricalGraph.cs(24,21): error CS0246: The type or namespace name 'Guid' could not be found (are you missing a using directive or an assembly reference?)

Assets\SolarSim\Runtime\Domain\Electrical\ElectricalGraph.cs(114,29): error CS0246: The type or namespace name 'Guid' could not be found (are you missing a using directive or an assembly reference?)

Assets\SolarSim\Runtime\Domain\Electrical\ElectricalGraph.cs(117,33): error CS0246: The type or namespace name 'Guid' could not be found (are you missing a using directive or an assembly reference?)

Assets\SolarSim\Runtime\Domain\Roof\RoofSurface.cs(75,12): error CS0246: The type or namespace name 'Guid' could not be found (are you missing a using directive or an assembly reference?)

Assets\SolarSim\Runtime\Domain\Electrical\ElectricalGraph.cs(120,33): error CS0246: The type or namespace name 'Guid' could not be found (are you missing a using directive or an assembly reference?)

Assets\SolarSim\Runtime\Domain\Electrical\ElectricalGraph.cs(138,35): error CS0246: The type or namespace name 'Guid' could not be found (are you missing a using directive or an assembly reference?)

Assets\SolarSim\Runtime\Domain\Electrical\ElectricalGraph.cs(143,28): error CS0246: The type or namespace name 'Guid' could not be found (are you missing a using directive or an assembly reference?)

Assets\SolarSim\Runtime\Domain\Roof\RoofSurface.cs(35,9): error CS0246: The type or namespace name 'Guid' could not be found (are you missing a using directive or an assembly reference?)

Assets\SolarSim\Runtime\Domain\Roof\RoofSurface.cs(41,15): warning CS8632: The annotation for nullable reference types should only be used in code within a '#nullable' annotations context.

Assets\SolarSim\Runtime\Domain\Roof\RoofSurface.cs(85,12): error CS0246: The type or namespace name 'IReadOnlyList<>' could not be found (are you missing a using directive or an assembly reference?)

Assets\SolarSim\Runtime\Domain\Electrical\ElectricalGraph.cs(147,9): error CS0246: The type or namespace name 'Guid' could not be found (are you missing a using directive or an assembly reference?)

Assets\SolarSim\Runtime\Domain\Electrical\ElectricalGraph.cs(148,9): error CS0246: The type or namespace name 'Guid' could not be found (are you missing a using directive or an assembly reference?)

Assets\SolarSim\Runtime\Domain\Electrical\ElectricalGraph.cs(149,15): warning CS8632: The annotation for nullable reference types should only be used in code within a '#nullable' annotations context.

Assets\SolarSim\Runtime\Domain\Electrical\ElectricalGraph.cs(150,33): warning CS8632: The annotation for nullable reference types should only be used in code within a '#nullable' annotations context.

Assets\SolarSim\Runtime\Domain\Roof\RoofSurface.cs(86,12): error CS0246: The type or namespace name 'IReadOnlyList<>' could not be found (are you missing a using directive or an assembly reference?)

Assets\SolarSim\Runtime\Domain\Electrical\ElectricalGraph.cs(204,28): error CS0246: The type or namespace name 'Guid' could not be found (are you missing a using directive or an assembly reference?)

Assets\SolarSim\Runtime\Domain\Roof\RoofSurface.cs(107,29): error CS0246: The type or namespace name 'IEnumerable<>' could not be found (are you missing a using directive or an assembly reference?)

Assets\SolarSim\Runtime\Domain\Electrical\ElectricalGraph.cs(307,40): error CS0246: The type or namespace name 'List<>' could not be found (are you missing a using directive or an assembly reference?)

Assets\SolarSim\Runtime\Domain\Electrical\ElectricalGraph.cs(307,45): error CS0246: The type or namespace name 'Guid' could not be found (are you missing a using directive or an assembly reference?)

Assets\SolarSim\Runtime\Domain\Electrical\ElectricalGraph.cs(307,13): error CS0246: The type or namespace name 'List<>' could not be found (are you missing a using directive or an assembly reference?)

Assets\SolarSim\Runtime\Domain\Electrical\ElectricalGraph.cs(307,18): error CS0246: The type or namespace name 'Guid' could not be found (are you missing a using directive or an assembly reference?)

Assets\SolarSim\Runtime\Domain\Roof\RoofSurface.cs(160,32): error CS0246: The type or namespace name 'Guid' could not be found (are you missing a using directive or an assembly reference?)

Assets\SolarSim\Runtime\Domain\Roof\RoofSurface.cs(162,39): error CS0246: The type or namespace name 'Guid' could not be found (are you missing a using directive or an assembly reference?)

Assets\SolarSim\Runtime\Domain\Roof\RoofSurface.cs(162,24): warning CS8632: The annotation for nullable reference types should only be used in code within a '#nullable' annotations context.

Assets\SolarSim\Runtime\Domain\Electrical\ElectricalGraph.cs(354,49): error CS0246: The type or namespace name 'Guid' could not be found (are you missing a using directive or an assembly reference?)

Assets\SolarSim\Runtime\Domain\Electrical\ElectricalGraph.cs(354,13): error CS0246: The type or namespace name 'IEnumerable<>' could not be found (are you missing a using directive or an assembly reference?)

Assets\SolarSim\Runtime\Domain\Electrical\ElectricalGraph.cs(354,25): error CS0246: The type or namespace name 'Guid' could not be found (are you missing a using directive or an assembly reference?)

Assets\SolarSim\Runtime\Domain\Electrical\ElectricalPort.cs(11,12): error CS0246: The type or namespace name 'Guid' could not be found (are you missing a using directive or an assembly reference?)

Assets\SolarSim\Runtime\Domain\Roof\RoofSurface.cs(166,12): error CS0246: The type or namespace name 'IReadOnlyList<>' could not be found (are you missing a using directive or an assembly reference?)

Assets\SolarSim\Runtime\Domain\Electrical\ElectricalPort.cs(12,12): error CS0246: The type or namespace name 'Guid' could not be found (are you missing a using directive or an assembly reference?)

Assets\SolarSim\Runtime\Domain\Roof\RoofSurface.cs(72,22): error CS0246: The type or namespace name 'List<>' could not be found (are you missing a using directive or an assembly reference?)

Assets\SolarSim\Runtime\Domain\Roof\RoofSurface.cs(73,22): error CS0246: The type or namespace name 'List<>' could not be found (are you missing a using directive or an assembly reference?)

Assets\SolarSim\Runtime\Domain\Roof\RoofSurface.cs(90,24): error CS0246: The type or namespace name 'Guid' could not be found (are you missing a using directive or an assembly reference?)

Assets\SolarSim\Runtime\Domain\Electrical\ElectricalPort.cs(18,12): error CS0246: The type or namespace name 'Guid' could not be found (are you missing a using directive or an assembly reference?)

Assets\SolarSim\Runtime\Domain\Electrical\ElectricalGraph.cs(35,22): error CS0246: The type or namespace name 'Dictionary<,>' could not be found (are you missing a using directive or an assembly reference?)

Assets\SolarSim\Runtime\Domain\Electrical\ElectricalGraph.cs(35,33): error CS0246: The type or namespace name 'Guid' could not be found (are you missing a using directive or an assembly reference?)

Assets\SolarSim\Runtime\Domain\Electrical\ElectricalGraph.cs(36,22): error CS0246: The type or namespace name 'Dictionary<,>' could not be found (are you missing a using directive or an assembly reference?)

Assets\SolarSim\Runtime\Domain\Electrical\ElectricalGraph.cs(36,33): error CS0246: The type or namespace name 'Guid' could not be found (are you missing a using directive or an assembly reference?)

Assets\SolarSim\Runtime\Domain\Electrical\ElectricalPort.cs(51,34): error CS0246: The type or namespace name 'Guid' could not be found (are you missing a using directive or an assembly reference?)

Assets\SolarSim\Runtime\Domain\Electrical\ElectricalPort.cs(58,33): error CS0246: The type or namespace name 'Guid' could not be found (are you missing a using directive or an assembly reference?)

Assets\SolarSim\Runtime\Domain\Electrical\ElectricalGraph.cs(37,22): error CS0246: The type or namespace name 'Dictionary<,>' could not be found (are you missing a using directive or an assembly reference?)

Assets\SolarSim\Runtime\Domain\Electrical\ElectricalGraph.cs(37,33): error CS0246: The type or namespace name 'Guid' could not be found (are you missing a using directive or an assembly reference?)

Assets\SolarSim\Runtime\Domain\Electrical\ElectricalGraph.cs(38,22): error CS0246: The type or namespace name 'Dictionary<,>' could not be found (are you missing a using directive or an assembly reference?)

Assets\SolarSim\Runtime\Domain\Electrical\ElectricalGraph.cs(38,33): error CS0246: The type or namespace name 'Guid' could not be found (are you missing a using directive or an assembly reference?)

Assets\SolarSim\Runtime\Domain\Electrical\ElectricalGraph.cs(39,22): error CS0246: The type or namespace name 'List<>' could not be found (are you missing a using directive or an assembly reference?)

Assets\SolarSim\Runtime\Domain\Electrical\ElectricalGraph.cs(40,22): error CS0246: The type or namespace name 'Dictionary<,>' could not be found (are you missing a using directive or an assembly reference?)

Assets\SolarSim\Runtime\Domain\Electrical\ElectricalGraph.cs(40,41): error CS0246: The type or namespace name 'Guid' could not be found (are you missing a using directive or an assembly reference?)

Assets\SolarSim\Runtime\Domain\Electrical\ElectricalPort.cs(22,9): error CS0246: The type or namespace name 'Guid' could not be found (are you missing a using directive or an assembly reference?)

Assets\SolarSim\Runtime\Domain\Electrical\ElectricalPort.cs(23,9): error CS0246: The type or namespace name 'Guid' could not be found (are you missing a using directive or an assembly reference?)

Assets\SolarSim\Runtime\Domain\Electrical\ElectricalPort.cs(28,9): error CS0246: The type or namespace name 'Guid' could not be found (are you missing a using directive or an assembly reference?)

Assets\SolarSim\Runtime\Domain\Electrical\ElectricalPort.cs(30,15): warning CS8632: The annotation for nullable reference types should only be used in code within a '#nullable' annotations context.

Assets\SolarSim\Runtime\Application\Commands\ProjectCommands.cs(243,38): warning CS8632: The annotation for nullable reference types should only be used in code within a '#nullable' annotations context.

Assets\SolarSim\Runtime\Application\Commands\ProjectCommands.cs(244,12): error CS0246: The type or namespace name 'Guid' could not be found (are you missing a using directive or an assembly reference?)

Assets\SolarSim\Runtime\Application\Commands\ProjectCommands.cs(278,22): error CS0246: The type or namespace name 'Guid' could not be found (are you missing a using directive or an assembly reference?)

Assets\SolarSim\Runtime\Application\Commands\ProjectCommands.cs(279,33): warning CS8632: The annotation for nullable reference types should only be used in code within a '#nullable' annotations context.

Assets\SolarSim\Runtime\Application\Commands\ProjectCommands.cs(366,22): error CS0246: The type or namespace name 'Guid' could not be found (are you missing a using directive or an assembly reference?)

Assets\SolarSim\Runtime\Application\Commands\ProjectCommands.cs(325,22): error CS0246: The type or namespace name 'Guid' could not be found (are you missing a using directive or an assembly reference?)

Assets\SolarSim\Runtime\Domain\Electrical\MpptCompatibilityService.cs(27,12): error CS0246: The type or namespace name 'Guid' could not be found (are you missing a using directive or an assembly reference?)

Assets\SolarSim\Runtime\Domain\Electrical\MpptCompatibilityService.cs(27,35): error CS0518: Predefined type 'System.Runtime.CompilerServices.IsExternalInit' is not defined or imported

Assets\SolarSim\Runtime\Domain\Electrical\MpptCompatibilityService.cs(7,36): error CS0518: Predefined type 'System.Runtime.CompilerServices.IsExternalInit' is not defined or imported

Assets\SolarSim\Runtime\Domain\Electrical\MpptCompatibilityService.cs(28,31): error CS0518: Predefined type 'System.Runtime.CompilerServices.IsExternalInit' is not defined or imported

Assets\SolarSim\Runtime\Application\Commands\ProjectCommands.cs(281,52): error CS0246: The type or namespace name 'Guid' could not be found (are you missing a using directive or an assembly reference?)

Assets\SolarSim\Runtime\Domain\Electrical\MpptCompatibilityService.cs(29,49): error CS0518: Predefined type 'System.Runtime.CompilerServices.IsExternalInit' is not defined or imported

Assets\SolarSim\Runtime\Domain\Electrical\MpptCompatibilityService.cs(8,12): error CS0246: The type or namespace name 'Guid' could not be found (are you missing a using directive or an assembly reference?)

Assets\SolarSim\Runtime\Application\Commands\ProjectCommands.cs(369,51): error CS0246: The type or namespace name 'Guid' could not be found (are you missing a using directive or an assembly reference?)

Assets\SolarSim\Runtime\Domain\Electrical\MpptCompatibilityService.cs(8,39): error CS0518: Predefined type 'System.Runtime.CompilerServices.IsExternalInit' is not defined or imported

Assets\SolarSim\Runtime\Application\Commands\ProjectCommands.cs(329,55): error CS0246: The type or namespace name 'Guid' could not be found (are you missing a using directive or an assembly reference?)

Assets\SolarSim\Runtime\Application\Commands\ProjectCommands.cs(229,22): error CS0246: The type or namespace name 'Guid' could not be found (are you missing a using directive or an assembly reference?)

Assets\SolarSim\Runtime\Domain\Electrical\MpptCompatibilityService.cs(9,12): error CS0246: The type or namespace name 'Guid' could not be found (are you missing a using directive or an assembly reference?)

Assets\SolarSim\Runtime\Domain\Electrical\MpptCompatibilityService.cs(30,12): error CS0246: The type or namespace name 'IReadOnlyList<>' could not be found (are you missing a using directive or an assembly reference?)

Assets\SolarSim\Runtime\Domain\Electrical\MpptCompatibilityService.cs(9,39): error CS0518: Predefined type 'System.Runtime.CompilerServices.IsExternalInit' is not defined or imported

Assets\SolarSim\Runtime\Domain\Electrical\MpptCompatibilityService.cs(30,61): error CS0518: Predefined type 'System.Runtime.CompilerServices.IsExternalInit' is not defined or imported

Assets\SolarSim\Runtime\Domain\Electrical\MpptCompatibilityService.cs(10,42): error CS0518: Predefined type 'System.Runtime.CompilerServices.IsExternalInit' is not defined or imported

Assets\SolarSim\Runtime\Domain\Electrical\MpptCompatibilityService.cs(11,42): error CS0518: Predefined type 'System.Runtime.CompilerServices.IsExternalInit' is not defined or imported

Assets\SolarSim\Runtime\Domain\Electrical\SingleLineDiagramService.cs(13,9): error CS0246: The type or namespace name 'IReadOnlyDictionary<,>' could not be found (are you missing a using directive or an assembly reference?)

Assets\SolarSim\Runtime\Domain\Electrical\SingleLineDiagramService.cs(13,29): error CS0246: The type or namespace name 'Guid' could not be found (are you missing a using directive or an assembly reference?)

Assets\SolarSim\Runtime\Domain\Electrical\SingleLineDiagramService.cs(14,9): error CS0246: The type or namespace name 'IReadOnlyList<>' could not be found (are you missing a using directive or an assembly reference?)

Assets\SolarSim\Runtime\Application\Commands\ProjectCommands.cs(230,22): error CS0246: The type or namespace name 'Guid' could not be found (are you missing a using directive or an assembly reference?)

Assets\SolarSim\Runtime\Domain\Electrical\MpptCompatibilityService.cs(31,12): error CS0246: The type or namespace name 'IReadOnlyList<>' could not be found (are you missing a using directive or an assembly reference?)

Assets\SolarSim\Runtime\Domain\Electrical\MpptCompatibilityService.cs(31,57): error CS0518: Predefined type 'System.Runtime.CompilerServices.IsExternalInit' is not defined or imported

Assets\SolarSim\Runtime\Domain\Electrical\MpptCompatibilityService.cs(12,12): error CS0246: The type or namespace name 'IReadOnlyList<>' could not be found (are you missing a using directive or an assembly reference?)

Assets\SolarSim\Runtime\Domain\Electrical\MpptCompatibilityService.cs(12,26): error CS0246: The type or namespace name 'Guid' could not be found (are you missing a using directive or an assembly reference?)

Assets\SolarSim\Runtime\Domain\Electrical\MpptCompatibilityService.cs(43,9): error CS0246: The type or namespace name 'IReadOnlyDictionary<,>' could not be found (are you missing a using directive or an assembly reference?)

Assets\SolarSim\Runtime\Domain\Electrical\MpptCompatibilityService.cs(43,29): error CS0246: The type or namespace name 'Guid' could not be found (are you missing a using directive or an assembly reference?)

Assets\SolarSim\Runtime\Domain\Electrical\MpptCompatibilityService.cs(44,29): warning CS8632: The annotation for nullable reference types should only be used in code within a '#nullable' annotations context.

Assets\SolarSim\Runtime\Domain\Electrical\MpptCompatibilityService.cs(40,19): error CS0246: The type or namespace name 'IReadOnlyList<>' could not be found (are you missing a using directive or an assembly reference?)

Assets\SolarSim\Runtime\Domain\Electrical\MpptCompatibilityService.cs(12,48): error CS0518: Predefined type 'System.Runtime.CompilerServices.IsExternalInit' is not defined or imported

Assets\SolarSim\Runtime\Application\Commands\ProjectCommands.cs(232,13): error CS0246: The type or namespace name 'Guid' could not be found (are you missing a using directive or an assembly reference?)

Assets\SolarSim\Runtime\Application\Commands\ProjectCommands.cs(233,39): warning CS8632: The annotation for nullable reference types should only be used in code within a '#nullable' annotations context.

Assets\SolarSim\Runtime\Domain\Electrical\MpptCompatibilityService.cs(13,12): error CS0246: The type or namespace name 'IReadOnlyList<>' could not be found (are you missing a using directive or an assembly reference?)

Assets\SolarSim\Runtime\Domain\Electrical\MpptCompatibilityService.cs(13,26): error CS0246: The type or namespace name 'Guid' could not be found (are you missing a using directive or an assembly reference?)

Assets\SolarSim\Runtime\Domain\Electrical\MpptCompatibilityService.cs(61,9): error CS0246: The type or namespace name 'IReadOnlyDictionary<,>' could not be found (are you missing a using directive or an assembly reference?)

Assets\SolarSim\Runtime\Domain\Electrical\MpptCompatibilityService.cs(61,29): error CS0246: The type or namespace name 'Guid' could not be found (are you missing a using directive or an assembly reference?)

Assets\SolarSim\Runtime\Domain\Electrical\MpptCompatibilityService.cs(62,29): warning CS8632: The annotation for nullable reference types should only be used in code within a '#nullable' annotations context.

Assets\SolarSim\Runtime\Domain\Electrical\MpptCompatibilityService.cs(13,49): error CS0518: Predefined type 'System.Runtime.CompilerServices.IsExternalInit' is not defined or imported

Assets\SolarSim\Runtime\Domain\Electrical\MpptCompatibilityService.cs(14,36): error CS0518: Predefined type 'System.Runtime.CompilerServices.IsExternalInit' is not defined or imported

Assets\SolarSim\Runtime\Domain\Electrical\MpptCompatibilityService.cs(15,40): error CS0518: Predefined type 'System.Runtime.CompilerServices.IsExternalInit' is not defined or imported

Assets\SolarSim\Runtime\Domain\Electrical\MpptCompatibilityService.cs(16,36): error CS0518: Predefined type 'System.Runtime.CompilerServices.IsExternalInit' is not defined or imported

Assets\SolarSim\Runtime\Domain\Electrical\MpptCompatibilityService.cs(130,9): error CS0246: The type or namespace name 'IReadOnlyDictionary<,>' could not be found (are you missing a using directive or an assembly reference?)

Assets\SolarSim\Runtime\Domain\Electrical\MpptCompatibilityService.cs(130,29): error CS0246: The type or namespace name 'Guid' could not be found (are you missing a using directive or an assembly reference?)

Assets\SolarSim\Runtime\Domain\Electrical\StringSizingService.cs(7,12): error CS0246: The type or namespace name 'Guid' could not be found (are you missing a using directive or an assembly reference?)

Assets\SolarSim\Runtime\Domain\Electrical\StringSizingService.cs(7,42): error CS0518: Predefined type 'System.Runtime.CompilerServices.IsExternalInit' is not defined or imported

Assets\SolarSim\Runtime\Domain\Electrical\MpptCompatibilityService.cs(17,39): error CS0518: Predefined type 'System.Runtime.CompilerServices.IsExternalInit' is not defined or imported

Assets\SolarSim\Runtime\Domain\Electrical\StringSizingService.cs(8,36): error CS0518: Predefined type 'System.Runtime.CompilerServices.IsExternalInit' is not defined or imported

Assets\SolarSim\Runtime\Domain\Electrical\MpptCompatibilityService.cs(18,35): error CS0518: Predefined type 'System.Runtime.CompilerServices.IsExternalInit' is not defined or imported

Assets\SolarSim\Runtime\Domain\Electrical\StringSizingService.cs(9,38): error CS0518: Predefined type 'System.Runtime.CompilerServices.IsExternalInit' is not defined or imported

Assets\SolarSim\Runtime\Domain\Electrical\MpptCompatibilityService.cs(19,35): error CS0518: Predefined type 'System.Runtime.CompilerServices.IsExternalInit' is not defined or imported

Assets\SolarSim\Runtime\Domain\Electrical\StringSizingService.cs(10,39): error CS0518: Predefined type 'System.Runtime.CompilerServices.IsExternalInit' is not defined or imported

Assets\SolarSim\Runtime\Domain\Electrical\MpptCompatibilityService.cs(375,9): error CS0246: The type or namespace name 'Guid' could not be found (are you missing a using directive or an assembly reference?)

Assets\SolarSim\Runtime\Domain\Electrical\MpptCompatibilityService.cs(376,9): error CS0246: The type or namespace name 'HashSet<>' could not be found (are you missing a using directive or an assembly reference?)

Assets\SolarSim\Runtime\Domain\Electrical\MpptCompatibilityService.cs(376,17): error CS0246: The type or namespace name 'Guid' could not be found (are you missing a using directive or an assembly reference?)

Assets\SolarSim\Runtime\Domain\Electrical\StringSizingService.cs(11,38): error CS0518: Predefined type 'System.Runtime.CompilerServices.IsExternalInit' is not defined or imported

Assets\SolarSim\Runtime\Application\Commands\ProjectCommands.cs(235,54): error CS0246: The type or namespace name 'Guid' could not be found (are you missing a using directive or an assembly reference?)

Assets\SolarSim\Runtime\Application\Commands\ProjectCommands.cs(235,72): error CS0246: The type or namespace name 'Guid' could not be found (are you missing a using directive or an assembly reference?)

Assets\SolarSim\Runtime\Application\Commands\ProjectCommands.cs(235,94): warning CS8632: The annotation for nullable reference types should only be used in code within a '#nullable' annotations context.

Assets\SolarSim\Runtime\Domain\Electrical\StringSizingService.cs(12,44): error CS0518: Predefined type 'System.Runtime.CompilerServices.IsExternalInit' is not defined or imported

Assets\SolarSim\Runtime\Domain\Electrical\MpptCompatibilityService.cs(20,37): error CS0518: Predefined type 'System.Runtime.CompilerServices.IsExternalInit' is not defined or imported

Assets\SolarSim\Runtime\Domain\Electrical\StringSizingService.cs(13,41): error CS0518: Predefined type 'System.Runtime.CompilerServices.IsExternalInit' is not defined or imported

Assets\SolarSim\Runtime\Domain\Electrical\MpptCompatibilityService.cs(21,36): error CS0518: Predefined type 'System.Runtime.CompilerServices.IsExternalInit' is not defined or imported

Assets\SolarSim\Runtime\Domain\Electrical\StringSizingService.cs(14,50): error CS0518: Predefined type 'System.Runtime.CompilerServices.IsExternalInit' is not defined or imported

Assets\SolarSim\Runtime\Domain\Electrical\StringSizingService.cs(15,44): error CS0518: Predefined type 'System.Runtime.CompilerServices.IsExternalInit' is not defined or imported

Assets\SolarSim\Runtime\Domain\Electrical\StringSizingService.cs(16,45): error CS0518: Predefined type 'System.Runtime.CompilerServices.IsExternalInit' is not defined or imported

Assets\SolarSim\Runtime\Domain\Electrical\StringSizingService.cs(17,47): error CS0518: Predefined type 'System.Runtime.CompilerServices.IsExternalInit' is not defined or imported

Assets\SolarSim\Runtime\Domain\Electrical\StringSizingService.cs(41,9): error CS0246: The type or namespace name 'Guid' could not be found (are you missing a using directive or an assembly reference?)

Assets\SolarSim\Runtime\Domain\Electrical\StringSizingService.cs(18,47): error CS0518: Predefined type 'System.Runtime.CompilerServices.IsExternalInit' is not defined or imported

Assets\SolarSim\Runtime\Domain\Electrical\StringSizingService.cs(21,42): error CS0518: Predefined type 'System.Runtime.CompilerServices.IsExternalInit' is not defined or imported

Assets\SolarSim\Runtime\Domain\Electrical\StringSizingService.cs(24,42): error CS0518: Predefined type 'System.Runtime.CompilerServices.IsExternalInit' is not defined or imported

Assets\SolarSim\Runtime\Domain\Electrical\StringSizingService.cs(27,47): error CS0518: Predefined type 'System.Runtime.CompilerServices.IsExternalInit' is not defined or imported

Assets\SolarSim\Runtime\Domain\Electrical\MpptCompatibilityService.cs(22,12): error CS0246: The type or namespace name 'IReadOnlyList<>' could not be found (are you missing a using directive or an assembly reference?)

Assets\SolarSim\Runtime\Domain\Electrical\MpptCompatibilityService.cs(22,57): error CS0518: Predefined type 'System.Runtime.CompilerServices.IsExternalInit' is not defined or imported

Assets\SolarSim\Runtime\Domain\Electrical\StringSizingService.cs(29,12): error CS0246: The type or namespace name 'IReadOnlyList<>' could not be found (are you missing a using directive or an assembly reference?)

Assets\SolarSim\Runtime\Domain\Electrical\StringSizingService.cs(29,57): error CS0518: Predefined type 'System.Runtime.CompilerServices.IsExternalInit' is not defined or imported

Assets\SolarSim\Runtime\Domain\Electrical\VoltageDropCalculator.cs(9,29): error CS0246: The type or namespace name 'Dictionary<,>' could not be found (are you missing a using directive or an assembly reference?)

Assets\SolarSim\Runtime\Domain\Electrical\TemperatureDeratingService.cs(57,9): error CS0246: The type or namespace name 'IReadOnlyList<>' could not be found (are you missing a using directive or an assembly reference?)

Assets\SolarSim\Runtime\Domain\Electrical\TemperatureDeratingService.cs(65,9): error CS0246: The type or namespace name 'IReadOnlyList<>' could not be found (are you missing a using directive or an assembly reference?)

Assets\SolarSim\Runtime\Domain\Electrical\VoltageDropCalculator.cs(60,12): error CS0518: Predefined type 'System.Runtime.CompilerServices.IsExternalInit' is not defined or imported

Assets\SolarSim\Runtime\Domain\Electrical\VoltageDropCalculator.cs(61,12): error CS0518: Predefined type 'System.Runtime.CompilerServices.IsExternalInit' is not defined or imported

Assets\SolarSim\Runtime\Domain\Electrical\VoltageDropCalculator.cs(62,12): error CS0518: Predefined type 'System.Runtime.CompilerServices.IsExternalInit' is not defined or imported

Assets\SolarSim\Runtime\Domain\Electrical\VoltageDropCalculator.cs(63,12): error CS0518: Predefined type 'System.Runtime.CompilerServices.IsExternalInit' is not defined or imported

Assets\SolarSim\Runtime\Domain\Electrical\VoltageDropCalculator.cs(64,12): error CS0518: Predefined type 'System.Runtime.CompilerServices.IsExternalInit' is not defined or imported

Assets\SolarSim\Runtime\Domain\Electrical\VoltageDropCalculator.cs(65,13): error CS0518: Predefined type 'System.Runtime.CompilerServices.IsExternalInit' is not defined or imported

Assets\SolarSim\Runtime\Domain\Electrical\VoltageDropCalculator.cs(66,18): error CS0518: Predefined type 'System.Runtime.CompilerServices.IsExternalInit' is not defined or imported

Assets\SolarSim\Runtime\Domain\Electrical\VoltageDropCalculator.cs(67,12): error CS0518: Predefined type 'System.Runtime.CompilerServices.IsExternalInit' is not defined or imported

Assets\SolarSim\Runtime\Domain\Electrical\VoltageDropCalculator.cs(68,12): error CS0518: Predefined type 'System.Runtime.CompilerServices.IsExternalInit' is not defined or imported

Assets\SolarSim\Runtime\Domain\Electrical\VoltageDropCalculator.cs(69,10): error CS0518: Predefined type 'System.Runtime.CompilerServices.IsExternalInit' is not defined or imported

Assets\SolarSim\Runtime\Domain\Electrical\WireRouting.cs(12,9): error CS0246: The type or namespace name 'IReadOnlyList<>' could not be found (are you missing a using directive or an assembly reference?)

Assets\SolarSim\Runtime\Domain\Electrical\WireRouting.cs(30,9): error CS0246: The type or namespace name 'IList<>' could not be found (are you missing a using directive or an assembly reference?)

Assets\SolarSim\Runtime\Domain\Equipment\ElectricalEquipmentInstance.cs(20,12): error CS0246: The type or namespace name 'Guid' could not be found (are you missing a using directive or an assembly reference?)

Assets\SolarSim\Runtime\Domain\Equipment\ElectricalEquipmentInstance.cs(29,35): warning CS8632: The annotation for nullable reference types should only be used in code within a '#nullable' annotations context.

Assets\SolarSim\Runtime\Domain\Equipment\ElectricalEquipmentInstance.cs(31,12): error CS0246: The type or namespace name 'IReadOnlyList<>' could not be found (are you missing a using directive or an assembly reference?)

Assets\SolarSim\Runtime\Domain\Equipment\ElectricalEquipmentInstance.cs(78,35): error CS0246: The type or namespace name 'Guid' could not be found (are you missing a using directive or an assembly reference?)

Assets\SolarSim\Runtime\Domain\Equipment\ElectricalEquipmentInstance.cs(83,9): error CS0246: The type or namespace name 'Guid' could not be found (are you missing a using directive or an assembly reference?)

Assets\SolarSim\Runtime\Domain\Equipment\ElectricalEquipmentInstance.cs(91,9): error CS0246: The type or namespace name 'List<>' could not be found (are you missing a using directive or an assembly reference?)

Assets\SolarSim\Runtime\Domain\Equipment\ElectricalEquipmentInstance.cs(92,32): warning CS8632: The annotation for nullable reference types should only be used in code within a '#nullable' annotations context.

Assets\SolarSim\Runtime\Domain\Equipment\ElectricalEquipmentInstance.cs(105,9): error CS0246: The type or namespace name 'Guid' could not be found (are you missing a using directive or an assembly reference?)

Assets\SolarSim\Runtime\Domain\Equipment\ElectricalEquipmentInstance.cs(109,15): warning CS8632: The annotation for nullable reference types should only be used in code within a '#nullable' annotations context.

Assets\SolarSim\Runtime\Domain\Equipment\ElectricalEquipmentInstance.cs(143,9): error CS0246: The type or namespace name 'Guid' could not be found (are you missing a using directive or an assembly reference?)

Assets\SolarSim\Runtime\Domain\Equipment\ElectricalEquipmentInstance.cs(146,15): warning CS8632: The annotation for nullable reference types should only be used in code within a '#nullable' annotations context.

Assets\SolarSim\Runtime\Domain\Equipment\ElectricalEquipmentInstance.cs(169,9): error CS0246: The type or namespace name 'Guid' could not be found (are you missing a using directive or an assembly reference?)

Assets\SolarSim\Runtime\Domain\Equipment\ElectricalEquipmentInstance.cs(173,15): warning CS8632: The annotation for nullable reference types should only be used in code within a '#nullable' annotations context.

Assets\SolarSim\Runtime\Domain\Equipment\ElectricalEquipmentInstance.cs(200,9): error CS0246: The type or namespace name 'Guid' could not be found (are you missing a using directive or an assembly reference?)

Assets\SolarSim\Runtime\Domain\Equipment\ElectricalEquipmentInstance.cs(204,15): warning CS8632: The annotation for nullable reference types should only be used in code within a '#nullable' annotations context.

Assets\SolarSim\Runtime\Domain\Equipment\ElectricalEquipmentInstance.cs(232,9): error CS0246: The type or namespace name 'Guid' could not be found (are you missing a using directive or an assembly reference?)

Assets\SolarSim\Runtime\Domain\Equipment\ElectricalEquipmentInstance.cs(235,15): warning CS8632: The annotation for nullable reference types should only be used in code within a '#nullable' annotations context.

Assets\SolarSim\Runtime\Domain\Equipment\ElectricalEquipmentInstance.cs(259,9): error CS0246: The type or namespace name 'Guid' could not be found (are you missing a using directive or an assembly reference?)

Assets\SolarSim\Runtime\Domain\Equipment\ElectricalEquipmentInstance.cs(262,15): warning CS8632: The annotation for nullable reference types should only be used in code within a '#nullable' annotations context.

Assets\SolarSim\Runtime\Domain\Equipment\ElectricalEquipmentInstance.cs(18,22): error CS0246: The type or namespace name 'List<>' could not be found (are you missing a using directive or an assembly reference?)

Assets\SolarSim\Runtime\Domain\Equipment\ElectricalEquipmentInstance.cs(34,9): error CS0246: The type or namespace name 'Guid' could not be found (are you missing a using directive or an assembly reference?)

Assets\SolarSim\Runtime\Domain\Equipment\ElectricalEquipmentInstance.cs(42,9): error CS0246: The type or namespace name 'List<>' could not be found (are you missing a using directive or an assembly reference?)

Assets\SolarSim\Runtime\Domain\Equipment\ElectricalEquipmentInstance.cs(43,32): warning CS8632: The annotation for nullable reference types should only be used in code within a '#nullable' annotations context.
[263/287    1s] Csc Library/Bee/artifacts/1900b0aE.dag/Unity.InputSystem.dll (+2 others)
##### CommandLine
"C:\Program Files\Unity\Hub\Editor\6000.5.5f1\Editor\Data\DotNetSdk\dotnet.exe" exec "C:/Program Files/Unity/Hub/Editor/6000.5.5f1/Editor/Data/DotNetSdk/sdk/8.0.318/Roslyn/bincore/csc.dll" /nostdlib /noconfig /shared "@Library/Bee/artifacts/1900b0aE.dag/Unity.InputSystem.rsp" "@Library/Bee/artifacts/1900b0aE.dag/Unity.InputSystem.rsp2"
##### Contents of Library\Bee\artifacts\1900b0aE.dag\Unity.InputSystem.rsp
-target:library
-out:"Library/Bee/artifacts/1900b0aE.dag/Unity.InputSystem.dll"
-refout:"Library/Bee/artifacts/1900b0aE.dag/Unity.InputSystem.ref.dll"
-define:UNITY_6000_5_5
-define:UNITY_6000_5
-define:UNITY_6000
-define:UNITY_5_3_OR_NEWER
-define:UNITY_5_4_OR_NEWER
-define:UNITY_5_5_OR_NEWER
-define:UNITY_5_6_OR_NEWER
-define:UNITY_2017_1_OR_NEWER
-define:UNITY_2017_2_OR_NEWER
-define:UNITY_2017_3_OR_NEWER
-define:UNITY_2017_4_OR_NEWER
-define:UNITY_2018_1_OR_NEWER
-define:UNITY_2018_2_OR_NEWER
-define:UNITY_2018_3_OR_NEWER
-define:UNITY_2018_4_OR_NEWER
-define:UNITY_2019_1_OR_NEWER
-define:UNITY_2019_2_OR_NEWER
-define:UNITY_2019_3_OR_NEWER
-define:UNITY_2019_4_OR_NEWER
-define:UNITY_2020_1_OR_NEWER
-define:UNITY_2020_2_OR_NEWER
-define:UNITY_2020_3_OR_NEWER
-define:UNITY_2021_1_OR_NEWER
-define:UNITY_2021_2_OR_NEWER
-define:UNITY_2021_3_OR_NEWER
-define:UNITY_2022_1_OR_NEWER
-define:UNITY_2022_2_OR_NEWER
-define:UNITY_2022_3_OR_NEWER
-define:UNITY_2023_1_OR_NEWER
-define:UNITY_2023_2_OR_NEWER
-define:UNITY_2023_3_OR_NEWER
-define:UNITY_6000_0_OR_NEWER
-define:UNITY_6000_1_OR_NEWER
-define:UNITY_6000_2_OR_NEWER
-define:UNITY_6000_3_OR_NEWER
-define:UNITY_6000_4_OR_NEWER
-define:UNITY_6000_5_OR_NEWER
-define:PLATFORM_ARCH_64
-define:UNITY_64
-define:UNITY_INCLUDE_TESTS
-define:ENABLE_AR
-define:ENABLE_AUDIO
-define:ENABLE_AUDIO_SCRIPTABLE_PIPELINE
-define:ENABLE_CACHING
-define:ENABLE_CLOTH
-define:ENABLE_EVENT_QUEUE
-define:ENABLE_MICROPHONE
-define:ENABLE_MULTIPLE_DISPLAYS
-define:ENABLE_PHYSICS
-define:ENABLE_TEXTURE_STREAMING
-define:ENABLE_VIRTUALTEXTURING
-define:ENABLE_LZMA
-define:ENABLE_UNITYEVENTS
-define:ENABLE_VR
-define:ENABLE_WEBCAM
-define:ENABLE_UNITYWEBREQUEST
-define:ENABLE_WWW
-define:ENABLE_CLOUD_SERVICES
-define:ENABLE_CLOUD_SERVICES_ADS
-define:ENABLE_CLOUD_SERVICES_USE_WEBREQUEST
-define:ENABLE_UNITY_CONSENT
-define:ENABLE_UNITY_CLOUD_IDENTIFIERS
-define:ENABLE_CLOUD_SERVICES_CRASH_REPORTING
-define:ENABLE_CLOUD_SERVICES_NATIVE_CRASH_REPORTING
-define:ENABLE_CLOUD_SERVICES_PURCHASING
-define:ENABLE_CLOUD_SERVICES_ANALYTICS
-define:ENABLE_CLOUD_SERVICES_BUILD
-define:ENABLE_EDITOR_GAME_SERVICES
-define:ENABLE_UNITY_GAME_SERVICES_ANALYTICS_SUPPORT
-define:ENABLE_CLOUD_LICENSE
-define:ENABLE_EDITOR_HUB_LICENSE
-define:ENABLE_WEBSOCKET_CLIENT
-define:ENABLE_GENERATE_NATIVE_PLUGINS_FOR_ASSEMBLIES_API
-define:ENABLE_DIRECTOR_AUDIO
-define:ENABLE_DIRECTOR_TEXTURE
-define:ENABLE_MANAGED_JOBS
-define:ENABLE_MANAGED_TRANSFORM_JOBS
-define:ENABLE_MANAGED_ANIMATION_JOBS
-define:ENABLE_MANAGED_AUDIO_JOBS
-define:ENABLE_MANAGED_UNITYTLS
-define:INCLUDE_DYNAMIC_GI
-define:ENABLE_SCRIPTING_GC_WBARRIERS
-define:PLATFORM_SUPPORTS_MONO
-define:RENDER_SOFTWARE_CURSOR
-define:ENABLE_MARSHALLING_TESTS
-define:ENABLE_VIDEO
-define:ENABLE_NAVIGATION_OFFMESHLINK_TO_NAVMESHLINK
-define:ENABLE_ACCELERATOR_CLIENT_DEBUGGING
-define:ENABLE_ACCESSIBILITY_SCREEN_READER
-define:TEXTCORE_1_0_OR_NEWER
-define:EDITOR_ONLY_NAVMESH_BUILDER_DEPRECATED
-define:PLATFORM_STANDALONE_WIN
-define:PLATFORM_STANDALONE
-define:UNITY_STANDALONE_WIN
-define:UNITY_STANDALONE
-define:ENABLE_RUNTIME_GI
-define:ENABLE_MOVIES
-define:ENABLE_NETWORK
-define:ENABLE_NVIDIA
-define:ENABLE_AMD
-define:ENABLE_CRUNCH_TEXTURE_COMPRESSION
-define:ENABLE_CLOUD_SERVICES_ENGINE_DIAGNOSTICS
-define:ENABLE_OUT_OF_PROCESS_CRASH_HANDLER
-define:ENABLE_CLUSTER_SYNC
-define:ENABLE_CLUSTERINPUT
-define:PLATFORM_UPDATES_TIME_OUTSIDE_OF_PLAYER_LOOP
-define:GFXDEVICE_WAITFOREVENT_MESSAGEPUMP
-define:PLATFORM_USES_EXPLICIT_MEMORY_MANAGER_INITIALIZER
-define:PLATFORM_SUPPORTS_WAIT_FOR_PRESENTATION
-define:PLATFORM_SUPPORTS_SPLIT_GRAPHICS_JOBS
-define:PLATFORM_USES_VULKAN_OLD_SWAPCHAIN
-define:USE_READ_ASYNC_MANAGED_API
-define:ENABLE_MONO
-define:NET_STANDARD_2_0
-define:NET_STANDARD
-define:NET_STANDARD_2_1
-define:NETSTANDARD
-define:NETSTANDARD2_1
-define:ENABLE_PROFILER
-define:DEBUG
-define:TRACE
-define:UNITY_ASSERTIONS
-define:UNITY_EDITOR
-define:UNITY_EDITOR_64
-define:UNITY_EDITOR_WIN
-define:ENABLE_UNITY_COLLECTIONS_CHECKS
-define:ENABLE_BURST_AOT
-define:UNITY_TEAM_LICENSE
-define:ENABLE_CUSTOM_RENDER_TEXTURE
-define:ENABLE_DIRECTOR
-define:ENABLE_LOCALIZATION
-define:ENABLE_SPRITES
-define:ENABLE_TERRAIN
-define:ENABLE_TILEMAP
-define:ENABLE_TIMELINE
-define:ENABLE_LEGACY_INPUT_MANAGER
-define:TEXTCORE_FONT_ENGINE_1_5_OR_NEWER
-define:TEXTCORE_TEXT_ENGINE_1_5_OR_NEWER
-define:TEXTCORE_FONT_ENGINE_1_6_OR_NEWER
-define:UNITY_INPUT_SYSTEM_ENABLE_PHYSICS
-define:UNITY_INPUT_SYSTEM_ENABLE_PHYSICS2D
-define:UNITY_INPUT_SYSTEM_ENABLE_UI
-define:HAS_SET_LOCAL_POSITION_AND_ROTATION
-define:UNITY_INPUT_SYSTEM_PROJECT_WIDE_ACTIONS
-define:UNITY_INPUT_SYSTEM_INPUT_ACTIONS_EDITOR_AUTO_SAVE_ON_FOCUS_LOST
-define:UNITY_INPUT_SYSTEM_PLATFORM_SCROLL_DELTA
-define:UNITY_INPUT_SYSTEM_INPUT_MODULE_SCROLL_DELTA
-define:UNITY_INPUT_SYSTEM_INPUT_MODULE_NAVIGATION_DEVICE_TYPE
-define:UNITY_INPUT_SYSTEM_INPUT_MODULE_NAVIGATION_DEVICE_TYPE
-define:UNITY_INPUT_SYSTEM_SENDPOINTERHOVERTOPARENT
-define:CSHARP_7_OR_LATER
-define:CSHARP_7_3_OR_NEWER
-r:"C:/Program Files/Unity/Hub/Editor/6000.5.5f1/Editor/Data/BCLExtensions/TargetingPacks/netstandard2.1/ref/Microsoft.Bcl.AsyncInterfaces.dll"
-r:"C:/Program Files/Unity/Hub/Editor/6000.5.5f1/Editor/Data/BCLExtensions/TargetingPacks/netstandard2.1/ref/Microsoft.Extensions.DependencyInjection.Abstractions.dll"
-r:"C:/Program Files/Unity/Hub/Editor/6000.5.5f1/Editor/Data/BCLExtensions/TargetingPacks/netstandard2.1/ref/Microsoft.Extensions.Logging.Abstractions.dll"
-r:"C:/Program Files/Unity/Hub/Editor/6000.5.5f1/Editor/Data/BCLExtensions/TargetingPacks/netstandard2.1/ref/System.Collections.Immutable.dll"
-r:"C:/Program Files/Unity/Hub/Editor/6000.5.5f1/Editor/Data/BCLExtensions/TargetingPacks/netstandard2.1/ref/System.Diagnostics.DiagnosticSource.dll"
-r:"C:/Program Files/Unity/Hub/Editor/6000.5.5f1/Editor/Data/BCLExtensions/TargetingPacks/netstandard2.1/ref/System.IO.Hashing.dll"
-r:"C:/Program Files/Unity/Hub/Editor/6000.5.5f1/Editor/Data/BCLExtensions/TargetingPacks/netstandard2.1/ref/System.Reflection.Metadata.dll"
-r:"C:/Program Files/Unity/Hub/Editor/6000.5.5f1/Editor/Data/BCLExtensions/TargetingPacks/netstandard2.1/ref/System.Runtime.CompilerServices.Unsafe.dll"
-r:"C:/Program Files/Unity/Hub/Editor/6000.5.5f1/Editor/Data/BCLExtensions/TargetingPacks/netstandard2.1/ref/System.Text.Encodings.Web.dll"
-r:"C:/Program Files/Unity/Hub/Editor/6000.5.5f1/Editor/Data/BCLExtensions/TargetingPacks/netstandard2.1/ref/System.Text.Json.dll"
-r:"C:/Program Files/Unity/Hub/Editor/6000.5.5f1/Editor/Data/Managed/UnityEditor.Graphs.dll"
-r:"C:/Program Files/Unity/Hub/Editor/6000.5.5f1/Editor/Data/Managed/UnityEngine/Unity.Scripting.dll"
-r:"C:/Program Files/Unity/Hub/Editor/6000.5.5f1/Editor/Data/Managed/UnityEngine/UnityEditor.AIModule.dll"
-r:"C:/Program Files/Unity/Hub/Editor/6000.5.5f1/Editor/Data/Managed/UnityEngine/UnityEditor.AccessibilityModule.dll"
-r:"C:/Program Files/Unity/Hub/Editor/6000.5.5f1/Editor/Data/Managed/UnityEngine/UnityEditor.AdaptivePerformanceModule.dll"
-r:"C:/Program Files/Unity/Hub/Editor/6000.5.5f1/Editor/Data/Managed/UnityEngine/UnityEditor.AssetComplianceModule.dll"
-r:"C:/Program Files/Unity/Hub/Editor/6000.5.5f1/Editor/Data/Managed/UnityEngine/UnityEditor.BuildProfileModule.dll"
-r:"C:/Program Files/Unity/Hub/Editor/6000.5.5f1/Editor/Data/Managed/UnityEngine/UnityEditor.ClothModule.dll"
-r:"C:/Program Files/Unity/Hub/Editor/6000.5.5f1/Editor/Data/Managed/UnityEngine/UnityEditor.ContentLoadModule.dll"
-r:"C:/Program Files/Unity/Hub/Editor/6000.5.5f1/Editor/Data/Managed/UnityEngine/UnityEditor.CoreBusinessMetricsModule.dll"
-r:"C:/Program Files/Unity/Hub/Editor/6000.5.5f1/Editor/Data/Managed/UnityEngine/UnityEditor.CoreModule.dll"
-r:"C:/Program Files/Unity/Hub/Editor/6000.5.5f1/Editor/Data/Managed/UnityEngine/UnityEditor.DeviceSimulatorModule.dll"
-r:"C:/Program Files/Unity/Hub/Editor/6000.5.5f1/Editor/Data/Managed/UnityEngine/UnityEditor.DiagnosticsModule.dll"
-r:"C:/Program Files/Unity/Hub/Editor/6000.5.5f1/Editor/Data/Managed/UnityEngine/UnityEditor.EditorToolbarModule.dll"
-r:"C:/Program Files/Unity/Hub/Editor/6000.5.5f1/Editor/Data/Managed/UnityEngine/UnityEditor.EmbreeModule.dll"
-r:"C:/Program Files/Unity/Hub/Editor/6000.5.5f1/Editor/Data/Managed/UnityEngine/UnityEditor.GIModule.dll"
-r:"C:/Program Files/Unity/Hub/Editor/6000.5.5f1/Editor/Data/Managed/UnityEngine/UnityEditor.GenericRemoteModule.dll"
-r:"C:/Program Files/Unity/Hub/Editor/6000.5.5f1/Editor/Data/Managed/UnityEngine/UnityEditor.GraphToolkitModule.dll"
-r:"C:/Program Files/Unity/Hub/Editor/6000.5.5f1/Editor/Data/Managed/UnityEngine/UnityEditor.GraphViewModule.dll"
-r:"C:/Program Files/Unity/Hub/Editor/6000.5.5f1/Editor/Data/Managed/UnityEngine/UnityEditor.GraphicsStateCollectionSerializerModule.dll"
-r:"C:/Program Files/Unity/Hub/Editor/6000.5.5f1/Editor/Data/Managed/UnityEngine/UnityEditor.GridAndSnapModule.dll"
-r:"C:/Program Files/Unity/Hub/Editor/6000.5.5f1/Editor/Data/Managed/UnityEngine/UnityEditor.GridModule.dll"
-r:"C:/Program Files/Unity/Hub/Editor/6000.5.5f1/Editor/Data/Managed/UnityEngine/UnityEditor.HierarchyModule.dll"
-r:"C:/Program Files/Unity/Hub/Editor/6000.5.5f1/Editor/Data/Managed/UnityEngine/UnityEditor.LightingModule.dll"
-r:"C:/Program Files/Unity/Hub/Editor/6000.5.5f1/Editor/Data/Managed/UnityEngine/UnityEditor.MathematicsModule.dll"
-r:"C:/Program Files/Unity/Hub/Editor/6000.5.5f1/Editor/Data/Managed/UnityEngine/UnityEditor.MediaModule.dll"
-r:"C:/Program Files/Unity/Hub/Editor/6000.5.5f1/Editor/Data/Managed/UnityEngine/UnityEditor.MultiplayerModule.dll"
-r:"C:/Program Files/Unity/Hub/Editor/6000.5.5f1/Editor/Data/Managed/UnityEngine/UnityEditor.Physics2DModule.dll"
-r:"C:/Program Files/Unity/Hub/Editor/6000.5.5f1/Editor/Data/Managed/UnityEngine/UnityEditor.PhysicsCore2DModule.dll"
-r:"C:/Program Files/Unity/Hub/Editor/6000.5.5f1/Editor/Data/Managed/UnityEngine/UnityEditor.PhysicsModule.dll"
-r:"C:/Program Files/Unity/Hub/Editor/6000.5.5f1/Editor/Data/Managed/UnityEngine/UnityEditor.PlayModeModule.dll"
-r:"C:/Program Files/Unity/Hub/Editor/6000.5.5f1/Editor/Data/Managed/UnityEngine/UnityEditor.PresetsUIModule.dll"
-r:"C:/Program Files/Unity/Hub/Editor/6000.5.5f1/Editor/Data/Managed/UnityEngine/UnityEditor.ProjectAuditorModule.dll"
-r:"C:/Program Files/Unity/Hub/Editor/6000.5.5f1/Editor/Data/Managed/UnityEngine/UnityEditor.PropertiesModule.dll"
-r:"C:/Program Files/Unity/Hub/Editor/6000.5.5f1/Editor/Data/Managed/UnityEngine/UnityEditor.QuickInstallModule.dll"
-r:"C:/Program Files/Unity/Hub/Editor/6000.5.5f1/Editor/Data/Managed/UnityEngine/UnityEditor.QuickSearchModule.dll"
-r:"C:/Program Files/Unity/Hub/Editor/6000.5.5f1/Editor/Data/Managed/UnityEngine/UnityEditor.SafeModeModule.dll"
-r:"C:/Program Files/Unity/Hub/Editor/6000.5.5f1/Editor/Data/Managed/UnityEngine/UnityEditor.SceneTemplateModule.dll"
-r:"C:/Program Files/Unity/Hub/Editor/6000.5.5f1/Editor/Data/Managed/UnityEngine/UnityEditor.SceneViewModule.dll"
-r:"C:/Program Files/Unity/Hub/Editor/6000.5.5f1/Editor/Data/Managed/UnityEngine/UnityEditor.ShaderBuildSettingsModule.dll"
-r:"C:/Program Files/Unity/Hub/Editor/6000.5.5f1/Editor/Data/Managed/UnityEngine/UnityEditor.ShaderCompilationModule.dll"
-r:"C:/Program Files/Unity/Hub/Editor/6000.5.5f1/Editor/Data/Managed/UnityEngine/UnityEditor.ShaderFoundryModule.dll"
-r:"C:/Program Files/Unity/Hub/Editor/6000.5.5f1/Editor/Data/Managed/UnityEngine/UnityEditor.SketchUpModule.dll"
-r:"C:/Program Files/Unity/Hub/Editor/6000.5.5f1/Editor/Data/Managed/UnityEngine/UnityEditor.SpriteMaskModule.dll"
-r:"C:/Program Files/Unity/Hub/Editor/6000.5.5f1/Editor/Data/Managed/UnityEngine/UnityEditor.SpriteShapeModule.dll"
-r:"C:/Program Files/Unity/Hub/Editor/6000.5.5f1/Editor/Data/Managed/UnityEngine/UnityEditor.SubstanceModule.dll"
-r:"C:/Program Files/Unity/Hub/Editor/6000.5.5f1/Editor/Data/Managed/UnityEngine/UnityEditor.TerrainModule.dll"
-r:"C:/Program Files/Unity/Hub/Editor/6000.5.5f1/Editor/Data/Managed/UnityEngine/UnityEditor.TextCoreFontEngineModule.dll"
-r:"C:/Program Files/Unity/Hub/Editor/6000.5.5f1/Editor/Data/Managed/UnityEngine/UnityEditor.TextCoreTextEngineModule.dll"
-r:"C:/Program Files/Unity/Hub/Editor/6000.5.5f1/Editor/Data/Managed/UnityEngine/UnityEditor.TextRenderingModule.dll"
-r:"C:/Program Files/Unity/Hub/Editor/6000.5.5f1/Editor/Data/Managed/UnityEngine/UnityEditor.TilemapModule.dll"
-r:"C:/Program Files/Unity/Hub/Editor/6000.5.5f1/Editor/Data/Managed/UnityEngine/UnityEditor.TreeModule.dll"
-r:"C:/Program Files/Unity/Hub/Editor/6000.5.5f1/Editor/Data/Managed/UnityEngine/UnityEditor.U2DModule.dll"
-r:"C:/Program Files/Unity/Hub/Editor/6000.5.5f1/Editor/Data/Managed/UnityEngine/UnityEditor.UIAutomationModule.dll"
-r:"C:/Program Files/Unity/Hub/Editor/6000.5.5f1/Editor/Data/Managed/UnityEngine/UnityEditor.UIBuilderModule.dll"
-r:"C:/Program Files/Unity/Hub/Editor/6000.5.5f1/Editor/Data/Managed/UnityEngine/UnityEditor.UIElementsModule.dll"
-r:"C:/Program Files/Unity/Hub/Editor/6000.5.5f1/Editor/Data/Managed/UnityEngine/UnityEditor.UIElementsSamplesModule.dll"
-r:"C:/Program Files/Unity/Hub/Editor/6000.5.5f1/Editor/Data/Managed/UnityEngine/UnityEditor.UIToolkitAuthoringModule.dll"
-r:"C:/Program Files/Unity/Hub/Editor/6000.5.5f1/Editor/Data/Managed/UnityEngine/UnityEditor.UmbraModule.dll"
-r:"C:/Program Files/Unity/Hub/Editor/6000.5.5f1/Editor/Data/Managed/UnityEngine/UnityEditor.UnityConnectModule.dll"
-r:"C:/Program Files/Unity/Hub/Editor/6000.5.5f1/Editor/Data/Managed/UnityEngine/UnityEditor.VFXModule.dll"
-r:"C:/Program Files/Unity/Hub/Editor/6000.5.5f1/Editor/Data/Managed/UnityEngine/UnityEditor.VectorGraphicsModule.dll"
-r:"C:/Program Files/Unity/Hub/Editor/6000.5.5f1/Editor/Data/Managed/UnityEngine/UnityEditor.VideoModule.dll"
-r:"C:/Program Files/Unity/Hub/Editor/6000.5.5f1/Editor/Data/Managed/UnityEngine/UnityEditor.XRModule.dll"
-r:"C:/Program Files/Unity/Hub/Editor/6000.5.5f1/Editor/Data/Managed/UnityEngine/UnityEditor.dll"
-r:"C:/Program Files/Unity/Hub/Editor/6000.5.5f1/Editor/Data/Managed/UnityEngine/UnityEngine.ARModule.dll"
-r:"C:/Program Files/Unity/Hub/Editor/6000.5.5f1/Editor/Data/Managed/UnityEngine/UnityEngine.AndroidJNIModule.dll"
-r:"C:/Program Files/Unity/Hub/Editor/6000.5.5f1/Editor/Data/Managed/UnityEngine/UnityEngine.AnimationModule.dll"
-r:"C:/Program Files/Unity/Hub/Editor/6000.5.5f1/Editor/Data/Managed/UnityEngine/UnityEngine.AssetBundleModule.dll"
-r:"C:/Program Files/Unity/Hub/Editor/6000.5.5f1/Editor/Data/Managed/UnityEngine/UnityEngine.AudioModule.dll"
-r:"C:/Program Files/Unity/Hub/Editor/6000.5.5f1/Editor/Data/Managed/UnityEngine/UnityEngine.ClusterInputModule.dll"
-r:"C:/Program Files/Unity/Hub/Editor/6000.5.5f1/Editor/Data/Managed/UnityEngine/UnityEngine.ClusterRendererModule.dll"
-r:"C:/Program Files/Unity/Hub/Editor/6000.5.5f1/Editor/Data/Managed/UnityEngine/UnityEngine.ContentLoadModule.dll"
-r:"C:/Program Files/Unity/Hub/Editor/6000.5.5f1/Editor/Data/Managed/UnityEngine/UnityEngine.CoreModule.dll"
-r:"C:/Program Files/Unity/Hub/Editor/6000.5.5f1/Editor/Data/Managed/UnityEngine/UnityEngine.CrashReportingModule.dll"
-r:"C:/Program Files/Unity/Hub/Editor/6000.5.5f1/Editor/Data/Managed/UnityEngine/UnityEngine.DSPGraphModule.dll"
-r:"C:/Program Files/Unity/Hub/Editor/6000.5.5f1/Editor/Data/Managed/UnityEngine/UnityEngine.DirectorModule.dll"
-r:"C:/Program Files/Unity/Hub/Editor/6000.5.5f1/Editor/Data/Managed/UnityEngine/UnityEngine.GIModule.dll"
-r:"C:/Program Files/Unity/Hub/Editor/6000.5.5f1/Editor/Data/Managed/UnityEngine/UnityEngine.GameCenterModule.dll"
-r:"C:/Program Files/Unity/Hub/Editor/6000.5.5f1/Editor/Data/Managed/UnityEngine/UnityEngine.GraphicsStateCollectionSerializerModule.dll"
-r:"C:/Program Files/Unity/Hub/Editor/6000.5.5f1/Editor/Data/Managed/UnityEngine/UnityEngine.GridModule.dll"
-r:"C:/Program Files/Unity/Hub/Editor/6000.5.5f1/Editor/Data/Managed/UnityEngine/UnityEngine.HierarchyCoreModule.dll"
-r:"C:/Program Files/Unity/Hub/Editor/6000.5.5f1/Editor/Data/Managed/UnityEngine/UnityEngine.HotReloadModule.dll"
-r:"C:/Program Files/Unity/Hub/Editor/6000.5.5f1/Editor/Data/Managed/UnityEngine/UnityEngine.IMGUIModule.dll"
-r:"C:/Program Files/Unity/Hub/Editor/6000.5.5f1/Editor/Data/Managed/UnityEngine/UnityEngine.IdentifiersModule.dll"
-r:"C:/Program Files/Unity/Hub/Editor/6000.5.5f1/Editor/Data/Managed/UnityEngine/UnityEngine.ImageConversionModule.dll"
-r:"C:/Program Files/Unity/Hub/Editor/6000.5.5f1/Editor/Data/Managed/UnityEngine/UnityEngine.InputForUIModule.dll"
-r:"C:/Program Files/Unity/Hub/Editor/6000.5.5f1/Editor/Data/Managed/UnityEngine/UnityEngine.InputLegacyModule.dll"
-r:"C:/Program Files/Unity/Hub/Editor/6000.5.5f1/Editor/Data/Managed/UnityEngine/UnityEngine.InputModule.dll"
-r:"C:/Program Files/Unity/Hub/Editor/6000.5.5f1/Editor/Data/Managed/UnityEngine/UnityEngine.InsightsModule.dll"
-r:"C:/Program Files/Unity/Hub/Editor/6000.5.5f1/Editor/Data/Managed/UnityEngine/UnityEngine.JSONSerializeModule.dll"
-r:"C:/Program Files/Unity/Hub/Editor/6000.5.5f1/Editor/Data/Managed/UnityEngine/UnityEngine.LocalizationModule.dll"
-r:"C:/Program Files/Unity/Hub/Editor/6000.5.5f1/Editor/Data/Managed/UnityEngine/UnityEngine.MarshallingModule.dll"
-r:"C:/Program Files/Unity/Hub/Editor/6000.5.5f1/Editor/Data/Managed/UnityEngine/UnityEngine.MathematicsModule.dll"
-r:"C:/Program Files/Unity/Hub/Editor/6000.5.5f1/Editor/Data/Managed/UnityEngine/UnityEngine.MultiplayerModule.dll"
-r:"C:/Program Files/Unity/Hub/Editor/6000.5.5f1/Editor/Data/Managed/UnityEngine/UnityEngine.ParticleSystemModule.dll"
-r:"C:/Program Files/Unity/Hub/Editor/6000.5.5f1/Editor/Data/Managed/UnityEngine/UnityEngine.PerformanceReportingModule.dll"
-r:"C:/Program Files/Unity/Hub/Editor/6000.5.5f1/Editor/Data/Managed/UnityEngine/UnityEngine.Physics2DModule.dll"
-r:"C:/Program Files/Unity/Hub/Editor/6000.5.5f1/Editor/Data/Managed/UnityEngine/UnityEngine.PhysicsBackendPhysXModule.dll"
-r:"C:/Program Files/Unity/Hub/Editor/6000.5.5f1/Editor/Data/Managed/UnityEngine/UnityEngine.PhysicsCore2DModule.dll"
-r:"C:/Program Files/Unity/Hub/Editor/6000.5.5f1/Editor/Data/Managed/UnityEngine/UnityEngine.PhysicsModule.dll"
-r:"C:/Program Files/Unity/Hub/Editor/6000.5.5f1/Editor/Data/Managed/UnityEngine/UnityEngine.PropertiesModule.dll"
-r:"C:/Program Files/Unity/Hub/Editor/6000.5.5f1/Editor/Data/Managed/UnityEngine/UnityEngine.RenderAs2DModule.dll"
-r:"C:/Program Files/Unity/Hub/Editor/6000.5.5f1/Editor/Data/Managed/UnityEngine/UnityEngine.RuntimeInitializeOnLoadManagerInitializerModule.dll"
-r:"C:/Program Files/Unity/Hub/Editor/6000.5.5f1/Editor/Data/Managed/UnityEngine/UnityEngine.ScriptingModule.dll"
-r:"C:/Program Files/Unity/Hub/Editor/6000.5.5f1/Editor/Data/Managed/UnityEngine/UnityEngine.ShaderVariantAnalyticsModule.dll"
-r:"C:/Program Files/Unity/Hub/Editor/6000.5.5f1/Editor/Data/Managed/UnityEngine/UnityEngine.SharedInternalsModule.dll"
-r:"C:/Program Files/Unity/Hub/Editor/6000.5.5f1/Editor/Data/Managed/UnityEngine/UnityEngine.SpriteMaskModule.dll"
-r:"C:/Program Files/Unity/Hub/Editor/6000.5.5f1/Editor/Data/Managed/UnityEngine/UnityEngine.SpriteShapeModule.dll"
-r:"C:/Program Files/Unity/Hub/Editor/6000.5.5f1/Editor/Data/Managed/UnityEngine/UnityEngine.StreamingModule.dll"
-r:"C:/Program Files/Unity/Hub/Editor/6000.5.5f1/Editor/Data/Managed/UnityEngine/UnityEngine.SubstanceModule.dll"
-r:"C:/Program Files/Unity/Hub/Editor/6000.5.5f1/Editor/Data/Managed/UnityEngine/UnityEngine.TLSModule.dll"
-r:"C:/Program Files/Unity/Hub/Editor/6000.5.5f1/Editor/Data/Managed/UnityEngine/UnityEngine.TextCoreFontEngineModule.dll"
-r:"C:/Program Files/Unity/Hub/Editor/6000.5.5f1/Editor/Data/Managed/UnityEngine/UnityEngine.TextCoreTextEngineModule.dll"
-r:"C:/Program Files/Unity/Hub/Editor/6000.5.5f1/Editor/Data/Managed/UnityEngine/UnityEngine.TextRenderingModule.dll"
-r:"C:/Program Files/Unity/Hub/Editor/6000.5.5f1/Editor/Data/Managed/UnityEngine/UnityEngine.U2DRuntimeModule.dll"
-r:"C:/Program Files/Unity/Hub/Editor/6000.5.5f1/Editor/Data/Managed/UnityEngine/UnityEngine.UIElementsModule.dll"
-r:"C:/Program Files/Unity/Hub/Editor/6000.5.5f1/Editor/Data/Managed/UnityEngine/UnityEngine.UIModule.dll"
-r:"C:/Program Files/Unity/Hub/Editor/6000.5.5f1/Editor/Data/Managed/UnityEngine/UnityEngine.UmbraModule.dll"
-r:"C:/Program Files/Unity/Hub/Editor/6000.5.5f1/Editor/Data/Managed/UnityEngine/UnityEngine.UnityAnalyticsCommonModule.dll"
-r:"C:/Program Files/Unity/Hub/Editor/6000.5.5f1/Editor/Data/Managed/UnityEngine/UnityEngine.UnityConnectModule.dll"
-r:"C:/Program Files/Unity/Hub/Editor/6000.5.5f1/Editor/Data/Managed/UnityEngine/UnityEngine.UnityConsentModule.dll"
-r:"C:/Program Files/Unity/Hub/Editor/6000.5.5f1/Editor/Data/Managed/UnityEngine/UnityEngine.UnityCurlModule.dll"
-r:"C:/Program Files/Unity/Hub/Editor/6000.5.5f1/Editor/Data/Managed/UnityEngine/UnityEngine.UnityWebRequestAssetBundleModule.dll"
-r:"C:/Program Files/Unity/Hub/Editor/6000.5.5f1/Editor/Data/Managed/UnityEngine/UnityEngine.UnityWebRequestAudioModule.dll"
-r:"C:/Program Files/Unity/Hub/Editor/6000.5.5f1/Editor/Data/Managed/UnityEngine/UnityEngine.UnityWebRequestModule.dll"
-r:"C:/Program Files/Unity/Hub/Editor/6000.5.5f1/Editor/Data/Managed/UnityEngine/UnityEngine.UnityWebRequestWWWModule.dll"
-r:"C:/Program Files/Unity/Hub/Editor/6000.5.5f1/Editor/Data/Managed/UnityEngine/UnityEngine.VFXModule.dll"
-r:"C:/Program Files/Unity/Hub/Editor/6000.5.5f1/Editor/Data/Managed/UnityEngine/UnityEngine.VirtualTexturingModule.dll"
-r:"C:/Program Files/Unity/Hub/Editor/6000.5.5f1/Editor/Data/Managed/UnityEngine/UnityEngine.dll"
-r:"C:/Program Files/Unity/Hub/Editor/6000.5.5f1/Editor/Data/NetStandard/Extensions/2.0.0/System.Runtime.InteropServices.WindowsRuntime.dll"
-r:"C:/Program Files/Unity/Hub/Editor/6000.5.5f1/Editor/Data/NetStandard/compat/2.1.0/shims/netfx/System.ComponentModel.Composition.dll"
-r:"C:/Program Files/Unity/Hub/Editor/6000.5.5f1/Editor/Data/NetStandard/compat/2.1.0/shims/netfx/System.Core.dll"
-r:"C:/Program Files/Unity/Hub/Editor/6000.5.5f1/Editor/Data/NetStandard/compat/2.1.0/shims/netfx/System.Data.dll"
-r:"C:/Program Files/Unity/Hub/Editor/6000.5.5f1/Editor/Data/NetStandard/compat/2.1.0/shims/netfx/System.Drawing.dll"
-r:"C:/Program Files/Unity/Hub/Editor/6000.5.5f1/Editor/Data/NetStandard/compat/2.1.0/shims/netfx/System.IO.Compression.FileSystem.dll"
-r:"C:/Program Files/Unity/Hub/Editor/6000.5.5f1/Editor/Data/NetStandard/compat/2.1.0/shims/netfx/System.Net.dll"
-r:"C:/Program Files/Unity/Hub/Editor/6000.5.5f1/Editor/Data/NetStandard/compat/2.1.0/shims/netfx/System.Numerics.dll"
-r:"C:/Program Files/Unity/Hub/Editor/6000.5.5f1/Editor/Data/NetStandard/compat/2.1.0/shims/netfx/System.Runtime.Serialization.dll"
-r:"C:/Program Files/Unity/Hub/Editor/6000.5.5f1/Editor/Data/NetStandard/compat/2.1.0/shims/netfx/System.ServiceModel.Web.dll"
-r:"C:/Program Files/Unity/Hub/Editor/6000.5.5f1/Editor/Data/NetStandard/compat/2.1.0/shims/netfx/System.Transactions.dll"
-r:"C:/Program Files/Unity/Hub/Editor/6000.5.5f1/Editor/Data/NetStandard/compat/2.1.0/shims/netfx/System.Web.dll"
-r:"C:/Program Files/Unity/Hub/Editor/6000.5.5f1/Editor/Data/NetStandard/compat/2.1.0/shims/netfx/System.Windows.dll"
-r:"C:/Program Files/Unity/Hub/Editor/6000.5.5f1/Editor/Data/NetStandard/compat/2.1.0/shims/netfx/System.Xml.Linq.dll"
-r:"C:/Program Files/Unity/Hub/Editor/6000.5.5f1/Editor/Data/NetStandard/compat/2.1.0/shims/netfx/System.Xml.Serialization.dll"
-r:"C:/Program Files/Unity/Hub/Editor/6000.5.5f1/Editor/Data/NetStandard/compat/2.1.0/shims/netfx/System.Xml.dll"
-r:"C:/Program Files/Unity/Hub/Editor/6000.5.5f1/Editor/Data/NetStandard/compat/2.1.0/shims/netfx/System.dll"
-r:"C:/Program Files/Unity/Hub/Editor/6000.5.5f1/Editor/Data/NetStandard/compat/2.1.0/shims/netfx/mscorlib.dll"
-r:"C:/Program Files/Unity/Hub/Editor/6000.5.5f1/Editor/Data/NetStandard/compat/2.1.0/shims/netstandard/Microsoft.Win32.Primitives.dll"
-r:"C:/Program Files/Unity/Hub/Editor/6000.5.5f1/Editor/Data/NetStandard/compat/2.1.0/shims/netstandard/System.AppContext.dll"
-r:"C:/Program Files/Unity/Hub/Editor/6000.5.5f1/Editor/Data/NetStandard/compat/2.1.0/shims/netstandard/System.Buffers.dll"
-r:"C:/Program Files/Unity/Hub/Editor/6000.5.5f1/Editor/Data/NetStandard/compat/2.1.0/shims/netstandard/System.Collections.Concurrent.dll"
-r:"C:/Program Files/Unity/Hub/Editor/6000.5.5f1/Editor/Data/NetStandard/compat/2.1.0/shims/netstandard/System.Collections.NonGeneric.dll"
-r:"C:/Program Files/Unity/Hub/Editor/6000.5.5f1/Editor/Data/NetStandard/compat/2.1.0/shims/netstandard/System.Collections.Specialized.dll"
-r:"C:/Program Files/Unity/Hub/Editor/6000.5.5f1/Editor/Data/NetStandard/compat/2.1.0/shims/netstandard/System.Collections.dll"
-r:"C:/Program Files/Unity/Hub/Editor/6000.5.5f1/Editor/Data/NetStandard/compat/2.1.0/shims/netstandard/System.ComponentModel.EventBasedAsync.dll"
-r:"C:/Program Files/Unity/Hub/Editor/6000.5.5f1/Editor/Data/NetStandard/compat/2.1.0/shims/netstandard/System.ComponentModel.Primitives.dll"
-r:"C:/Program Files/Unity/Hub/Editor/6000.5.5f1/Editor/Data/NetStandard/compat/2.1.0/shims/netstandard/System.ComponentModel.TypeConverter.dll"
-r:"C:/Program Files/Unity/Hub/Editor/6000.5.5f1/Editor/Data/NetStandard/compat/2.1.0/shims/netstandard/System.ComponentModel.dll"
-r:"C:/Program Files/Unity/Hub/Editor/6000.5.5f1/Editor/Data/NetStandard/compat/2.1.0/shims/netstandard/System.Console.dll"
-r:"C:/Program Files/Unity/Hub/Editor/6000.5.5f1/Editor/Data/NetStandard/compat/2.1.0/shims/netstandard/System.Data.Common.dll"
-r:"C:/Program Files/Unity/Hub/Editor/6000.5.5f1/Editor/Data/NetStandard/compat/2.1.0/shims/netstandard/System.Diagnostics.Contracts.dll"
-r:"C:/Program Files/Unity/Hub/Editor/6000.5.5f1/Editor/Data/NetStandard/compat/2.1.0/shims/netstandard/System.Diagnostics.Debug.dll"
-r:"C:/Program Files/Unity/Hub/Editor/6000.5.5f1/Editor/Data/NetStandard/compat/2.1.0/shims/netstandard/System.Diagnostics.FileVersionInfo.dll"
-r:"C:/Program Files/Unity/Hub/Editor/6000.5.5f1/Editor/Data/NetStandard/compat/2.1.0/shims/netstandard/System.Diagnostics.Process.dll"
-r:"C:/Program Files/Unity/Hub/Editor/6000.5.5f1/Editor/Data/NetStandard/compat/2.1.0/shims/netstandard/System.Diagnostics.StackTrace.dll"
-r:"C:/Program Files/Unity/Hub/Editor/6000.5.5f1/Editor/Data/NetStandard/compat/2.1.0/shims/netstandard/System.Diagnostics.TextWriterTraceListener.dll"
-r:"C:/Program Files/Unity/Hub/Editor/6000.5.5f1/Editor/Data/NetStandard/compat/2.1.0/shims/netstandard/System.Diagnostics.Tools.dll"
-r:"C:/Program Files/Unity/Hub/Editor/6000.5.5f1/Editor/Data/NetStandard/compat/2.1.0/shims/netstandard/System.Diagnostics.TraceSource.dll"
-r:"C:/Program Files/Unity/Hub/Editor/6000.5.5f1/Editor/Data/NetStandard/compat/2.1.0/shims/netstandard/System.Diagnostics.Tracing.dll"
-r:"C:/Program Files/Unity/Hub/Editor/6000.5.5f1/Editor/Data/NetStandard/compat/2.1.0/shims/netstandard/System.Drawing.Primitives.dll"
-r:"C:/Program Files/Unity/Hub/Editor/6000.5.5f1/Editor/Data/NetStandard/compat/2.1.0/shims/netstandard/System.Dynamic.Runtime.dll"
-r:"C:/Program Files/Unity/Hub/Editor/6000.5.5f1/Editor/Data/NetStandard/compat/2.1.0/shims/netstandard/System.Globalization.Calendars.dll"
-r:"C:/Program Files/Unity/Hub/Editor/6000.5.5f1/Editor/Data/NetStandard/compat/2.1.0/shims/netstandard/System.Globalization.Extensions.dll"
-r:"C:/Program Files/Unity/Hub/Editor/6000.5.5f1/Editor/Data/NetStandard/compat/2.1.0/shims/netstandard/System.Globalization.dll"
-r:"C:/Program Files/Unity/Hub/Editor/6000.5.5f1/Editor/Data/NetStandard/compat/2.1.0/shims/netstandard/System.IO.Compression.ZipFile.dll"
-r:"C:/Program Files/Unity/Hub/Editor/6000.5.5f1/Editor/Data/NetStandard/compat/2.1.0/shims/netstandard/System.IO.Compression.dll"
-r:"C:/Program Files/Unity/Hub/Editor/6000.5.5f1/Editor/Data/NetStandard/compat/2.1.0/shims/netstandard/System.IO.FileSystem.DriveInfo.dll"
-r:"C:/Program Files/Unity/Hub/Editor/6000.5.5f1/Editor/Data/NetStandard/compat/2.1.0/shims/netstandard/System.IO.FileSystem.Primitives.dll"
-r:"C:/Program Files/Unity/Hub/Editor/6000.5.5f1/Editor/Data/NetStandard/compat/2.1.0/shims/netstandard/System.IO.FileSystem.Watcher.dll"
-r:"C:/Program Files/Unity/Hub/Editor/6000.5.5f1/Editor/Data/NetStandard/compat/2.1.0/shims/netstandard/System.IO.FileSystem.dll"
-r:"C:/Program Files/Unity/Hub/Editor/6000.5.5f1/Editor/Data/NetStandard/compat/2.1.0/shims/netstandard/System.IO.IsolatedStorage.dll"
-r:"C:/Program Files/Unity/Hub/Editor/6000.5.5f1/Editor/Data/NetStandard/compat/2.1.0/shims/netstandard/System.IO.MemoryMappedFiles.dll"
-r:"C:/Program Files/Unity/Hub/Editor/6000.5.5f1/Editor/Data/NetStandard/compat/2.1.0/shims/netstandard/System.IO.Pipes.dll"
-r:"C:/Program Files/Unity/Hub/Editor/6000.5.5f1/Editor/Data/NetStandard/compat/2.1.0/shims/netstandard/System.IO.UnmanagedMemoryStream.dll"
-r:"C:/Program Files/Unity/Hub/Editor/6000.5.5f1/Editor/Data/NetStandard/compat/2.1.0/shims/netstandard/System.IO.dll"
-r:"C:/Program Files/Unity/Hub/Editor/6000.5.5f1/Editor/Data/NetStandard/compat/2.1.0/shims/netstandard/System.Linq.Expressions.dll"
-r:"C:/Program Files/Unity/Hub/Editor/6000.5.5f1/Editor/Data/NetStandard/compat/2.1.0/shims/netstandard/System.Linq.Parallel.dll"
-r:"C:/Program Files/Unity/Hub/Editor/6000.5.5f1/Editor/Data/NetStandard/compat/2.1.0/shims/netstandard/System.Linq.Queryable.dll"
-r:"C:/Program Files/Unity/Hub/Editor/6000.5.5f1/Editor/Data/NetStandard/compat/2.1.0/shims/netstandard/System.Linq.dll"
-r:"C:/Program Files/Unity/Hub/Editor/6000.5.5f1/Editor/Data/NetStandard/compat/2.1.0/shims/netstandard/System.Memory.dll"
-r:"C:/Program Files/Unity/Hub/Editor/6000.5.5f1/Editor/Data/NetStandard/compat/2.1.0/shims/netstandard/System.Net.Http.dll"
-r:"C:/Program Files/Unity/Hub/Editor/6000.5.5f1/Editor/Data/NetStandard/compat/2.1.0/shims/netstandard/System.Net.NameResolution.dll"
-r:"C:/Program Files/Unity/Hub/Editor/6000.5.5f1/Editor/Data/NetStandard/compat/2.1.0/shims/netstandard/System.Net.NetworkInformation.dll"
-r:"C:/Program Files/Unity/Hub/Editor/6000.5.5f1/Editor/Data/NetStandard/compat/2.1.0/shims/netstandard/System.Net.Ping.dll"
-r:"C:/Program Files/Unity/Hub/Editor/6000.5.5f1/Editor/Data/NetStandard/compat/2.1.0/shims/netstandard/System.Net.Primitives.dll"
-r:"C:/Program Files/Unity/Hub/Editor/6000.5.5f1/Editor/Data/NetStandard/compat/2.1.0/shims/netstandard/System.Net.Requests.dll"
-r:"C:/Program Files/Unity/Hub/Editor/6000.5.5f1/Editor/Data/NetStandard/compat/2.1.0/shims/netstandard/System.Net.Security.dll"
-r:"C:/Program Files/Unity/Hub/Editor/6000.5.5f1/Editor/Data/NetStandard/compat/2.1.0/shims/netstandard/System.Net.Sockets.dll"
-r:"C:/Program Files/Unity/Hub/Editor/6000.5.5f1/Editor/Data/NetStandard/compat/2.1.0/shims/netstandard/System.Net.WebHeaderCollection.dll"
-r:"C:/Program Files/Unity/Hub/Editor/6000.5.5f1/Editor/Data/NetStandard/compat/2.1.0/shims/netstandard/System.Net.WebSockets.Client.dll"
-r:"C:/Program Files/Unity/Hub/Editor/6000.5.5f1/Editor/Data/NetStandard/compat/2.1.0/shims/netstandard/System.Net.WebSockets.dll"
-r:"C:/Program Files/Unity/Hub/Editor/6000.5.5f1/Editor/Data/NetStandard/compat/2.1.0/shims/netstandard/System.Numerics.Vectors.dll"
-r:"C:/Program Files/Unity/Hub/Editor/6000.5.5f1/Editor/Data/NetStandard/compat/2.1.0/shims/netstandard/System.ObjectModel.dll"
-r:"C:/Program Files/Unity/Hub/Editor/6000.5.5f1/Editor/Data/NetStandard/compat/2.1.0/shims/netstandard/System.Reflection.DispatchProxy.dll"
-r:"C:/Program Files/Unity/Hub/Editor/6000.5.5f1/Editor/Data/NetStandard/compat/2.1.0/shims/netstandard/System.Reflection.Emit.ILGeneration.dll"
-r:"C:/Program Files/Unity/Hub/Editor/6000.5.5f1/Editor/Data/NetStandard/compat/2.1.0/shims/netstandard/System.Reflection.Emit.Lightweight.dll"
-r:"C:/Program Files/Unity/Hub/Editor/6000.5.5f1/Editor/Data/NetStandard/compat/2.1.0/shims/netstandard/System.Reflection.Emit.dll"
-r:"C:/Program Files/Unity/Hub/Editor/6000.5.5f1/Editor/Data/NetStandard/compat/2.1.0/shims/netstandard/System.Reflection.Extensions.dll"
-r:"C:/Program Files/Unity/Hub/Editor/6000.5.5f1/Editor/Data/NetStandard/compat/2.1.0/shims/netstandard/System.Reflection.Primitives.dll"
-r:"C:/Program Files/Unity/Hub/Editor/6000.5.5f1/Editor/Data/NetStandard/compat/2.1.0/shims/netstandard/System.Reflection.dll"
-r:"C:/Program Files/Unity/Hub/Editor/6000.5.5f1/Editor/Data/NetStandard/compat/2.1.0/shims/netstandard/System.Resources.Reader.dll"
-r:"C:/Program Files/Unity/Hub/Editor/6000.5.5f1/Editor/Data/NetStandard/compat/2.1.0/shims/netstandard/System.Resources.ResourceManager.dll"
-r:"C:/Program Files/Unity/Hub/Editor/6000.5.5f1/Editor/Data/NetStandard/compat/2.1.0/shims/netstandard/System.Resources.Writer.dll"
-r:"C:/Program Files/Unity/Hub/Editor/6000.5.5f1/Editor/Data/NetStandard/compat/2.1.0/shims/netstandard/System.Runtime.CompilerServices.VisualC.dll"
-r:"C:/Program Files/Unity/Hub/Editor/6000.5.5f1/Editor/Data/NetStandard/compat/2.1.0/shims/netstandard/System.Runtime.Extensions.dll"
-r:"C:/Program Files/Unity/Hub/Editor/6000.5.5f1/Editor/Data/NetStandard/compat/2.1.0/shims/netstandard/System.Runtime.Handles.dll"
-r:"C:/Program Files/Unity/Hub/Editor/6000.5.5f1/Editor/Data/NetStandard/compat/2.1.0/shims/netstandard/System.Runtime.InteropServices.RuntimeInformation.dll"
-r:"C:/Program Files/Unity/Hub/Editor/6000.5.5f1/Editor/Data/NetStandard/compat/2.1.0/shims/netstandard/System.Runtime.InteropServices.dll"
-r:"C:/Program Files/Unity/Hub/Editor/6000.5.5f1/Editor/Data/NetStandard/compat/2.1.0/shims/netstandard/System.Runtime.Numerics.dll"
-r:"C:/Program Files/Unity/Hub/Editor/6000.5.5f1/Editor/Data/NetStandard/compat/2.1.0/shims/netstandard/System.Runtime.Serialization.Formatters.dll"
-r:"C:/Program Files/Unity/Hub/Editor/6000.5.5f1/Editor/Data/NetStandard/compat/2.1.0/shims/netstandard/System.Runtime.Serialization.Json.dll"
-r:"C:/Program Files/Unity/Hub/Editor/6000.5.5f1/Editor/Data/NetStandard/compat/2.1.0/shims/netstandard/System.Runtime.Serialization.Primitives.dll"
-r:"C:/Program Files/Unity/Hub/Editor/6000.5.5f1/Editor/Data/NetStandard/compat/2.1.0/shims/netstandard/System.Runtime.Serialization.Xml.dll"
-r:"C:/Program Files/Unity/Hub/Editor/6000.5.5f1/Editor/Data/NetStandard/compat/2.1.0/shims/netstandard/System.Runtime.dll"
-r:"C:/Program Files/Unity/Hub/Editor/6000.5.5f1/Editor/Data/NetStandard/compat/2.1.0/shims/netstandard/System.Security.Claims.dll"
-r:"C:/Program Files/Unity/Hub/Editor/6000.5.5f1/Editor/Data/NetStandard/compat/2.1.0/shims/netstandard/System.Security.Cryptography.Algorithms.dll"
-r:"C:/Program Files/Unity/Hub/Editor/6000.5.5f1/Editor/Data/NetStandard/compat/2.1.0/shims/netstandard/System.Security.Cryptography.Csp.dll"
-r:"C:/Program Files/Unity/Hub/Editor/6000.5.5f1/Editor/Data/NetStandard/compat/2.1.0/shims/netstandard/System.Security.Cryptography.Encoding.dll"
-r:"C:/Program Files/Unity/Hub/Editor/6000.5.5f1/Editor/Data/NetStandard/compat/2.1.0/shims/netstandard/System.Security.Cryptography.Primitives.dll"
-r:"C:/Program Files/Unity/Hub/Editor/6000.5.5f1/Editor/Data/NetStandard/compat/2.1.0/shims/netstandard/System.Security.Cryptography.X509Certificates.dll"
-r:"C:/Program Files/Unity/Hub/Editor/6000.5.5f1/Editor/Data/NetStandard/compat/2.1.0/shims/netstandard/System.Security.Principal.dll"
-r:"C:/Program Files/Unity/Hub/Editor/6000.5.5f1/Editor/Data/NetStandard/compat/2.1.0/shims/netstandard/System.Security.SecureString.dll"
-r:"C:/Program Files/Unity/Hub/Editor/6000.5.5f1/Editor/Data/NetStandard/compat/2.1.0/shims/netstandard/System.Text.Encoding.Extensions.dll"
-r:"C:/Program Files/Unity/Hub/Editor/6000.5.5f1/Editor/Data/NetStandard/compat/2.1.0/shims/netstandard/System.Text.Encoding.dll"
-r:"C:/Program Files/Unity/Hub/Editor/6000.5.5f1/Editor/Data/NetStandard/compat/2.1.0/shims/netstandard/System.Text.RegularExpressions.dll"
-r:"C:/Program Files/Unity/Hub/Editor/6000.5.5f1/Editor/Data/NetStandard/compat/2.1.0/shims/netstandard/System.Threading.Overlapped.dll"
-r:"C:/Program Files/Unity/Hub/Editor/6000.5.5f1/Editor/Data/NetStandard/compat/2.1.0/shims/netstandard/System.Threading.Tasks.Extensions.dll"
-r:"C:/Program Files/Unity/Hub/Editor/6000.5.5f1/Editor/Data/NetStandard/compat/2.1.0/shims/netstandard/System.Threading.Tasks.Parallel.dll"
-r:"C:/Program Files/Unity/Hub/Editor/6000.5.5f1/Editor/Data/NetStandard/compat/2.1.0/shims/netstandard/System.Threading.Tasks.dll"
-r:"C:/Program Files/Unity/Hub/Editor/6000.5.5f1/Editor/Data/NetStandard/compat/2.1.0/shims/netstandard/System.Threading.Thread.dll"
-r:"C:/Program Files/Unity/Hub/Editor/6000.5.5f1/Editor/Data/NetStandard/compat/2.1.0/shims/netstandard/System.Threading.ThreadPool.dll"
-r:"C:/Program Files/Unity/Hub/Editor/6000.5.5f1/Editor/Data/NetStandard/compat/2.1.0/shims/netstandard/System.Threading.Timer.dll"
-r:"C:/Program Files/Unity/Hub/Editor/6000.5.5f1/Editor/Data/NetStandard/compat/2.1.0/shims/netstandard/System.Threading.dll"
-r:"C:/Program Files/Unity/Hub/Editor/6000.5.5f1/Editor/Data/NetStandard/compat/2.1.0/shims/netstandard/System.ValueTuple.dll"
-r:"C:/Program Files/Unity/Hub/Editor/6000.5.5f1/Editor/Data/NetStandard/compat/2.1.0/shims/netstandard/System.Xml.ReaderWriter.dll"
-r:"C:/Program Files/Unity/Hub/Editor/6000.5.5f1/Editor/Data/NetStandard/compat/2.1.0/shims/netstandard/System.Xml.XDocument.dll"
-r:"C:/Program Files/Unity/Hub/Editor/6000.5.5f1/Editor/Data/NetStandard/compat/2.1.0/shims/netstandard/System.Xml.XPath.XDocument.dll"
-r:"C:/Program Files/Unity/Hub/Editor/6000.5.5f1/Editor/Data/NetStandard/compat/2.1.0/shims/netstandard/System.Xml.XPath.dll"
-r:"C:/Program Files/Unity/Hub/Editor/6000.5.5f1/Editor/Data/NetStandard/compat/2.1.0/shims/netstandard/System.Xml.XmlDocument.dll"
-r:"C:/Program Files/Unity/Hub/Editor/6000.5.5f1/Editor/Data/NetStandard/compat/2.1.0/shims/netstandard/System.Xml.XmlSerializer.dll"
-r:"C:/Program Files/Unity/Hub/Editor/6000.5.5f1/Editor/Data/NetStandard/ref/2.1.0/netstandard.dll"
-r:"C:/Program Files/Unity/Hub/Editor/6000.5.5f1/Editor/Data/PlaybackEngines/WebGLSupport/UnityEditor.WebGL.Extensions.dll"
-r:"C:/Program Files/Unity/Hub/Editor/6000.5.5f1/Editor/Data/PlaybackEngines/WindowsStandaloneSupport/UnityEditor.WindowsStandalone.Extensions.dll"
-r:"Library/PackageCache/com.unity.ext.nunit@44f7d31723bd/net472/unity-custom/nunit.framework.dll"
-r:"Library/Bee/artifacts/1900b0aE.dag/UnityEditor.UI.ref.dll"
-r:"Library/Bee/artifacts/1900b0aE.dag/UnityEngine.UI.ref.dll"
-analyzer:"C:/Program Files/Unity/Hub/Editor/6000.5.5f1/Editor/Data/BCLExtensions/TargetingPacks/netstandard2.1/analyzers/dotnet/roslyn4.0/cs/Microsoft.Extensions.Logging.Generators.dll"
-analyzer:"C:/Program Files/Unity/Hub/Editor/6000.5.5f1/Editor/Data/BCLExtensions/TargetingPacks/netstandard2.1/analyzers/dotnet/roslyn4.0/cs/System.Text.Json.SourceGeneration.dll"
-analyzer:"C:/Program Files/Unity/Hub/Editor/6000.5.5f1/Editor/Data/Tools/BuildPipeline/Unity.Analyzers.Common/Unity.Analyzers.Common.dll"
-analyzer:"C:/Program Files/Unity/Hub/Editor/6000.5.5f1/Editor/Data/Tools/BuildPipeline/Unity.Analyzers.LongLiving/Unity.Analyzers.LongLiving.dll"
-analyzer:"C:/Program Files/Unity/Hub/Editor/6000.5.5f1/Editor/Data/Tools/BuildPipeline/Unity.SourceGenerators/Unity.Properties.SourceGenerator.dll"
-analyzer:"C:/Program Files/Unity/Hub/Editor/6000.5.5f1/Editor/Data/Tools/BuildPipeline/Unity.SourceGenerators/Unity.SourceGenerators.dll"
-analyzer:"C:/Program Files/Unity/Hub/Editor/6000.5.5f1/Editor/Data/Tools/BuildPipeline/Unity.SourceGenerators/Unity.UIToolkit.SourceGenerator.dll"
"Library/PackageCache/com.unity.inputsystem@7fe8299111a7/InputSystem/Actions/Composites/AxisComposite.cs"
"Library/PackageCache/com.unity.inputsystem@7fe8299111a7/InputSystem/Actions/Composites/ButtonWithOneModifier.cs"
"Library/PackageCache/com.unity.inputsystem@7fe8299111a7/InputSystem/Actions/Composites/ButtonWithTwoModifiers.cs"
"Library/PackageCache/com.unity.inputsystem@7fe8299111a7/InputSystem/Actions/Composites/OneModifierComposite.cs"
"Library/PackageCache/com.unity.inputsystem@7fe8299111a7/InputSystem/Actions/Composites/TwoModifiersComposite.cs"
"Library/PackageCache/com.unity.inputsystem@7fe8299111a7/InputSystem/Actions/Composites/Vector2Composite.cs"
"Library/PackageCache/com.unity.inputsystem@7fe8299111a7/InputSystem/Actions/Composites/Vector3Composite.cs"
"Library/PackageCache/com.unity.inputsystem@7fe8299111a7/InputSystem/Actions/IInputActionCollection.cs"
"Library/PackageCache/com.unity.inputsystem@7fe8299111a7/InputSystem/Actions/IInputInteraction.cs"
"Library/PackageCache/com.unity.inputsystem@7fe8299111a7/InputSystem/Actions/InputAction.cs"
"Library/PackageCache/com.unity.inputsystem@7fe8299111a7/InputSystem/Actions/InputActionAsset.cs"
"Library/PackageCache/com.unity.inputsystem@7fe8299111a7/InputSystem/Actions/InputActionChange.cs"
"Library/PackageCache/com.unity.inputsystem@7fe8299111a7/InputSystem/Actions/InputActionMap.cs"
"Library/PackageCache/com.unity.inputsystem@7fe8299111a7/InputSystem/Actions/InputActionParameters.cs"
"Library/PackageCache/com.unity.inputsystem@7fe8299111a7/InputSystem/Actions/InputActionPhase.cs"
"Library/PackageCache/com.unity.inputsystem@7fe8299111a7/InputSystem/Actions/InputActionProperty.cs"
"Library/PackageCache/com.unity.inputsystem@7fe8299111a7/InputSystem/Actions/InputActionRebindingExtensions.cs"
"Library/PackageCache/com.unity.inputsystem@7fe8299111a7/InputSystem/Actions/InputActionReference.cs"
"Library/PackageCache/com.unity.inputsystem@7fe8299111a7/InputSystem/Actions/InputActionSetupExtensions.cs"
"Library/PackageCache/com.unity.inputsystem@7fe8299111a7/InputSystem/Actions/InputActionState.cs"
"Library/PackageCache/com.unity.inputsystem@7fe8299111a7/InputSystem/Actions/InputActionTrace.cs"
"Library/PackageCache/com.unity.inputsystem@7fe8299111a7/InputSystem/Actions/InputActionType.cs"
"Library/PackageCache/com.unity.inputsystem@7fe8299111a7/InputSystem/Actions/InputBinding.cs"
"Library/PackageCache/com.unity.inputsystem@7fe8299111a7/InputSystem/Actions/InputBindingComposite.cs"
"Library/PackageCache/com.unity.inputsystem@7fe8299111a7/InputSystem/Actions/InputBindingCompositeContext.cs"
"Library/PackageCache/com.unity.inputsystem@7fe8299111a7/InputSystem/Actions/InputBindingResolver.cs"
"Library/PackageCache/com.unity.inputsystem@7fe8299111a7/InputSystem/Actions/InputControlScheme.cs"
"Library/PackageCache/com.unity.inputsystem@7fe8299111a7/InputSystem/Actions/InputInteractionContext.cs"
"Library/PackageCache/com.unity.inputsystem@7fe8299111a7/InputSystem/Actions/Interactions/HoldInteraction.cs"
"Library/PackageCache/com.unity.inputsystem@7fe8299111a7/InputSystem/Actions/Interactions/MultiTapInteraction.cs"
"Library/PackageCache/com.unity.inputsystem@7fe8299111a7/InputSystem/Actions/Interactions/PressInteraction.cs"
"Library/PackageCache/com.unity.inputsystem@7fe8299111a7/InputSystem/Actions/Interactions/SlowTapInteraction.cs"
"Library/PackageCache/com.unity.inputsystem@7fe8299111a7/InputSystem/Actions/Interactions/TapInteraction.cs"
"Library/PackageCache/com.unity.inputsystem@7fe8299111a7/InputSystem/AssemblyInfo.cs"
"Library/PackageCache/com.unity.inputsystem@7fe8299111a7/InputSystem/Controls/AnyKeyControl.cs"
"Library/PackageCache/com.unity.inputsystem@7fe8299111a7/InputSystem/Controls/AxisControl.cs"
"Library/PackageCache/com.unity.inputsystem@7fe8299111a7/InputSystem/Controls/ButtonControl.cs"
"Library/PackageCache/com.unity.inputsystem@7fe8299111a7/InputSystem/Controls/CommonUsages.cs"
"Library/PackageCache/com.unity.inputsystem@7fe8299111a7/InputSystem/Controls/DeltaControl.cs"
"Library/PackageCache/com.unity.inputsystem@7fe8299111a7/InputSystem/Controls/DiscreteButtonControl.cs"
"Library/PackageCache/com.unity.inputsystem@7fe8299111a7/InputSystem/Controls/DoubleControl.cs"
"Library/PackageCache/com.unity.inputsystem@7fe8299111a7/InputSystem/Controls/DpadControl.cs"
"Library/PackageCache/com.unity.inputsystem@7fe8299111a7/InputSystem/Controls/InputControl.cs"
"Library/PackageCache/com.unity.inputsystem@7fe8299111a7/InputSystem/Controls/InputControlAttribute.cs"
"Library/PackageCache/com.unity.inputsystem@7fe8299111a7/InputSystem/Controls/InputControlExtensions.cs"
"Library/PackageCache/com.unity.inputsystem@7fe8299111a7/InputSystem/Controls/InputControlLayout.cs"
"Library/PackageCache/com.unity.inputsystem@7fe8299111a7/InputSystem/Controls/InputControlLayoutAttribute.cs"
"Library/PackageCache/com.unity.inputsystem@7fe8299111a7/InputSystem/Controls/InputControlLayoutChange.cs"
"Library/PackageCache/com.unity.inputsystem@7fe8299111a7/InputSystem/Controls/InputControlList.cs"
"Library/PackageCache/com.unity.inputsystem@7fe8299111a7/InputSystem/Controls/InputControlPath.cs"
"Library/PackageCache/com.unity.inputsystem@7fe8299111a7/InputSystem/Controls/InputProcessor.cs"
"Library/PackageCache/com.unity.inputsystem@7fe8299111a7/InputSystem/Controls/IntegerControl.cs"
"Library/PackageCache/com.unity.inputsystem@7fe8299111a7/InputSystem/Controls/KeyControl.cs"
"Library/PackageCache/com.unity.inputsystem@7fe8299111a7/InputSystem/Controls/Processors/AxisDeadzoneProcessor.cs"
"Library/PackageCache/com.unity.inputsystem@7fe8299111a7/InputSystem/Controls/Processors/ClampProcessor.cs"
"Library/PackageCache/com.unity.inputsystem@7fe8299111a7/InputSystem/Controls/Processors/CompensateDirectionProcessor.cs"
"Library/PackageCache/com.unity.inputsystem@7fe8299111a7/InputSystem/Controls/Processors/CompensateRotationProcessor.cs"
"Library/PackageCache/com.unity.inputsystem@7fe8299111a7/InputSystem/Controls/Processors/EditorWindowSpaceProcessor.cs"
"Library/PackageCache/com.unity.inputsystem@7fe8299111a7/InputSystem/Controls/Processors/InvertProcessor.cs"
"Library/PackageCache/com.unity.inputsystem@7fe8299111a7/InputSystem/Controls/Processors/InvertVector2Processor.cs"
"Library/PackageCache/com.unity.inputsystem@7fe8299111a7/InputSystem/Controls/Processors/InvertVector3Processor.cs"
"Library/PackageCache/com.unity.inputsystem@7fe8299111a7/InputSystem/Controls/Processors/NormalizeProcessor.cs"
"Library/PackageCache/com.unity.inputsystem@7fe8299111a7/InputSystem/Controls/Processors/NormalizeVector2Processor.cs"
"Library/PackageCache/com.unity.inputsystem@7fe8299111a7/InputSystem/Controls/Processors/NormalizeVector3Processor.cs"
"Library/PackageCache/com.unity.inputsystem@7fe8299111a7/InputSystem/Controls/Processors/ScaleProcessor.cs"
"Library/PackageCache/com.unity.inputsystem@7fe8299111a7/InputSystem/Controls/Processors/ScaleVector2Processor.cs"
"Library/PackageCache/com.unity.inputsystem@7fe8299111a7/InputSystem/Controls/Processors/ScaleVector3Processor.cs"
"Library/PackageCache/com.unity.inputsystem@7fe8299111a7/InputSystem/Controls/Processors/StickDeadzoneProcessor.cs"
"Library/PackageCache/com.unity.inputsystem@7fe8299111a7/InputSystem/Controls/QuaternionControl.cs"
"Library/PackageCache/com.unity.inputsystem@7fe8299111a7/InputSystem/Controls/StickControl.cs"
"Library/PackageCache/com.unity.inputsystem@7fe8299111a7/InputSystem/Controls/TouchControl.cs"
"Library/PackageCache/com.unity.inputsystem@7fe8299111a7/InputSystem/Controls/TouchPhaseControl.cs"
"Library/PackageCache/com.unity.inputsystem@7fe8299111a7/InputSystem/Controls/TouchPressControl.cs"
"Library/PackageCache/com.unity.inputsystem@7fe8299111a7/InputSystem/Controls/Vector2Control.cs"
"Library/PackageCache/com.unity.inputsystem@7fe8299111a7/InputSystem/Controls/Vector3Control.cs"
"Library/PackageCache/com.unity.inputsystem@7fe8299111a7/InputSystem/Devices/Commands/DisableDeviceCommand.cs"
"Library/PackageCache/com.unity.inputsystem@7fe8299111a7/InputSystem/Devices/Commands/EnableDeviceCommand.cs"
"Library/PackageCache/com.unity.inputsystem@7fe8299111a7/InputSystem/Devices/Commands/EnableIMECompositionCommand.cs"
"Library/PackageCache/com.unity.inputsystem@7fe8299111a7/InputSystem/Devices/Commands/IInputDeviceCommandInfo.cs"
"Library/PackageCache/com.unity.inputsystem@7fe8299111a7/InputSystem/Devices/Commands/InitiateUserAccountPairingCommand.cs"
"Library/PackageCache/com.unity.inputsystem@7fe8299111a7/InputSystem/Devices/Commands/InputDeviceCommand.cs"
"Library/PackageCache/com.unity.inputsystem@7fe8299111a7/InputSystem/Devices/Commands/QueryCanRunInBackground.cs"
"Library/PackageCache/com.unity.inputsystem@7fe8299111a7/InputSystem/Devices/Commands/QueryDimensionsCommand.cs"
"Library/PackageCache/com.unity.inputsystem@7fe8299111a7/InputSystem/Devices/Commands/QueryEditorWindowCoordinatesCommand.cs"
"Library/PackageCache/com.unity.inputsystem@7fe8299111a7/InputSystem/Devices/Commands/QueryEnabledStateCommand.cs"
"Library/PackageCache/com.unity.inputsystem@7fe8299111a7/InputSystem/Devices/Commands/QueryKeyNameCommand.cs"
"Library/PackageCache/com.unity.inputsystem@7fe8299111a7/InputSystem/Devices/Commands/QueryKeyboardLayoutCommand.cs"
"Library/PackageCache/com.unity.inputsystem@7fe8299111a7/InputSystem/Devices/Commands/QueryPairedUserAccountCommand.cs"
"Library/PackageCache/com.unity.inputsystem@7fe8299111a7/InputSystem/Devices/Commands/QuerySamplingFrequencyCommand.cs"
"Library/PackageCache/com.unity.inputsystem@7fe8299111a7/InputSystem/Devices/Commands/QueryUserIdCommand.cs"
"Library/PackageCache/com.unity.inputsystem@7fe8299111a7/InputSystem/Devices/Commands/RequestResetCommand.cs"
"Library/PackageCache/com.unity.inputsystem@7fe8299111a7/InputSystem/Devices/Commands/RequestSyncCommand.cs"
"Library/PackageCache/com.unity.inputsystem@7fe8299111a7/InputSystem/Devices/Commands/SetIMECursorPositionCommand.cs"
"Library/PackageCache/com.unity.inputsystem@7fe8299111a7/InputSystem/Devices/Commands/SetSamplingFrequencyCommand.cs"
"Library/PackageCache/com.unity.inputsystem@7fe8299111a7/InputSystem/Devices/Commands/WarpMousePositionCommand.cs"
"Library/PackageCache/com.unity.inputsystem@7fe8299111a7/InputSystem/Devices/Gamepad.cs"
"Library/PackageCache/com.unity.inputsystem@7fe8299111a7/InputSystem/Devices/Haptics/DualMotorRumble.cs"
"Library/PackageCache/com.unity.inputsystem@7fe8299111a7/InputSystem/Devices/Haptics/DualMotorRumbleCommand.cs"
"Library/PackageCache/com.unity.inputsystem@7fe8299111a7/InputSystem/Devices/Haptics/IDualMotorRumble.cs"
"Library/PackageCache/com.unity.inputsystem@7fe8299111a7/InputSystem/Devices/Haptics/IHaptics.cs"
"Library/PackageCache/com.unity.inputsystem@7fe8299111a7/InputSystem/Devices/ICustomDeviceReset.cs"
"Library/PackageCache/com.unity.inputsystem@7fe8299111a7/InputSystem/Devices/IEventMerger.cs"
"Library/PackageCache/com.unity.inputsystem@7fe8299111a7/InputSystem/Devices/IEventPreProcessor.cs"
"Library/PackageCache/com.unity.inputsystem@7fe8299111a7/InputSystem/Devices/IInputUpdateCallbackReceiver.cs"
"Library/PackageCache/com.unity.inputsystem@7fe8299111a7/InputSystem/Devices/ITextInputReceiver.cs"
"Library/PackageCache/com.unity.inputsystem@7fe8299111a7/InputSystem/Devices/InputDevice.cs"
"Library/PackageCache/com.unity.inputsystem@7fe8299111a7/InputSystem/Devices/InputDeviceBuilder.cs"
"Library/PackageCache/com.unity.inputsystem@7fe8299111a7/InputSystem/Devices/InputDeviceChange.cs"
"Library/PackageCache/com.unity.inputsystem@7fe8299111a7/InputSystem/Devices/InputDeviceDescription.cs"
"Library/PackageCache/com.unity.inputsystem@7fe8299111a7/InputSystem/Devices/InputDeviceMatcher.cs"
"Library/PackageCache/com.unity.inputsystem@7fe8299111a7/InputSystem/Devices/Joystick.cs"
"Library/PackageCache/com.unity.inputsystem@7fe8299111a7/InputSystem/Devices/Keyboard.cs"
"Library/PackageCache/com.unity.inputsystem@7fe8299111a7/InputSystem/Devices/Mouse.cs"
"Library/PackageCache/com.unity.inputsystem@7fe8299111a7/InputSystem/Devices/Pen.cs"
"Library/PackageCache/com.unity.inputsystem@7fe8299111a7/InputSystem/Devices/Pointer.cs"
"Library/PackageCache/com.unity.inputsystem@7fe8299111a7/InputSystem/Devices/Precompiled/FastKeyboard.cs"
"Library/PackageCache/com.unity.inputsystem@7fe8299111a7/InputSystem/Devices/Precompiled/FastMouse.cs"
"Library/PackageCache/com.unity.inputsystem@7fe8299111a7/InputSystem/Devices/Precompiled/FastMouse.partial.cs"
"Library/PackageCache/com.unity.inputsystem@7fe8299111a7/InputSystem/Devices/Precompiled/FastTouchscreen.cs"
"Library/PackageCache/com.unity.inputsystem@7fe8299111a7/InputSystem/Devices/Remote/InputRemoting.cs"
"Library/PackageCache/com.unity.inputsystem@7fe8299111a7/InputSystem/Devices/Remote/RemoteInputPlayerConnection.cs"
"Library/PackageCache/com.unity.inputsystem@7fe8299111a7/InputSystem/Devices/Sensor.cs"
"Library/PackageCache/com.unity.inputsystem@7fe8299111a7/InputSystem/Devices/Touchscreen.cs"
"Library/PackageCache/com.unity.inputsystem@7fe8299111a7/InputSystem/Devices/TrackedDevice.cs"
"Library/PackageCache/com.unity.inputsystem@7fe8299111a7/InputSystem/Editor/Analytics/InputActionsEditorSessionAnalytic.cs"
"Library/PackageCache/com.unity.inputsystem@7fe8299111a7/InputSystem/Editor/Analytics/InputBuildAnalytic.cs"
"Library/PackageCache/com.unity.inputsystem@7fe8299111a7/InputSystem/Editor/Analytics/InputComponentEditorAnalytic.cs"
"Library/PackageCache/com.unity.inputsystem@7fe8299111a7/InputSystem/Editor/Analytics/InputEditorAnalytics.cs"
"Library/PackageCache/com.unity.inputsystem@7fe8299111a7/InputSystem/Editor/Analytics/InputExitPlayModeAnalytic.cs"
"Library/PackageCache/com.unity.inputsystem@7fe8299111a7/InputSystem/Editor/Analytics/OnScreenStickEditorAnalytic.cs"
"Library/PackageCache/com.unity.inputsystem@7fe8299111a7/InputSystem/Editor/Analytics/PlayerInputEditorAnalytic.cs"
"Library/PackageCache/com.unity.inputsystem@7fe8299111a7/InputSystem/Editor/Analytics/PlayerInputManagerEditorAnalytic.cs"
"Library/PackageCache/com.unity.inputsystem@7fe8299111a7/InputSystem/Editor/Analytics/VirtualMouseInputEditorAnalytic.cs"
"Library/PackageCache/com.unity.inputsystem@7fe8299111a7/InputSystem/Editor/AssetEditor/InputActionAssetManager.cs"
"Library/PackageCache/com.unity.inputsystem@7fe8299111a7/InputSystem/Editor/AssetEditor/InputActionEditorToolbar.cs"
"Library/PackageCache/com.unity.inputsystem@7fe8299111a7/InputSystem/Editor/AssetEditor/InputActionEditorWindow.cs"
"Library/PackageCache/com.unity.inputsystem@7fe8299111a7/InputSystem/Editor/AssetEditor/InputActionPropertiesView.cs"
"Library/PackageCache/com.unity.inputsystem@7fe8299111a7/InputSystem/Editor/AssetEditor/InputActionTreeView.cs"
"Library/PackageCache/com.unity.inputsystem@7fe8299111a7/InputSystem/Editor/AssetEditor/InputActionTreeViewItems.cs"
"Library/PackageCache/com.unity.inputsystem@7fe8299111a7/InputSystem/Editor/AssetEditor/InputBindingPropertiesView.cs"
"Library/PackageCache/com.unity.inputsystem@7fe8299111a7/InputSystem/Editor/AssetEditor/NameAndParameterListView.cs"
"Library/PackageCache/com.unity.inputsystem@7fe8299111a7/InputSystem/Editor/AssetEditor/ParameterListView.cs"
"Library/PackageCache/com.unity.inputsystem@7fe8299111a7/InputSystem/Editor/AssetEditor/PropertiesViewBase.cs"
"Library/PackageCache/com.unity.inputsystem@7fe8299111a7/InputSystem/Editor/AssetImporter/IInputActionAssetEditor.cs"
"Library/PackageCache/com.unity.inputsystem@7fe8299111a7/InputSystem/Editor/AssetImporter/InputActionAssetEditor.cs"
"Library/PackageCache/com.unity.inputsystem@7fe8299111a7/InputSystem/Editor/AssetImporter/InputActionAssetIconLoader.cs"
"Library/PackageCache/com.unity.inputsystem@7fe8299111a7/InputSystem/Editor/AssetImporter/InputActionCodeGenerator.cs"
"Library/PackageCache/com.unity.inputsystem@7fe8299111a7/InputSystem/Editor/AssetImporter/InputActionImporter.cs"
"Library/PackageCache/com.unity.inputsystem@7fe8299111a7/InputSystem/Editor/AssetImporter/InputActionImporterEditor.cs"
"Library/PackageCache/com.unity.inputsystem@7fe8299111a7/InputSystem/Editor/BuildPipeline/LinkFileGenerator.cs"
"Library/PackageCache/com.unity.inputsystem@7fe8299111a7/InputSystem/Editor/ControlPicker/IInputControlPickerLayout.cs"
"Library/PackageCache/com.unity.inputsystem@7fe8299111a7/InputSystem/Editor/ControlPicker/InputControlDropdownItem.cs"
"Library/PackageCache/com.unity.inputsystem@7fe8299111a7/InputSystem/Editor/ControlPicker/InputControlPathEditor.cs"
"Library/PackageCache/com.unity.inputsystem@7fe8299111a7/InputSystem/Editor/ControlPicker/InputControlPicker.cs"
"Library/PackageCache/com.unity.inputsystem@7fe8299111a7/InputSystem/Editor/ControlPicker/InputControlPickerDropdown.cs"
"Library/PackageCache/com.unity.inputsystem@7fe8299111a7/InputSystem/Editor/ControlPicker/InputControlPickerState.cs"
"Library/PackageCache/com.unity.inputsystem@7fe8299111a7/InputSystem/Editor/ControlPicker/Layouts/DefaultInputControlPickerLayout.cs"
"Library/PackageCache/com.unity.inputsystem@7fe8299111a7/InputSystem/Editor/ControlPicker/Layouts/TouchscreenControlPickerLayout.cs"
"Library/PackageCache/com.unity.inputsystem@7fe8299111a7/InputSystem/Editor/Debugger/InputActionDebuggerWindow.cs"
"Library/PackageCache/com.unity.inputsystem@7fe8299111a7/InputSystem/Editor/Debugger/InputDebuggerWindow.cs"
"Library/PackageCache/com.unity.inputsystem@7fe8299111a7/InputSystem/Editor/Debugger/InputDeviceDebuggerWindow.cs"
"Library/PackageCache/com.unity.inputsystem@7fe8299111a7/InputSystem/Editor/Debugger/InputLatencyCalculator.cs"
"Library/PackageCache/com.unity.inputsystem@7fe8299111a7/InputSystem/Editor/Debugger/SampleFrequencyCalculator.cs"
"Library/PackageCache/com.unity.inputsystem@7fe8299111a7/InputSystem/Editor/DeviceSimulator/InputSystemPlugin.cs"
"Library/PackageCache/com.unity.inputsystem@7fe8299111a7/InputSystem/Editor/Dialog.cs"
"Library/PackageCache/com.unity.inputsystem@7fe8299111a7/InputSystem/Editor/DownloadableSample.cs"
"Library/PackageCache/com.unity.inputsystem@7fe8299111a7/InputSystem/Editor/EditorInputControlLayoutCache.cs"
"Library/PackageCache/com.unity.inputsystem@7fe8299111a7/InputSystem/Editor/InputAssetEditorUtils.cs"
"Library/PackageCache/com.unity.inputsystem@7fe8299111a7/InputSystem/Editor/InputDiagnostics.cs"
"Library/PackageCache/com.unity.inputsystem@7fe8299111a7/InputSystem/Editor/InputLayoutCodeGenerator.cs"
"Library/PackageCache/com.unity.inputsystem@7fe8299111a7/InputSystem/Editor/InputParameterEditor.cs"
"Library/PackageCache/com.unity.inputsystem@7fe8299111a7/InputSystem/Editor/InputSystemPackageControl.cs"
"Library/PackageCache/com.unity.inputsystem@7fe8299111a7/InputSystem/Editor/InputSystemPluginControl.cs"
"Library/PackageCache/com.unity.inputsystem@7fe8299111a7/InputSystem/Editor/Internal/AdvancedDropdown/AdvancedDropdown.cs"
"Library/PackageCache/com.unity.inputsystem@7fe8299111a7/InputSystem/Editor/Internal/AdvancedDropdown/AdvancedDropdownDataSource.cs"
"Library/PackageCache/com.unity.inputsystem@7fe8299111a7/InputSystem/Editor/Internal/AdvancedDropdown/AdvancedDropdownGUI.cs"
"Library/PackageCache/com.unity.inputsystem@7fe8299111a7/InputSystem/Editor/Internal/AdvancedDropdown/AdvancedDropdownItem.cs"
"Library/PackageCache/com.unity.inputsystem@7fe8299111a7/InputSystem/Editor/Internal/AdvancedDropdown/AdvancedDropdownState.cs"
"Library/PackageCache/com.unity.inputsystem@7fe8299111a7/InputSystem/Editor/Internal/AdvancedDropdown/AdvancedDropdownWindow.cs"
"Library/PackageCache/com.unity.inputsystem@7fe8299111a7/InputSystem/Editor/Internal/AdvancedDropdown/CallbackDataSource.cs"
"Library/PackageCache/com.unity.inputsystem@7fe8299111a7/InputSystem/Editor/Internal/AdvancedDropdown/MultiLevelDataSource.cs"
"Library/PackageCache/com.unity.inputsystem@7fe8299111a7/InputSystem/Editor/Internal/BuildProviderHelpers.cs"
"Library/PackageCache/com.unity.inputsystem@7fe8299111a7/InputSystem/Editor/Internal/EditorHelpers.cs"
"Library/PackageCache/com.unity.inputsystem@7fe8299111a7/InputSystem/Editor/Internal/GUIHelpers.cs"
"Library/PackageCache/com.unity.inputsystem@7fe8299111a7/InputSystem/Editor/Internal/InputActionSerializationHelpers.cs"
"Library/PackageCache/com.unity.inputsystem@7fe8299111a7/InputSystem/Editor/Internal/InputControlTreeView.cs"
"Library/PackageCache/com.unity.inputsystem@7fe8299111a7/InputSystem/Editor/Internal/InputEventTreeView.cs"
"Library/PackageCache/com.unity.inputsystem@7fe8299111a7/InputSystem/Editor/Internal/InputStateWindow.cs"
"Library/PackageCache/com.unity.inputsystem@7fe8299111a7/InputSystem/Editor/Internal/SerializedPropertyHelpers.cs"
"Library/PackageCache/com.unity.inputsystem@7fe8299111a7/InputSystem/Editor/Internal/SerializedPropertyLinqExtensions.cs"
"Library/PackageCache/com.unity.inputsystem@7fe8299111a7/InputSystem/Editor/Internal/TreeViewHelpers.cs"
"Library/PackageCache/com.unity.inputsystem@7fe8299111a7/InputSystem/Editor/ProjectWideActions/ProjectWideActionsAsset.cs"
"Library/PackageCache/com.unity.inputsystem@7fe8299111a7/InputSystem/Editor/ProjectWideActions/ProjectWideActionsBuildProvider.cs"
"Library/PackageCache/com.unity.inputsystem@7fe8299111a7/InputSystem/Editor/PropertyDrawers/GamepadButtonPropertyDrawer.cs"
"Library/PackageCache/com.unity.inputsystem@7fe8299111a7/InputSystem/Editor/PropertyDrawers/InputActionAssetDrawer.cs"
"Library/PackageCache/com.unity.inputsystem@7fe8299111a7/InputSystem/Editor/PropertyDrawers/InputActionAssetSearchProvider.cs"
"Library/PackageCache/com.unity.inputsystem@7fe8299111a7/InputSystem/Editor/PropertyDrawers/InputActionDrawer.cs"
"Library/PackageCache/com.unity.inputsystem@7fe8299111a7/InputSystem/Editor/PropertyDrawers/InputActionDrawerBase.cs"
"Library/PackageCache/com.unity.inputsystem@7fe8299111a7/InputSystem/Editor/PropertyDrawers/InputActionMapDrawer.cs"
"Library/PackageCache/com.unity.inputsystem@7fe8299111a7/InputSystem/Editor/PropertyDrawers/InputActionPropertyDrawer.cs"
"Library/PackageCache/com.unity.inputsystem@7fe8299111a7/InputSystem/Editor/PropertyDrawers/InputActionReferencePropertyDrawer.cs"
"Library/PackageCache/com.unity.inputsystem@7fe8299111a7/InputSystem/Editor/PropertyDrawers/InputActionReferenceSearchProviders.cs"
"Library/PackageCache/com.unity.inputsystem@7fe8299111a7/InputSystem/Editor/PropertyDrawers/InputControlPathDrawer.cs"
"Library/PackageCache/com.unity.inputsystem@7fe8299111a7/InputSystem/Editor/Settings/EditorPlayerSettingHelpers.cs"
"Library/PackageCache/com.unity.inputsystem@7fe8299111a7/InputSystem/Editor/Settings/InputEditorUserSettings.cs"
"Library/PackageCache/com.unity.inputsystem@7fe8299111a7/InputSystem/Editor/Settings/InputSettingsBuildProvider.cs"
"Library/PackageCache/com.unity.inputsystem@7fe8299111a7/InputSystem/Editor/Settings/InputSettingsProvider.cs"
"Library/PackageCache/com.unity.inputsystem@7fe8299111a7/InputSystem/Editor/UITKAssetEditor/Commands/Commands.cs"
"Library/PackageCache/com.unity.inputsystem@7fe8299111a7/InputSystem/Editor/UITKAssetEditor/Commands/ControlSchemeCommands.cs"
"Library/PackageCache/com.unity.inputsystem@7fe8299111a7/InputSystem/Editor/UITKAssetEditor/EnumerableExtensions.cs"
"Library/PackageCache/com.unity.inputsystem@7fe8299111a7/InputSystem/Editor/UITKAssetEditor/ExpressionUtils.cs"
"Library/PackageCache/com.unity.inputsystem@7fe8299111a7/InputSystem/Editor/UITKAssetEditor/InputActionsEditorConstants.cs"
"Library/PackageCache/com.unity.inputsystem@7fe8299111a7/InputSystem/Editor/UITKAssetEditor/InputActionsEditorSettingsProvider.cs"
"Library/PackageCache/com.unity.inputsystem@7fe8299111a7/InputSystem/Editor/UITKAssetEditor/InputActionsEditorState.cs"
"Library/PackageCache/com.unity.inputsystem@7fe8299111a7/InputSystem/Editor/UITKAssetEditor/InputActionsEditorWindow.cs"
"Library/PackageCache/com.unity.inputsystem@7fe8299111a7/InputSystem/Editor/UITKAssetEditor/InputActionsEditorWindowUtils.cs"
"Library/PackageCache/com.unity.inputsystem@7fe8299111a7/InputSystem/Editor/UITKAssetEditor/ReactiveProperty.cs"
"Library/PackageCache/com.unity.inputsystem@7fe8299111a7/InputSystem/Editor/UITKAssetEditor/SerializedInputAction.cs"
"Library/PackageCache/com.unity.inputsystem@7fe8299111a7/InputSystem/Editor/UITKAssetEditor/SerializedInputActionMap.cs"
"Library/PackageCache/com.unity.inputsystem@7fe8299111a7/InputSystem/Editor/UITKAssetEditor/SerializedInputBinding.cs"
"Library/PackageCache/com.unity.inputsystem@7fe8299111a7/InputSystem/Editor/UITKAssetEditor/StateContainer.cs"
"Library/PackageCache/com.unity.inputsystem@7fe8299111a7/InputSystem/Editor/UITKAssetEditor/Views/ActionMapsView.cs"
"Library/PackageCache/com.unity.inputsystem@7fe8299111a7/InputSystem/Editor/UITKAssetEditor/Views/ActionPropertiesView.cs"
"Library/PackageCache/com.unity.inputsystem@7fe8299111a7/InputSystem/Editor/UITKAssetEditor/Views/ActionsTreeView.cs"
"Library/PackageCache/com.unity.inputsystem@7fe8299111a7/InputSystem/Editor/UITKAssetEditor/Views/BindingPropertiesView.cs"
"Library/PackageCache/com.unity.inputsystem@7fe8299111a7/InputSystem/Editor/UITKAssetEditor/Views/CollectionViewSelectionChangeFilter.cs"
"Library/PackageCache/com.unity.inputsystem@7fe8299111a7/InputSystem/Editor/UITKAssetEditor/Views/CompositeBindingPropertiesView.cs"
"Library/PackageCache/com.unity.inputsystem@7fe8299111a7/InputSystem/Editor/UITKAssetEditor/Views/CompositePartBindingPropertiesView.cs"
"Library/PackageCache/com.unity.inputsystem@7fe8299111a7/InputSystem/Editor/UITKAssetEditor/Views/ContextMenu.cs"
"Library/PackageCache/com.unity.inputsystem@7fe8299111a7/InputSystem/Editor/UITKAssetEditor/Views/ControlSchemesView.cs"
"Library/PackageCache/com.unity.inputsystem@7fe8299111a7/InputSystem/Editor/UITKAssetEditor/Views/CopyPasteHelper.cs"
"Library/PackageCache/com.unity.inputsystem@7fe8299111a7/InputSystem/Editor/UITKAssetEditor/Views/DropManipulator.cs"
"Library/PackageCache/com.unity.inputsystem@7fe8299111a7/InputSystem/Editor/UITKAssetEditor/Views/IViewStateCollection.cs"
"Library/PackageCache/com.unity.inputsystem@7fe8299111a7/InputSystem/Editor/UITKAssetEditor/Views/InputActionMapsTreeViewItem.cs"
"Library/PackageCache/com.unity.inputsystem@7fe8299111a7/InputSystem/Editor/UITKAssetEditor/Views/InputActionsEditorView.cs"
"Library/PackageCache/com.unity.inputsystem@7fe8299111a7/InputSystem/Editor/UITKAssetEditor/Views/InputActionsTreeViewItem.cs"
"Library/PackageCache/com.unity.inputsystem@7fe8299111a7/InputSystem/Editor/UITKAssetEditor/Views/MatchingControlPaths.cs"
"Library/PackageCache/com.unity.inputsystem@7fe8299111a7/InputSystem/Editor/UITKAssetEditor/Views/NameAndParametersListView.cs"
"Library/PackageCache/com.unity.inputsystem@7fe8299111a7/InputSystem/Editor/UITKAssetEditor/Views/PropertiesView.cs"
"Library/PackageCache/com.unity.inputsystem@7fe8299111a7/InputSystem/Editor/UITKAssetEditor/Views/Selectors.cs"
"Library/PackageCache/com.unity.inputsystem@7fe8299111a7/InputSystem/Editor/UITKAssetEditor/Views/ViewBase.cs"
"Library/PackageCache/com.unity.inputsystem@7fe8299111a7/InputSystem/Editor/UITKAssetEditor/Views/ViewStateCollection.cs"
"Library/PackageCache/com.unity.inputsystem@7fe8299111a7/InputSystem/Editor/UITKAssetEditor/Views/VisualElementExtensions.cs"
"Library/PackageCache/com.unity.inputsystem@7fe8299111a7/InputSystem/Events/ActionEvent.cs"
"Library/PackageCache/com.unity.inputsystem@7fe8299111a7/InputSystem/Events/DeltaStateEvent.cs"
"Library/PackageCache/com.unity.inputsystem@7fe8299111a7/InputSystem/Events/DeviceConfigurationEvent.cs"
"Library/PackageCache/com.unity.inputsystem@7fe8299111a7/InputSystem/Events/DeviceRemoveEvent.cs"
"Library/PackageCache/com.unity.inputsystem@7fe8299111a7/InputSystem/Events/DeviceResetEvent.cs"
"Library/PackageCache/com.unity.inputsystem@7fe8299111a7/InputSystem/Events/IInputEventTypeInfo.cs"
"Library/PackageCache/com.unity.inputsystem@7fe8299111a7/InputSystem/Events/IMECompositionEvent.cs"
"Library/PackageCache/com.unity.inputsystem@7fe8299111a7/InputSystem/Events/InputEvent.cs"
"Library/PackageCache/com.unity.inputsystem@7fe8299111a7/InputSystem/Events/InputEventBuffer.cs"
"Library/PackageCache/com.unity.inputsystem@7fe8299111a7/InputSystem/Events/InputEventListener.cs"
"Library/PackageCache/com.unity.inputsystem@7fe8299111a7/InputSystem/Events/InputEventPtr.cs"
"Library/PackageCache/com.unity.inputsystem@7fe8299111a7/InputSystem/Events/InputEventStream.cs"
"Library/PackageCache/com.unity.inputsystem@7fe8299111a7/InputSystem/Events/InputEventTrace.cs"
"Library/PackageCache/com.unity.inputsystem@7fe8299111a7/InputSystem/Events/StateEvent.cs"
"Library/PackageCache/com.unity.inputsystem@7fe8299111a7/InputSystem/Events/TextEvent.cs"
"Library/PackageCache/com.unity.inputsystem@7fe8299111a7/InputSystem/IInputDiagnostics.cs"
"Library/PackageCache/com.unity.inputsystem@7fe8299111a7/InputSystem/IInputRuntime.cs"
"Library/PackageCache/com.unity.inputsystem@7fe8299111a7/InputSystem/InputAnalytics.cs"
"Library/PackageCache/com.unity.inputsystem@7fe8299111a7/InputSystem/InputExtensions.cs"
"Library/PackageCache/com.unity.inputsystem@7fe8299111a7/InputSystem/InputFeatureNames.cs"
"Library/PackageCache/com.unity.inputsystem@7fe8299111a7/InputSystem/InputManager.cs"
"Library/PackageCache/com.unity.inputsystem@7fe8299111a7/InputSystem/InputManagerStateMonitors.cs"
"Library/PackageCache/com.unity.inputsystem@7fe8299111a7/InputSystem/InputMetrics.cs"
"Library/PackageCache/com.unity.inputsystem@7fe8299111a7/InputSystem/InputSettings.cs"
"Library/PackageCache/com.unity.inputsystem@7fe8299111a7/InputSystem/InputSystem.cs"
"Library/PackageCache/com.unity.inputsystem@7fe8299111a7/InputSystem/InputSystemObject.cs"
"Library/PackageCache/com.unity.inputsystem@7fe8299111a7/InputSystem/InputUpdateType.cs"
"Library/PackageCache/com.unity.inputsystem@7fe8299111a7/InputSystem/NativeInputRuntime.cs"
"Library/PackageCache/com.unity.inputsystem@7fe8299111a7/InputSystem/Plugins/Android/AndroidAxis.cs"
"Library/PackageCache/com.unity.inputsystem@7fe8299111a7/InputSystem/Plugins/Android/AndroidGameController.cs"
"Library/PackageCache/com.unity.inputsystem@7fe8299111a7/InputSystem/Plugins/Android/AndroidKeyCode.cs"
"Library/PackageCache/com.unity.inputsystem@7fe8299111a7/InputSystem/Plugins/Android/AndroidSensors.cs"
"Library/PackageCache/com.unity.inputsystem@7fe8299111a7/InputSystem/Plugins/Android/AndroidSupport.cs"
"Library/PackageCache/com.unity.inputsystem@7fe8299111a7/InputSystem/Plugins/DualShock/DualShockGamepad.cs"
"Library/PackageCache/com.unity.inputsystem@7fe8299111a7/InputSystem/Plugins/DualShock/DualShockGamepadHID.cs"
"Library/PackageCache/com.unity.inputsystem@7fe8299111a7/InputSystem/Plugins/DualShock/DualShockSupport.cs"
"Library/PackageCache/com.unity.inputsystem@7fe8299111a7/InputSystem/Plugins/DualShock/IDualShockHaptics.cs"
"Library/PackageCache/com.unity.inputsystem@7fe8299111a7/InputSystem/Plugins/EnhancedTouch/EnhancedTouchSupport.cs"
"Library/PackageCache/com.unity.inputsystem@7fe8299111a7/InputSystem/Plugins/EnhancedTouch/Finger.cs"
"Library/PackageCache/com.unity.inputsystem@7fe8299111a7/InputSystem/Plugins/EnhancedTouch/Touch.cs"
"Library/PackageCache/com.unity.inputsystem@7fe8299111a7/InputSystem/Plugins/EnhancedTouch/TouchHistory.cs"
"Library/PackageCache/com.unity.inputsystem@7fe8299111a7/InputSystem/Plugins/EnhancedTouch/TouchSimulation.cs"
"Library/PackageCache/com.unity.inputsystem@7fe8299111a7/InputSystem/Plugins/HID/HID.cs"
"Library/PackageCache/com.unity.inputsystem@7fe8299111a7/InputSystem/Plugins/HID/HIDDescriptorWindow.cs"
"Library/PackageCache/com.unity.inputsystem@7fe8299111a7/InputSystem/Plugins/HID/HIDParser.cs"
"Library/PackageCache/com.unity.inputsystem@7fe8299111a7/InputSystem/Plugins/HID/HIDSupport.cs"
"Library/PackageCache/com.unity.inputsystem@7fe8299111a7/InputSystem/Plugins/Linux/LinuxSupport.cs"
"Library/PackageCache/com.unity.inputsystem@7fe8299111a7/InputSystem/Plugins/Linux/SDLDeviceBuilder.cs"
"Library/PackageCache/com.unity.inputsystem@7fe8299111a7/InputSystem/Plugins/OSX/OSXGameController.cs"
"Library/PackageCache/com.unity.inputsystem@7fe8299111a7/InputSystem/Plugins/OSX/OSXSupport.cs"
"Library/PackageCache/com.unity.inputsystem@7fe8299111a7/InputSystem/Plugins/OnScreen/OnScreenButton.cs"
"Library/PackageCache/com.unity.inputsystem@7fe8299111a7/InputSystem/Plugins/OnScreen/OnScreenControl.cs"
"Library/PackageCache/com.unity.inputsystem@7fe8299111a7/InputSystem/Plugins/OnScreen/OnScreenStick.cs"
"Library/PackageCache/com.unity.inputsystem@7fe8299111a7/InputSystem/Plugins/OnScreen/OnScreenSupport.cs"
"Library/PackageCache/com.unity.inputsystem@7fe8299111a7/InputSystem/Plugins/PlayerInput/DefaultInputActions.cs"
"Library/PackageCache/com.unity.inputsystem@7fe8299111a7/InputSystem/Plugins/PlayerInput/InputValue.cs"
"Library/PackageCache/com.unity.inputsystem@7fe8299111a7/InputSystem/Plugins/PlayerInput/PlayerInput.cs"
"Library/PackageCache/com.unity.inputsystem@7fe8299111a7/InputSystem/Plugins/PlayerInput/PlayerInputEditor.cs"
"Library/PackageCache/com.unity.inputsystem@7fe8299111a7/InputSystem/Plugins/PlayerInput/PlayerInputManager.cs"
"Library/PackageCache/com.unity.inputsystem@7fe8299111a7/InputSystem/Plugins/PlayerInput/PlayerInputManagerEditor.cs"
"Library/PackageCache/com.unity.inputsystem@7fe8299111a7/InputSystem/Plugins/PlayerInput/PlayerJoinBehavior.cs"
"Library/PackageCache/com.unity.inputsystem@7fe8299111a7/InputSystem/Plugins/PlayerInput/PlayerNotifications.cs"
"Library/PackageCache/com.unity.inputsystem@7fe8299111a7/InputSystem/Plugins/Steam/IStreamControllerAPI.cs"
"Library/PackageCache/com.unity.inputsystem@7fe8299111a7/InputSystem/Plugins/Steam/SteamController.cs"
"Library/PackageCache/com.unity.inputsystem@7fe8299111a7/InputSystem/Plugins/Steam/SteamControllerType.cs"
"Library/PackageCache/com.unity.inputsystem@7fe8299111a7/InputSystem/Plugins/Steam/SteamHandle.cs"
"Library/PackageCache/com.unity.inputsystem@7fe8299111a7/InputSystem/Plugins/Steam/SteamIGAConverter.cs"
"Library/PackageCache/com.unity.inputsystem@7fe8299111a7/InputSystem/Plugins/Steam/SteamSupport.cs"
"Library/PackageCache/com.unity.inputsystem@7fe8299111a7/InputSystem/Plugins/Switch/SwitchProControllerHID.cs"
"Library/PackageCache/com.unity.inputsystem@7fe8299111a7/InputSystem/Plugins/Switch/SwitchSupportHID.cs"
"Library/PackageCache/com.unity.inputsystem@7fe8299111a7/InputSystem/Plugins/UI/BaseInputOverride.cs"
"Library/PackageCache/com.unity.inputsystem@7fe8299111a7/InputSystem/Plugins/UI/ExtendedAxisEventData.cs"
"Library/PackageCache/com.unity.inputsystem@7fe8299111a7/InputSystem/Plugins/UI/ExtendedPointerEventData.cs"
"Library/PackageCache/com.unity.inputsystem@7fe8299111a7/InputSystem/Plugins/UI/ExtendedSubmitCancelEventData.cs"
"Library/PackageCache/com.unity.inputsystem@7fe8299111a7/InputSystem/Plugins/UI/INavigationEventData.cs"
"Library/PackageCache/com.unity.inputsystem@7fe8299111a7/InputSystem/Plugins/UI/InputSystemUIInputModule.cs"
"Library/PackageCache/com.unity.inputsystem@7fe8299111a7/InputSystem/Plugins/UI/InputSystemUIInputModuleEditor.cs"
"Library/PackageCache/com.unity.inputsystem@7fe8299111a7/InputSystem/Plugins/UI/MultiplayerEventSystem.cs"
"Library/PackageCache/com.unity.inputsystem@7fe8299111a7/InputSystem/Plugins/UI/NavigationModel.cs"
"Library/PackageCache/com.unity.inputsystem@7fe8299111a7/InputSystem/Plugins/UI/PointerModel.cs"
"Library/PackageCache/com.unity.inputsystem@7fe8299111a7/InputSystem/Plugins/UI/StandaloneInputModuleEditor.cs"
"Library/PackageCache/com.unity.inputsystem@7fe8299111a7/InputSystem/Plugins/UI/TrackedDeviceRaycaster.cs"
"Library/PackageCache/com.unity.inputsystem@7fe8299111a7/InputSystem/Plugins/UI/UISupport.cs"
"Library/PackageCache/com.unity.inputsystem@7fe8299111a7/InputSystem/Plugins/UI/VirtualMouseInput.cs"
"Library/PackageCache/com.unity.inputsystem@7fe8299111a7/InputSystem/Plugins/UnityRemote/UnityRemoteSupport.cs"
"Library/PackageCache/com.unity.inputsystem@7fe8299111a7/InputSystem/Plugins/Users/InputUser.cs"
"Library/PackageCache/com.unity.inputsystem@7fe8299111a7/InputSystem/Plugins/Users/InputUserAccountHandle.cs"
"Library/PackageCache/com.unity.inputsystem@7fe8299111a7/InputSystem/Plugins/Users/InputUserChange.cs"
"Library/PackageCache/com.unity.inputsystem@7fe8299111a7/InputSystem/Plugins/Users/InputUserPairingOptions.cs"
"Library/PackageCache/com.unity.inputsystem@7fe8299111a7/InputSystem/Plugins/Users/InputUserSettings.cs"
"Library/PackageCache/com.unity.inputsystem@7fe8299111a7/InputSystem/Plugins/WebGL/WebGLGamepad.cs"
"Library/PackageCache/com.unity.inputsystem@7fe8299111a7/InputSystem/Plugins/WebGL/WebGLJoystick.cs"
"Library/PackageCache/com.unity.inputsystem@7fe8299111a7/InputSystem/Plugins/WebGL/WebGLSupport.cs"
"Library/PackageCache/com.unity.inputsystem@7fe8299111a7/InputSystem/Plugins/XInput/IXboxOneRumble.cs"
"Library/PackageCache/com.unity.inputsystem@7fe8299111a7/InputSystem/Plugins/XInput/XInputController.cs"
"Library/PackageCache/com.unity.inputsystem@7fe8299111a7/InputSystem/Plugins/XInput/XInputControllerWindows.cs"
"Library/PackageCache/com.unity.inputsystem@7fe8299111a7/InputSystem/Plugins/XInput/XInputSupport.cs"
"Library/PackageCache/com.unity.inputsystem@7fe8299111a7/InputSystem/Plugins/XInput/XboxGamepadMacOS.cs"
"Library/PackageCache/com.unity.inputsystem@7fe8299111a7/InputSystem/Plugins/XR/Controls/PoseControl.cs"
"Library/PackageCache/com.unity.inputsystem@7fe8299111a7/InputSystem/Plugins/XR/Devices/GoogleVR.cs"
"Library/PackageCache/com.unity.inputsystem@7fe8299111a7/InputSystem/Plugins/XR/Devices/Oculus.cs"
"Library/PackageCache/com.unity.inputsystem@7fe8299111a7/InputSystem/Plugins/XR/Devices/OpenVR.cs"
"Library/PackageCache/com.unity.inputsystem@7fe8299111a7/InputSystem/Plugins/XR/Devices/WindowsMR.cs"
"Library/PackageCache/com.unity.inputsystem@7fe8299111a7/InputSystem/Plugins/XR/GenericXRDevice.cs"
"Library/PackageCache/com.unity.inputsystem@7fe8299111a7/InputSystem/Plugins/XR/Haptics/BufferedRumble.cs"
"Library/PackageCache/com.unity.inputsystem@7fe8299111a7/InputSystem/Plugins/XR/Haptics/GetCurrentHapticStateCommand.cs"
"Library/PackageCache/com.unity.inputsystem@7fe8299111a7/InputSystem/Plugins/XR/Haptics/GetHapticCapabilitiesCommand.cs"
"Library/PackageCache/com.unity.inputsystem@7fe8299111a7/InputSystem/Plugins/XR/Haptics/SendBufferedHapticsCommand.cs"
"Library/PackageCache/com.unity.inputsystem@7fe8299111a7/InputSystem/Plugins/XR/Haptics/SendHapticImpulseCommand.cs"
"Library/PackageCache/com.unity.inputsystem@7fe8299111a7/InputSystem/Plugins/XR/TrackedPoseDriver.cs"
"Library/PackageCache/com.unity.inputsystem@7fe8299111a7/InputSystem/Plugins/XR/XRLayoutBuilder.cs"
"Library/PackageCache/com.unity.inputsystem@7fe8299111a7/InputSystem/Plugins/XR/XRSupport.cs"
"Library/PackageCache/com.unity.inputsystem@7fe8299111a7/InputSystem/Plugins/iOS/IOSGameController.cs"
"Library/PackageCache/com.unity.inputsystem@7fe8299111a7/InputSystem/Plugins/iOS/InputSettingsiOS.cs"
"Library/PackageCache/com.unity.inputsystem@7fe8299111a7/InputSystem/Plugins/iOS/InputSettingsiOSProvider.cs"
"Library/PackageCache/com.unity.inputsystem@7fe8299111a7/InputSystem/Plugins/iOS/iOSPostProcessBuild.cs"
"Library/PackageCache/com.unity.inputsystem@7fe8299111a7/InputSystem/Plugins/iOS/iOSStepCounter.cs"
"Library/PackageCache/com.unity.inputsystem@7fe8299111a7/InputSystem/Plugins/iOS/iOSSupport.cs"
"Library/PackageCache/com.unity.inputsystem@7fe8299111a7/InputSystem/State/IInputStateCallbackReceiver.cs"
"Library/PackageCache/com.unity.inputsystem@7fe8299111a7/InputSystem/State/IInputStateChangeMonitor.cs"
"Library/PackageCache/com.unity.inputsystem@7fe8299111a7/InputSystem/State/IInputStateTypeInfo.cs"
"Library/PackageCache/com.unity.inputsystem@7fe8299111a7/InputSystem/State/InputState.cs"
"Library/PackageCache/com.unity.inputsystem@7fe8299111a7/InputSystem/State/InputStateBlock.cs"
"Library/PackageCache/com.unity.inputsystem@7fe8299111a7/InputSystem/State/InputStateBuffers.cs"
"Library/PackageCache/com.unity.inputsystem@7fe8299111a7/InputSystem/State/InputStateHistory.cs"
"Library/PackageCache/com.unity.inputsystem@7fe8299111a7/InputSystem/Utilities/ArrayHelpers.cs"
"Library/PackageCache/com.unity.inputsystem@7fe8299111a7/InputSystem/Utilities/CSharpCodeHelpers.cs"
"Library/PackageCache/com.unity.inputsystem@7fe8299111a7/InputSystem/Utilities/CallbackArray.cs"
"Library/PackageCache/com.unity.inputsystem@7fe8299111a7/InputSystem/Utilities/Comparers.cs"
"Library/PackageCache/com.unity.inputsystem@7fe8299111a7/InputSystem/Utilities/DelegateHelpers.cs"
"Library/PackageCache/com.unity.inputsystem@7fe8299111a7/InputSystem/Utilities/DisplayStringFormatAttribute.cs"
"Library/PackageCache/com.unity.inputsystem@7fe8299111a7/InputSystem/Utilities/DynamicBitfield.cs"
"Library/PackageCache/com.unity.inputsystem@7fe8299111a7/InputSystem/Utilities/ExceptionHelpers.cs"
"Library/PackageCache/com.unity.inputsystem@7fe8299111a7/InputSystem/Utilities/FourCC.cs"
"Library/PackageCache/com.unity.inputsystem@7fe8299111a7/InputSystem/Utilities/InlinedArray.cs"
"Library/PackageCache/com.unity.inputsystem@7fe8299111a7/InputSystem/Utilities/InternedString.cs"
"Library/PackageCache/com.unity.inputsystem@7fe8299111a7/InputSystem/Utilities/JsonParser.cs"
"Library/PackageCache/com.unity.inputsystem@7fe8299111a7/InputSystem/Utilities/MemoryHelpers.cs"
"Library/PackageCache/com.unity.inputsystem@7fe8299111a7/InputSystem/Utilities/MiscHelpers.cs"
"Library/PackageCache/com.unity.inputsystem@7fe8299111a7/InputSystem/Utilities/NameAndParameters.cs"
"Library/PackageCache/com.unity.inputsystem@7fe8299111a7/InputSystem/Utilities/NamedValue.cs"
"Library/PackageCache/com.unity.inputsystem@7fe8299111a7/InputSystem/Utilities/NumberHelpers.cs"
"Library/PackageCache/com.unity.inputsystem@7fe8299111a7/InputSystem/Utilities/Observables/ForDeviceEventObservable.cs"
"Library/PackageCache/com.unity.inputsystem@7fe8299111a7/InputSystem/Utilities/Observables/Observable.cs"
"Library/PackageCache/com.unity.inputsystem@7fe8299111a7/InputSystem/Utilities/Observables/Observer.cs"
"Library/PackageCache/com.unity.inputsystem@7fe8299111a7/InputSystem/Utilities/Observables/SelectManyObservable.cs"
"Library/PackageCache/com.unity.inputsystem@7fe8299111a7/InputSystem/Utilities/Observables/SelectObservable.cs"
"Library/PackageCache/com.unity.inputsystem@7fe8299111a7/InputSystem/Utilities/Observables/TakeNObservable.cs"
"Library/PackageCache/com.unity.inputsystem@7fe8299111a7/InputSystem/Utilities/Observables/WhereObservable.cs"
"Library/PackageCache/com.unity.inputsystem@7fe8299111a7/InputSystem/Utilities/OneOrMore.cs"
"Library/PackageCache/com.unity.inputsystem@7fe8299111a7/InputSystem/Utilities/PredictiveParser.cs"
"Library/PackageCache/com.unity.inputsystem@7fe8299111a7/InputSystem/Utilities/PrimitiveValue.cs"
"Library/PackageCache/com.unity.inputsystem@7fe8299111a7/InputSystem/Utilities/ReadOnlyArray.cs"
"Library/PackageCache/com.unity.inputsystem@7fe8299111a7/InputSystem/Utilities/SavedState.cs"
"Library/PackageCache/com.unity.inputsystem@7fe8299111a7/InputSystem/Utilities/SpriteUtilities.cs"
"Library/PackageCache/com.unity.inputsystem@7fe8299111a7/InputSystem/Utilities/StringHelpers.cs"
"Library/PackageCache/com.unity.inputsystem@7fe8299111a7/InputSystem/Utilities/Substring.cs"
"Library/PackageCache/com.unity.inputsystem@7fe8299111a7/InputSystem/Utilities/TypeHelpers.cs"
"Library/PackageCache/com.unity.inputsystem@7fe8299111a7/InputSystem/Utilities/TypeTable.cs"
-langversion:9.0
/unsafe+
/deterministic
/optimize+
/debug:portable
/nologo
/RuntimeMetadataVersion:v4.0.30319
/nowarn:0169
/nowarn:0649
/nowarn:0282
/nowarn:1701
/nowarn:1702
/utf8output
/preferreduilang:en-US
-warn:0
/additionalfile:"Library/Bee/artifacts/1900b0aE.dag/Unity.InputSystem.UnityAdditionalFile.txt"
##### Custom Environment Variables
DOTNET_HOST_PATH=C:\Program Files\Unity\Hub\Editor\6000.5.5f1\Editor\Data\DotNetSdk\dotnet.exe
DOTNET_MULTILEVEL_LOOKUP=0
##### ExitCode
1
##### Output
Library\PackageCache\com.unity.inputsystem@7fe8299111a7\InputSystem\Plugins\HID\HIDDescriptorWindow.cs(95,34): error CS0619: 'TreeViewState' is obsolete: 'TreeViewState is now deprecated. You can likely now use TreeViewState<int> instead and not think more about it. But if you were using that identifier to store InstanceID data, you should instead opt to upgrade your TreeViews to use TreeViewState<InstanceID> to get the proper typing.'

Library\PackageCache\com.unity.inputsystem@7fe8299111a7\InputSystem\Plugins\HID\HIDDescriptorWindow.cs(113,47): error CS0619: 'TreeView' is obsolete: 'TreeView is now deprecated. You can likely now use TreeView<int> instead and not think more about it. But if you were using that identifier to store InstanceID data, you should instead opt to upgrade your TreeViews to use TreeView<InstanceID> to get the proper typing.'

Library\PackageCache\com.unity.inputsystem@7fe8299111a7\InputSystem\Plugins\HID\HIDDescriptorWindow.cs(117,42): error CS0619: 'TreeViewState' is obsolete: 'TreeViewState is now deprecated. You can likely now use TreeViewState<int> instead and not think more about it. But if you were using that identifier to store InstanceID data, you should instead opt to upgrade your TreeViews to use TreeViewState<InstanceID> to get the proper typing.'

Library\PackageCache\com.unity.inputsystem@7fe8299111a7\InputSystem\Plugins\HID\HIDDescriptorWindow.cs(124,32): error CS0619: 'TreeViewItem' is obsolete: 'TreeViewItem is now deprecated. You can likely now use TreeViewItem<int> instead and not think more about it. But if you were using that identifier to store InstanceID data, you should instead opt to upgrade your TreeViews to use TreeViewItem<InstanceID> to get the proper typing.'

Library\PackageCache\com.unity.inputsystem@7fe8299111a7\InputSystem\Plugins\HID\HIDDescriptorWindow.cs(140,21): error CS0619: 'TreeViewItem' is obsolete: 'TreeViewItem is now deprecated. You can likely now use TreeViewItem<int> instead and not think more about it. But if you were using that identifier to store InstanceID data, you should instead opt to upgrade your TreeViews to use TreeViewItem<InstanceID> to get the proper typing.'

Library\PackageCache\com.unity.inputsystem@7fe8299111a7\InputSystem\Plugins\HID\HIDDescriptorWindow.cs(173,62): error CS0619: 'TreeViewItem' is obsolete: 'TreeViewItem is now deprecated. You can likely now use TreeViewItem<int> instead and not think more about it. But if you were using that identifier to store InstanceID data, you should instead opt to upgrade your TreeViews to use TreeViewItem<InstanceID> to get the proper typing.'

Library\PackageCache\com.unity.inputsystem@7fe8299111a7\InputSystem\Plugins\HID\HIDDescriptorWindow.cs(173,21): error CS0619: 'TreeViewItem' is obsolete: 'TreeViewItem is now deprecated. You can likely now use TreeViewItem<int> instead and not think more about it. But if you were using that identifier to store InstanceID data, you should instead opt to upgrade your TreeViews to use TreeViewItem<InstanceID> to get the proper typing.'

Library\PackageCache\com.unity.inputsystem@7fe8299111a7\InputSystem\Plugins\HID\HIDDescriptorWindow.cs(208,43): error CS0619: 'TreeViewItem' is obsolete: 'TreeViewItem is now deprecated. You can likely now use TreeViewItem<int> instead and not think more about it. But if you were using that identifier to store InstanceID data, you should instead opt to upgrade your TreeViews to use TreeViewItem<InstanceID> to get the proper typing.'

Library\PackageCache\com.unity.inputsystem@7fe8299111a7\InputSystem\Plugins\HID\HIDDescriptorWindow.cs(208,21): error CS0619: 'TreeViewItem' is obsolete: 'TreeViewItem is now deprecated. You can likely now use TreeViewItem<int> instead and not think more about it. But if you were using that identifier to store InstanceID data, you should instead opt to upgrade your TreeViews to use TreeViewItem<InstanceID> to get the proper typing.'

Library\PackageCache\com.unity.inputsystem@7fe8299111a7\InputSystem\Editor\AssetEditor\InputActionTreeViewItems.cs(15,50): error CS0619: 'TreeViewItem' is obsolete: 'TreeViewItem is now deprecated. You can likely now use TreeViewItem<int> instead and not think more about it. But if you were using that identifier to store InstanceID data, you should instead opt to upgrade your TreeViews to use TreeViewItem<InstanceID> to get the proper typing.'

Library\PackageCache\com.unity.inputsystem@7fe8299111a7\InputSystem\Editor\AssetEditor\InputActionEditorWindow.cs(696,52): error CS0619: 'TreeView' is obsolete: 'TreeView is now deprecated. You can likely now use TreeView<int> instead and not think more about it. But if you were using that identifier to store InstanceID data, you should instead opt to upgrade your TreeViews to use TreeView<InstanceID> to get the proper typing.'

Library\PackageCache\com.unity.inputsystem@7fe8299111a7\InputSystem\Editor\AssetEditor\InputActionEditorWindow.cs(821,34): error CS0619: 'TreeViewState' is obsolete: 'TreeViewState is now deprecated. You can likely now use TreeViewState<int> instead and not think more about it. But if you were using that identifier to store InstanceID data, you should instead opt to upgrade your TreeViews to use TreeViewState<InstanceID> to get the proper typing.'

Library\PackageCache\com.unity.inputsystem@7fe8299111a7\InputSystem\Editor\AssetEditor\InputActionEditorWindow.cs(822,34): error CS0619: 'TreeViewState' is obsolete: 'TreeViewState is now deprecated. You can likely now use TreeViewState<int> instead and not think more about it. But if you were using that identifier to store InstanceID data, you should instead opt to upgrade your TreeViews to use TreeViewState<InstanceID> to get the proper typing.'

Library\PackageCache\com.unity.inputsystem@7fe8299111a7\InputSystem\Editor\AssetEditor\InputActionTreeViewItems.cs(177,47): error CS0619: 'TreeViewItem' is obsolete: 'TreeViewItem is now deprecated. You can likely now use TreeViewItem<int> instead and not think more about it. But if you were using that identifier to store InstanceID data, you should instead opt to upgrade your TreeViews to use TreeViewItem<InstanceID> to get the proper typing.'

Library\PackageCache\com.unity.inputsystem@7fe8299111a7\InputSystem\Editor\AssetEditor\InputActionTreeViewItems.cs(188,34): error CS0619: 'TreeViewItem' is obsolete: 'TreeViewItem is now deprecated. You can likely now use TreeViewItem<int> instead and not think more about it. But if you were using that identifier to store InstanceID data, you should instead opt to upgrade your TreeViews to use TreeViewItem<InstanceID> to get the proper typing.'

Library\PackageCache\com.unity.inputsystem@7fe8299111a7\InputSystem\Editor\AssetEditor\InputActionTreeViewItems.cs(198,35): error CS0619: 'TreeViewItem' is obsolete: 'TreeViewItem is now deprecated. You can likely now use TreeViewItem<int> instead and not think more about it. But if you were using that identifier to store InstanceID data, you should instead opt to upgrade your TreeViews to use TreeViewItem<InstanceID> to get the proper typing.'

Library\PackageCache\com.unity.inputsystem@7fe8299111a7\InputSystem\Editor\AssetEditor\InputActionTreeViewItems.cs(193,45): error CS0619: 'TreeViewItem' is obsolete: 'TreeViewItem is now deprecated. You can likely now use TreeViewItem<int> instead and not think more about it. But if you were using that identifier to store InstanceID data, you should instead opt to upgrade your TreeViews to use TreeViewItem<InstanceID> to get the proper typing.'

Library\PackageCache\com.unity.inputsystem@7fe8299111a7\InputSystem\Editor\AssetEditor\InputActionTreeViewItems.cs(213,53): error CS0619: 'TreeViewItem' is obsolete: 'TreeViewItem is now deprecated. You can likely now use TreeViewItem<int> instead and not think more about it. But if you were using that identifier to store InstanceID data, you should instead opt to upgrade your TreeViews to use TreeViewItem<InstanceID> to get the proper typing.'

Library\PackageCache\com.unity.inputsystem@7fe8299111a7\InputSystem\Editor\AssetEditor\InputActionTreeViewItems.cs(312,44): error CS0619: 'TreeViewItem' is obsolete: 'TreeViewItem is now deprecated. You can likely now use TreeViewItem<int> instead and not think more about it. But if you were using that identifier to store InstanceID data, you should instead opt to upgrade your TreeViews to use TreeViewItem<InstanceID> to get the proper typing.'

Library\PackageCache\com.unity.inputsystem@7fe8299111a7\InputSystem\Editor\AssetEditor\InputActionTreeViewItems.cs(326,35): error CS0619: 'TreeViewItem' is obsolete: 'TreeViewItem is now deprecated. You can likely now use TreeViewItem<int> instead and not think more about it. But if you were using that identifier to store InstanceID data, you should instead opt to upgrade your TreeViews to use TreeViewItem<InstanceID> to get the proper typing.'

Library\PackageCache\com.unity.inputsystem@7fe8299111a7\InputSystem\Editor\AssetEditor\InputActionTreeViewItems.cs(441,45): error CS0619: 'TreeViewItem' is obsolete: 'TreeViewItem is now deprecated. You can likely now use TreeViewItem<int> instead and not think more about it. But if you were using that identifier to store InstanceID data, you should instead opt to upgrade your TreeViews to use TreeViewItem<InstanceID> to get the proper typing.'

Library\PackageCache\com.unity.inputsystem@7fe8299111a7\InputSystem\Editor\AssetEditor\InputActionTreeView.cs(45,42): error CS0619: 'TreeView' is obsolete: 'TreeView is now deprecated. You can likely now use TreeView<int> instead and not think more about it. But if you were using that identifier to store InstanceID data, you should instead opt to upgrade your TreeViews to use TreeView<InstanceID> to get the proper typing.'

Library\PackageCache\com.unity.inputsystem@7fe8299111a7\InputSystem\Editor\AssetEditor\InputActionTreeViewItems.cs(506,58): error CS0619: 'TreeViewItem' is obsolete: 'TreeViewItem is now deprecated. You can likely now use TreeViewItem<int> instead and not think more about it. But if you were using that identifier to store InstanceID data, you should instead opt to upgrade your TreeViews to use TreeViewItem<InstanceID> to get the proper typing.'

Library\PackageCache\com.unity.inputsystem@7fe8299111a7\InputSystem\Editor\AssetEditor\InputActionTreeViewItems.cs(553,64): error CS0619: 'TreeViewItem' is obsolete: 'TreeViewItem is now deprecated. You can likely now use TreeViewItem<int> instead and not think more about it. But if you were using that identifier to store InstanceID data, you should instead opt to upgrade your TreeViews to use TreeViewItem<InstanceID> to get the proper typing.'

Library\PackageCache\com.unity.inputsystem@7fe8299111a7\InputSystem\Editor\AssetEditor\InputActionTreeView.cs(66,23): error CS0619: 'TreeViewItem' is obsolete: 'TreeViewItem is now deprecated. You can likely now use TreeViewItem<int> instead and not think more about it. But if you were using that identifier to store InstanceID data, you should instead opt to upgrade your TreeViews to use TreeViewItem<InstanceID> to get the proper typing.'

Library\PackageCache\com.unity.inputsystem@7fe8299111a7\InputSystem\Editor\AssetEditor\InputActionTreeView.cs(78,23): error CS0619: 'TreeViewItem' is obsolete: 'TreeViewItem is now deprecated. You can likely now use TreeViewItem<int> instead and not think more about it. But if you were using that identifier to store InstanceID data, you should instead opt to upgrade your TreeViews to use TreeViewItem<InstanceID> to get the proper typing.'

Library\PackageCache\com.unity.inputsystem@7fe8299111a7\InputSystem\Editor\AssetEditor\InputActionTreeView.cs(90,23): error CS0619: 'TreeViewItem' is obsolete: 'TreeViewItem is now deprecated. You can likely now use TreeViewItem<int> instead and not think more about it. But if you were using that identifier to store InstanceID data, you should instead opt to upgrade your TreeViews to use TreeViewItem<InstanceID> to get the proper typing.'

Library\PackageCache\com.unity.inputsystem@7fe8299111a7\InputSystem\Editor\AssetEditor\InputActionTreeView.cs(98,23): error CS0619: 'TreeViewItem' is obsolete: 'TreeViewItem is now deprecated. You can likely now use TreeViewItem<int> instead and not think more about it. But if you were using that identifier to store InstanceID data, you should instead opt to upgrade your TreeViews to use TreeViewItem<InstanceID> to get the proper typing.'

Library\PackageCache\com.unity.inputsystem@7fe8299111a7\InputSystem\Editor\AssetEditor\InputActionTreeView.cs(109,28): error CS0619: 'TreeViewItem' is obsolete: 'TreeViewItem is now deprecated. You can likely now use TreeViewItem<int> instead and not think more about it. But if you were using that identifier to store InstanceID data, you should instead opt to upgrade your TreeViews to use TreeViewItem<InstanceID> to get the proper typing.'

Library\PackageCache\com.unity.inputsystem@7fe8299111a7\InputSystem\Editor\AssetEditor\InputActionTreeView.cs(246,60): error CS0619: 'TreeViewItem' is obsolete: 'TreeViewItem is now deprecated. You can likely now use TreeViewItem<int> instead and not think more about it. But if you were using that identifier to store InstanceID data, you should instead opt to upgrade your TreeViews to use TreeViewItem<InstanceID> to get the proper typing.'

Library\PackageCache\com.unity.inputsystem@7fe8299111a7\InputSystem\Editor\AssetEditor\InputActionTreeView.cs(383,37): error CS0619: 'TreeViewItem' is obsolete: 'TreeViewItem is now deprecated. You can likely now use TreeViewItem<int> instead and not think more about it. But if you were using that identifier to store InstanceID data, you should instead opt to upgrade your TreeViews to use TreeViewItem<InstanceID> to get the proper typing.'

Library\PackageCache\com.unity.inputsystem@7fe8299111a7\InputSystem\Editor\AssetEditor\InputActionTreeView.cs(391,43): error CS0619: 'TreeViewItem' is obsolete: 'TreeViewItem is now deprecated. You can likely now use TreeViewItem<int> instead and not think more about it. But if you were using that identifier to store InstanceID data, you should instead opt to upgrade your TreeViews to use TreeViewItem<InstanceID> to get the proper typing.'

Library\PackageCache\com.unity.inputsystem@7fe8299111a7\InputSystem\Editor\AssetEditor\InputActionTreeView.cs(1368,62): error CS0619: 'TreeViewItem' is obsolete: 'TreeViewItem is now deprecated. You can likely now use TreeViewItem<int> instead and not think more about it. But if you were using that identifier to store InstanceID data, you should instead opt to upgrade your TreeViews to use TreeViewItem<InstanceID> to get the proper typing.'

Library\PackageCache\com.unity.inputsystem@7fe8299111a7\InputSystem\Editor\AssetEditor\InputActionTreeView.cs(1373,70): error CS0619: 'TreeViewItem' is obsolete: 'TreeViewItem is now deprecated. You can likely now use TreeViewItem<int> instead and not think more about it. But if you were using that identifier to store InstanceID data, you should instead opt to upgrade your TreeViews to use TreeViewItem<InstanceID> to get the proper typing.'

Library\PackageCache\com.unity.inputsystem@7fe8299111a7\InputSystem\Editor\AssetEditor\InputActionTreeView.cs(1381,48): error CS0619: 'TreeViewItem' is obsolete: 'TreeViewItem is now deprecated. You can likely now use TreeViewItem<int> instead and not think more about it. But if you were using that identifier to store InstanceID data, you should instead opt to upgrade your TreeViews to use TreeViewItem<InstanceID> to get the proper typing.'

Library\PackageCache\com.unity.inputsystem@7fe8299111a7\InputSystem\Editor\AssetEditor\InputActionTreeView.cs(1438,20): error CS0619: 'TreeViewItem' is obsolete: 'TreeViewItem is now deprecated. You can likely now use TreeViewItem<int> instead and not think more about it. But if you were using that identifier to store InstanceID data, you should instead opt to upgrade your TreeViews to use TreeViewItem<InstanceID> to get the proper typing.'

Library\PackageCache\com.unity.inputsystem@7fe8299111a7\InputSystem\Editor\AssetEditor\InputActionTreeView.cs(1444,21): error CS0619: 'TreeViewItem' is obsolete: 'TreeViewItem is now deprecated. You can likely now use TreeViewItem<int> instead and not think more about it. But if you were using that identifier to store InstanceID data, you should instead opt to upgrade your TreeViews to use TreeViewItem<InstanceID> to get the proper typing.'

Library\PackageCache\com.unity.inputsystem@7fe8299111a7\InputSystem\Editor\AssetEditor\InputActionTreeView.cs(49,71): error CS0619: 'TreeViewState' is obsolete: 'TreeViewState is now deprecated. You can likely now use TreeViewState<int> instead and not think more about it. But if you were using that identifier to store InstanceID data, you should instead opt to upgrade your TreeViews to use TreeViewState<InstanceID> to get the proper typing.'

Library\PackageCache\com.unity.inputsystem@7fe8299111a7\InputSystem\Editor\AssetEditor\InputActionTreeView.cs(731,20): error CS0619: 'TreeViewItem' is obsolete: 'TreeViewItem is now deprecated. You can likely now use TreeViewItem<int> instead and not think more about it. But if you were using that identifier to store InstanceID data, you should instead opt to upgrade your TreeViews to use TreeViewItem<InstanceID> to get the proper typing.'

Library\PackageCache\com.unity.inputsystem@7fe8299111a7\InputSystem\Editor\AssetEditor\InputActionTreeView.cs(1704,44): error CS0619: 'TreeViewItem' is obsolete: 'TreeViewItem is now deprecated. You can likely now use TreeViewItem<int> instead and not think more about it. But if you were using that identifier to store InstanceID data, you should instead opt to upgrade your TreeViews to use TreeViewItem<InstanceID> to get the proper typing.'

Library\PackageCache\com.unity.inputsystem@7fe8299111a7\InputSystem\Editor\Debugger\InputDebuggerWindow.cs(349,34): error CS0619: 'TreeViewState' is obsolete: 'TreeViewState is now deprecated. You can likely now use TreeViewState<int> instead and not think more about it. But if you were using that identifier to store InstanceID data, you should instead opt to upgrade your TreeViews to use TreeViewState<InstanceID> to get the proper typing.'

Library\PackageCache\com.unity.inputsystem@7fe8299111a7\InputSystem\Editor\Debugger\InputDebuggerWindow.cs(395,45): error CS0619: 'TreeView' is obsolete: 'TreeView is now deprecated. You can likely now use TreeView<int> instead and not think more about it. But if you were using that identifier to store InstanceID data, you should instead opt to upgrade your TreeViews to use TreeView<InstanceID> to get the proper typing.'

Library\PackageCache\com.unity.inputsystem@7fe8299111a7\InputSystem\Editor\Debugger\InputDebuggerWindow.cs(397,20): error CS0619: 'TreeViewItem' is obsolete: 'TreeViewItem is now deprecated. You can likely now use TreeViewItem<int> instead and not think more about it. But if you were using that identifier to store InstanceID data, you should instead opt to upgrade your TreeViews to use TreeViewItem<InstanceID> to get the proper typing.'

Library\PackageCache\com.unity.inputsystem@7fe8299111a7\InputSystem\Editor\Debugger\InputDebuggerWindow.cs(398,20): error CS0619: 'TreeViewItem' is obsolete: 'TreeViewItem is now deprecated. You can likely now use TreeViewItem<int> instead and not think more about it. But if you were using that identifier to store InstanceID data, you should instead opt to upgrade your TreeViews to use TreeViewItem<InstanceID> to get the proper typing.'

Library\PackageCache\com.unity.inputsystem@7fe8299111a7\InputSystem\Editor\Debugger\InputDebuggerWindow.cs(399,20): error CS0619: 'TreeViewItem' is obsolete: 'TreeViewItem is now deprecated. You can likely now use TreeViewItem<int> instead and not think more about it. But if you were using that identifier to store InstanceID data, you should instead opt to upgrade your TreeViews to use TreeViewItem<InstanceID> to get the proper typing.'

Library\PackageCache\com.unity.inputsystem@7fe8299111a7\InputSystem\Editor\Debugger\InputDebuggerWindow.cs(400,20): error CS0619: 'TreeViewItem' is obsolete: 'TreeViewItem is now deprecated. You can likely now use TreeViewItem<int> instead and not think more about it. But if you were using that identifier to store InstanceID data, you should instead opt to upgrade your TreeViews to use TreeViewItem<InstanceID> to get the proper typing.'

Library\PackageCache\com.unity.inputsystem@7fe8299111a7\InputSystem\Editor\Debugger\InputDebuggerWindow.cs(401,20): error CS0619: 'TreeViewItem' is obsolete: 'TreeViewItem is now deprecated. You can likely now use TreeViewItem<int> instead and not think more about it. But if you were using that identifier to store InstanceID data, you should instead opt to upgrade your TreeViews to use TreeViewItem<InstanceID> to get the proper typing.'

Library\PackageCache\com.unity.inputsystem@7fe8299111a7\InputSystem\Editor\Debugger\InputDebuggerWindow.cs(402,20): error CS0619: 'TreeViewItem' is obsolete: 'TreeViewItem is now deprecated. You can likely now use TreeViewItem<int> instead and not think more about it. But if you were using that identifier to store InstanceID data, you should instead opt to upgrade your TreeViews to use TreeViewItem<InstanceID> to get the proper typing.'

Library\PackageCache\com.unity.inputsystem@7fe8299111a7\InputSystem\Editor\Debugger\InputDebuggerWindow.cs(404,40): error CS0619: 'TreeViewState' is obsolete: 'TreeViewState is now deprecated. You can likely now use TreeViewState<int> instead and not think more about it. But if you were using that identifier to store InstanceID data, you should instead opt to upgrade your TreeViews to use TreeViewState<InstanceID> to get the proper typing.'

Library\PackageCache\com.unity.inputsystem@7fe8299111a7\InputSystem\Editor\Debugger\InputDebuggerWindow.cs(481,32): error CS0619: 'TreeViewItem' is obsolete: 'TreeViewItem is now deprecated. You can likely now use TreeViewItem<int> instead and not think more about it. But if you were using that identifier to store InstanceID data, you should instead opt to upgrade your TreeViews to use TreeViewItem<InstanceID> to get the proper typing.'

Library\PackageCache\com.unity.inputsystem@7fe8299111a7\InputSystem\Editor\Internal\InputEventTreeView.cs(22,41): error CS0619: 'TreeView' is obsolete: 'TreeView is now deprecated. You can likely now use TreeView<int> instead and not think more about it. But if you were using that identifier to store InstanceID data, you should instead opt to upgrade your TreeViews to use TreeView<InstanceID> to get the proper typing.'

Library\PackageCache\com.unity.inputsystem@7fe8299111a7\InputSystem\Editor\Debugger\InputDebuggerWindow.cs(627,34): error CS0619: 'TreeViewItem' is obsolete: 'TreeViewItem is now deprecated. You can likely now use TreeViewItem<int> instead and not think more about it. But if you were using that identifier to store InstanceID data, you should instead opt to upgrade your TreeViews to use TreeViewItem<InstanceID> to get the proper typing.'

Library\PackageCache\com.unity.inputsystem@7fe8299111a7\InputSystem\Editor\Debugger\InputDebuggerWindow.cs(653,108): error CS0619: 'TreeViewItem' is obsolete: 'TreeViewItem is now deprecated. You can likely now use TreeViewItem<int> instead and not think more about it. But if you were using that identifier to store InstanceID data, you should instead opt to upgrade your TreeViews to use TreeViewItem<InstanceID> to get the proper typing.'

Library\PackageCache\com.unity.inputsystem@7fe8299111a7\InputSystem\Editor\Debugger\InputDebuggerWindow.cs(677,44): error CS0619: 'TreeViewItem' is obsolete: 'TreeViewItem is now deprecated. You can likely now use TreeViewItem<int> instead and not think more about it. But if you were using that identifier to store InstanceID data, you should instead opt to upgrade your TreeViews to use TreeViewItem<InstanceID> to get the proper typing.'

Library\PackageCache\com.unity.inputsystem@7fe8299111a7\InputSystem\Editor\Debugger\InputDebuggerWindow.cs(702,44): error CS0619: 'TreeViewItem' is obsolete: 'TreeViewItem is now deprecated. You can likely now use TreeViewItem<int> instead and not think more about it. But if you were using that identifier to store InstanceID data, you should instead opt to upgrade your TreeViews to use TreeViewItem<InstanceID> to get the proper typing.'

Library\PackageCache\com.unity.inputsystem@7fe8299111a7\InputSystem\Editor\Internal\InputEventTreeView.cs(39,101): error CS0619: 'TreeViewState' is obsolete: 'TreeViewState is now deprecated. You can likely now use TreeViewState<int> instead and not think more about it. But if you were using that identifier to store InstanceID data, you should instead opt to upgrade your TreeViews to use TreeViewState<InstanceID> to get the proper typing.'

Library\PackageCache\com.unity.inputsystem@7fe8299111a7\InputSystem\Editor\Debugger\InputDebuggerWindow.cs(744,82): error CS0619: 'TreeViewItem' is obsolete: 'TreeViewItem is now deprecated. You can likely now use TreeViewItem<int> instead and not think more about it. But if you were using that identifier to store InstanceID data, you should instead opt to upgrade your TreeViews to use TreeViewItem<InstanceID> to get the proper typing.'

Library\PackageCache\com.unity.inputsystem@7fe8299111a7\InputSystem\Editor\Debugger\InputDebuggerWindow.cs(744,21): error CS0619: 'TreeViewItem' is obsolete: 'TreeViewItem is now deprecated. You can likely now use TreeViewItem<int> instead and not think more about it. But if you were using that identifier to store InstanceID data, you should instead opt to upgrade your TreeViews to use TreeViewItem<InstanceID> to get the proper typing.'

Library\PackageCache\com.unity.inputsystem@7fe8299111a7\InputSystem\Editor\Debugger\InputDebuggerWindow.cs(811,81): error CS0619: 'TreeViewItem' is obsolete: 'TreeViewItem is now deprecated. You can likely now use TreeViewItem<int> instead and not think more about it. But if you were using that identifier to store InstanceID data, you should instead opt to upgrade your TreeViews to use TreeViewItem<InstanceID> to get the proper typing.'

Library\PackageCache\com.unity.inputsystem@7fe8299111a7\InputSystem\Editor\Debugger\InputDebuggerWindow.cs(888,47): error CS0619: 'TreeViewItem' is obsolete: 'TreeViewItem is now deprecated. You can likely now use TreeViewItem<int> instead and not think more about it. But if you were using that identifier to store InstanceID data, you should instead opt to upgrade your TreeViews to use TreeViewItem<InstanceID> to get the proper typing.'

Library\PackageCache\com.unity.inputsystem@7fe8299111a7\InputSystem\Editor\Debugger\InputDebuggerWindow.cs(900,44): error CS0619: 'TreeViewItem' is obsolete: 'TreeViewItem is now deprecated. You can likely now use TreeViewItem<int> instead and not think more about it. But if you were using that identifier to store InstanceID data, you should instead opt to upgrade your TreeViews to use TreeViewItem<InstanceID> to get the proper typing.'

Library\PackageCache\com.unity.inputsystem@7fe8299111a7\InputSystem\Editor\Internal\InputEventTreeView.cs(179,28): error CS0619: 'TreeViewItem' is obsolete: 'TreeViewItem is now deprecated. You can likely now use TreeViewItem<int> instead and not think more about it. But if you were using that identifier to store InstanceID data, you should instead opt to upgrade your TreeViews to use TreeViewItem<InstanceID> to get the proper typing.'

Library\PackageCache\com.unity.inputsystem@7fe8299111a7\InputSystem\Editor\Debugger\InputDebuggerWindow.cs(924,47): error CS0619: 'TreeViewItem' is obsolete: 'TreeViewItem is now deprecated. You can likely now use TreeViewItem<int> instead and not think more about it. But if you were using that identifier to store InstanceID data, you should instead opt to upgrade your TreeViews to use TreeViewItem<InstanceID> to get the proper typing.'

Library\PackageCache\com.unity.inputsystem@7fe8299111a7\InputSystem\Editor\Internal\TreeViewHelpers.cs(13,64): error CS0619: 'TreeViewItem' is obsolete: 'TreeViewItem is now deprecated. You can likely now use TreeViewItem<int> instead and not think more about it. But if you were using that identifier to store InstanceID data, you should instead opt to upgrade your TreeViews to use TreeViewItem<InstanceID> to get the proper typing.'

Library\PackageCache\com.unity.inputsystem@7fe8299111a7\InputSystem\Editor\Debugger\InputDebuggerWindow.cs(980,43): error CS0619: 'TreeViewItem' is obsolete: 'TreeViewItem is now deprecated. You can likely now use TreeViewItem<int> instead and not think more about it. But if you were using that identifier to store InstanceID data, you should instead opt to upgrade your TreeViews to use TreeViewItem<InstanceID> to get the proper typing.'

Library\PackageCache\com.unity.inputsystem@7fe8299111a7\InputSystem\Editor\Debugger\InputDebuggerWindow.cs(980,21): error CS0619: 'TreeViewItem' is obsolete: 'TreeViewItem is now deprecated. You can likely now use TreeViewItem<int> instead and not think more about it. But if you were using that identifier to store InstanceID data, you should instead opt to upgrade your TreeViews to use TreeViewItem<InstanceID> to get the proper typing.'

Library\PackageCache\com.unity.inputsystem@7fe8299111a7\InputSystem\Editor\Internal\TreeViewHelpers.cs(26,44): error CS0619: 'TreeViewItem' is obsolete: 'TreeViewItem is now deprecated. You can likely now use TreeViewItem<int> instead and not think more about it. But if you were using that identifier to store InstanceID data, you should instead opt to upgrade your TreeViews to use TreeViewItem<InstanceID> to get the proper typing.'

Library\PackageCache\com.unity.inputsystem@7fe8299111a7\InputSystem\Editor\Internal\TreeViewHelpers.cs(26,65): error CS0619: 'TreeViewItem' is obsolete: 'TreeViewItem is now deprecated. You can likely now use TreeViewItem<int> instead and not think more about it. But if you were using that identifier to store InstanceID data, you should instead opt to upgrade your TreeViews to use TreeViewItem<InstanceID> to get the proper typing.'

Library\PackageCache\com.unity.inputsystem@7fe8299111a7\InputSystem\Editor\Internal\TreeViewHelpers.cs(41,48): error CS0619: 'TreeView' is obsolete: 'TreeView is now deprecated. You can likely now use TreeView<int> instead and not think more about it. But if you were using that identifier to store InstanceID data, you should instead opt to upgrade your TreeViews to use TreeView<InstanceID> to get the proper typing.'

Library\PackageCache\com.unity.inputsystem@7fe8299111a7\InputSystem\Editor\Internal\TreeViewHelpers.cs(41,67): error CS0619: 'TreeViewItem' is obsolete: 'TreeViewItem is now deprecated. You can likely now use TreeViewItem<int> instead and not think more about it. But if you were using that identifier to store InstanceID data, you should instead opt to upgrade your TreeViews to use TreeViewItem<InstanceID> to get the proper typing.'

Library\PackageCache\com.unity.inputsystem@7fe8299111a7\InputSystem\Editor\Internal\TreeViewHelpers.cs(14,27): error CS0619: 'TreeViewItem' is obsolete: 'TreeViewItem is now deprecated. You can likely now use TreeViewItem<int> instead and not think more about it. But if you were using that identifier to store InstanceID data, you should instead opt to upgrade your TreeViews to use TreeViewItem<InstanceID> to get the proper typing.'

Library\PackageCache\com.unity.inputsystem@7fe8299111a7\InputSystem\Editor\Debugger\InputDebuggerWindow.cs(996,40): error CS0619: 'TreeViewItem' is obsolete: 'TreeViewItem is now deprecated. You can likely now use TreeViewItem<int> instead and not think more about it. But if you were using that identifier to store InstanceID data, you should instead opt to upgrade your TreeViews to use TreeViewItem<InstanceID> to get the proper typing.'

Library\PackageCache\com.unity.inputsystem@7fe8299111a7\InputSystem\Editor\Internal\InputEventTreeView.cs(110,36): error CS0619: 'TreeViewState' is obsolete: 'TreeViewState is now deprecated. You can likely now use TreeViewState<int> instead and not think more about it. But if you were using that identifier to store InstanceID data, you should instead opt to upgrade your TreeViews to use TreeViewState<InstanceID> to get the proper typing.'

Library\PackageCache\com.unity.inputsystem@7fe8299111a7\InputSystem\Editor\Debugger\InputDebuggerWindow.cs(1001,51): error CS0619: 'TreeViewItem' is obsolete: 'TreeViewItem is now deprecated. You can likely now use TreeViewItem<int> instead and not think more about it. But if you were using that identifier to store InstanceID data, you should instead opt to upgrade your TreeViews to use TreeViewItem<InstanceID> to get the proper typing.'

Library\PackageCache\com.unity.inputsystem@7fe8299111a7\InputSystem\Editor\Internal\InputEventTreeView.cs(280,35): error CS0619: 'TreeViewItem' is obsolete: 'TreeViewItem is now deprecated. You can likely now use TreeViewItem<int> instead and not think more about it. But if you were using that identifier to store InstanceID data, you should instead opt to upgrade your TreeViews to use TreeViewItem<InstanceID> to get the proper typing.'

Library\PackageCache\com.unity.inputsystem@7fe8299111a7\InputSystem\Editor\Debugger\InputDebuggerWindow.cs(1006,47): error CS0619: 'TreeViewItem' is obsolete: 'TreeViewItem is now deprecated. You can likely now use TreeViewItem<int> instead and not think more about it. But if you were using that identifier to store InstanceID data, you should instead opt to upgrade your TreeViews to use TreeViewItem<InstanceID> to get the proper typing.'

Library\PackageCache\com.unity.inputsystem@7fe8299111a7\InputSystem\Editor\Debugger\InputDebuggerWindow.cs(1011,40): error CS0619: 'TreeViewItem' is obsolete: 'TreeViewItem is now deprecated. You can likely now use TreeViewItem<int> instead and not think more about it. But if you were using that identifier to store InstanceID data, you should instead opt to upgrade your TreeViews to use TreeViewItem<InstanceID> to get the proper typing.'

Library\PackageCache\com.unity.inputsystem@7fe8299111a7\InputSystem\Editor\Internal\InputStateWindow.cs(406,34): error CS0619: 'TreeViewState' is obsolete: 'TreeViewState is now deprecated. You can likely now use TreeViewState<int> instead and not think more about it. But if you were using that identifier to store InstanceID data, you should instead opt to upgrade your TreeViews to use TreeViewState<InstanceID> to get the proper typing.'

Library\PackageCache\com.unity.inputsystem@7fe8299111a7\InputSystem\Editor\Internal\InputControlTreeView.cs(18,43): error CS0619: 'TreeView' is obsolete: 'TreeView is now deprecated. You can likely now use TreeView<int> instead and not think more about it. But if you were using that identifier to store InstanceID data, you should instead opt to upgrade your TreeViews to use TreeView<InstanceID> to get the proper typing.'

Library\PackageCache\com.unity.inputsystem@7fe8299111a7\InputSystem\Editor\Internal\InputControlTreeView.cs(28,102): error CS0619: 'TreeViewState' is obsolete: 'TreeViewState is now deprecated. You can likely now use TreeViewState<int> instead and not think more about it. But if you were using that identifier to store InstanceID data, you should instead opt to upgrade your TreeViews to use TreeViewState<InstanceID> to get the proper typing.'

Library\PackageCache\com.unity.inputsystem@7fe8299111a7\InputSystem\Editor\Internal\InputControlTreeView.cs(139,28): error CS0619: 'TreeViewItem' is obsolete: 'TreeViewItem is now deprecated. You can likely now use TreeViewItem<int> instead and not think more about it. But if you were using that identifier to store InstanceID data, you should instead opt to upgrade your TreeViews to use TreeViewItem<InstanceID> to get the proper typing.'

Library\PackageCache\com.unity.inputsystem@7fe8299111a7\InputSystem\Editor\Internal\InputControlTreeView.cs(131,57): error CS0619: 'TreeViewState' is obsolete: 'TreeViewState is now deprecated. You can likely now use TreeViewState<int> instead and not think more about it. But if you were using that identifier to store InstanceID data, you should instead opt to upgrade your TreeViews to use TreeViewState<InstanceID> to get the proper typing.'

Library\PackageCache\com.unity.inputsystem@7fe8299111a7\InputSystem\Editor\Internal\InputControlTreeView.cs(331,37): error CS0619: 'TreeViewItem' is obsolete: 'TreeViewItem is now deprecated. You can likely now use TreeViewItem<int> instead and not think more about it. But if you were using that identifier to store InstanceID data, you should instead opt to upgrade your TreeViews to use TreeViewItem<InstanceID> to get the proper typing.'

Library\PackageCache\com.unity.inputsystem@7fe8299111a7\InputSystem\Editor\PropertyDrawers\InputActionDrawerBase.cs(161,28): error CS0619: 'TreeViewItem' is obsolete: 'TreeViewItem is now deprecated. You can likely now use TreeViewItem<int> instead and not think more about it. But if you were using that identifier to store InstanceID data, you should instead opt to upgrade your TreeViews to use TreeViewItem<InstanceID> to get the proper typing.'

Library\PackageCache\com.unity.inputsystem@7fe8299111a7\InputSystem\Editor\PropertyDrawers\InputActionMapDrawer.cs(14,28): error CS0619: 'TreeViewItem' is obsolete: 'TreeViewItem is now deprecated. You can likely now use TreeViewItem<int> instead and not think more about it. But if you were using that identifier to store InstanceID data, you should instead opt to upgrade your TreeViews to use TreeViewItem<InstanceID> to get the proper typing.'

Library\PackageCache\com.unity.inputsystem@7fe8299111a7\InputSystem\Editor\PropertyDrawers\InputActionDrawer.cs(14,28): error CS0619: 'TreeViewItem' is obsolete: 'TreeViewItem is now deprecated. You can likely now use TreeViewItem<int> instead and not think more about it. But if you were using that identifier to store InstanceID data, you should instead opt to upgrade your TreeViews to use TreeViewItem<InstanceID> to get the proper typing.'

Library\PackageCache\com.unity.inputsystem@7fe8299111a7\InputSystem\Editor\Debugger\InputDeviceDebuggerWindow.cs(518,34): error CS0619: 'TreeViewState' is obsolete: 'TreeViewState is now deprecated. You can likely now use TreeViewState<int> instead and not think more about it. But if you were using that identifier to store InstanceID data, you should instead opt to upgrade your TreeViews to use TreeViewState<InstanceID> to get the proper typing.'

Library\PackageCache\com.unity.inputsystem@7fe8299111a7\InputSystem\Editor\Debugger\InputDeviceDebuggerWindow.cs(519,34): error CS0619: 'TreeViewState' is obsolete: 'TreeViewState is now deprecated. You can likely now use TreeViewState<int> instead and not think more about it. But if you were using that identifier to store InstanceID data, you should instead opt to upgrade your TreeViews to use TreeViewState<InstanceID> to get the proper typing.'
*** Tundra build failed (10.30 seconds), 263 items updated, 287 evaluated
## Script Compilation Error for: Csc Library/Bee/artifacts/1900b0aE.dag/SolarSim.Runtime.dll (+2 others)
## CmdLine: "C:\Program Files\Unity\Hub\Editor\6000.5.5f1\Editor\Data\DotNetSdk\dotnet.exe" exec "C:/Program Files/Unity/Hub/Editor/6000.5.5f1/Editor/Data/DotNetSdk/sdk/8.0.318/Roslyn/bincore/csc.dll" /nostdlib /noconfig /shared "@Library/Bee/artifacts/1900b0aE.dag/SolarSim.Runtime.rsp" "@Library/Bee/artifacts/1900b0aE.dag/SolarSim.Runtime.rsp2"
## Output:
Assets\SolarSim\Runtime\Application\Commands\CommandHistory.cs(1,1): error CS8773: Feature 'file-scoped namespace' is not available in C# 9.0. Please use language version 10.0 or greater.
Assets\SolarSim\Runtime\Application\Commands\ProjectCommands.cs(6,1): error CS8773: Feature 'file-scoped namespace' is not available in C# 9.0. Please use language version 10.0 or greater.
Assets\SolarSim\Runtime\Application\Equipment\CustomPanelFactory.cs(3,1): error CS8773: Feature 'file-scoped namespace' is not available in C# 9.0. Please use language version 10.0 or greater.
Assets\SolarSim\Runtime\Application\Events\ProjectEvents.cs(1,1): error CS8773: Feature 'file-scoped namespace' is not available in C# 9.0. Please use language version 10.0 or greater.
Assets\SolarSim\Runtime\Application\Project\SolarProject.cs(6,1): error CS8773: Feature 'file-scoped namespace' is not available in C# 9.0. Please use language version 10.0 or greater.
Assets\SolarSim\Runtime\Application\Serialization\SolarProjectSerializer.cs(8,1): error CS8773: Feature 'file-scoped namespace' is not available in C# 9.0. Please use language version 10.0 or greater.
Assets\SolarSim\Runtime\Application\Units\UnitConversionService.cs(1,1): error CS8773: Feature 'file-scoped namespace' is not available in C# 9.0. Please use language version 10.0 or greater.
Assets\SolarSim\Runtime\Domain\Electrical\BomScheduleService.cs(4,1): error CS8773: Feature 'file-scoped namespace' is not available in C# 9.0. Please use language version 10.0 or greater.
Assets\SolarSim\Runtime\Domain\Electrical\ConnectionValidator.cs(1,1): error CS8773: Feature 'file-scoped namespace' is not available in C# 9.0. Please use language version 10.0 or greater.
Assets\SolarSim\Runtime\Domain\Electrical\ElectricalCalculationService.cs(3,1): error CS8773: Feature 'file-scoped namespace' is not available in C# 9.0. Please use language version 10.0 or greater.
Assets\SolarSim\Runtime\Domain\Electrical\ElectricalConnection.cs(3,1): error CS8773: Feature 'file-scoped namespace' is not available in C# 9.0. Please use language version 10.0 or greater.
Assets\SolarSim\Runtime\Domain\Electrical\ElectricalGraph.cs(3,1): error CS8773: Feature 'file-scoped namespace' is not available in C# 9.0. Please use language version 10.0 or greater.
Assets\SolarSim\Runtime\Domain\Electrical\ElectricalPort.cs(1,1): error CS8773: Feature 'file-scoped namespace' is not available in C# 9.0. Please use language version 10.0 or greater.
Assets\SolarSim\Runtime\Domain\Electrical\Enums.cs(1,1): error CS8773: Feature 'file-scoped namespace' is not available in C# 9.0. Please use language version 10.0 or greater.
Assets\SolarSim\Runtime\Domain\Electrical\MpptCompatibilityService.cs(3,1): error CS8773: Feature 'file-scoped namespace' is not available in C# 9.0. Please use language version 10.0 or greater.
Assets\SolarSim\Runtime\Domain\Electrical\SingleLineDiagramService.cs(3,1): error CS8773: Feature 'file-scoped namespace' is not available in C# 9.0. Please use language version 10.0 or greater.
Assets\SolarSim\Runtime\Domain\Electrical\SiteDesignConditions.cs(1,1): error CS8773: Feature 'file-scoped namespace' is not available in C# 9.0. Please use language version 10.0 or greater.
Assets\SolarSim\Runtime\Domain\Electrical\StringSizingService.cs(3,1): error CS8773: Feature 'file-scoped namespace' is not available in C# 9.0. Please use language version 10.0 or greater.
Assets\SolarSim\Runtime\Domain\Electrical\TemperatureDeratingService.cs(3,1): error CS8773: Feature 'file-scoped namespace' is not available in C# 9.0. Please use language version 10.0 or greater.
Assets\SolarSim\Runtime\Domain\Electrical\VoltageDropCalculator.cs(1,1): error CS8773: Feature 'file-scoped namespace' is not available in C# 9.0. Please use language version 10.0 or greater.
Assets\SolarSim\Runtime\Domain\Electrical\WireRouting.cs(3,1): error CS8773: Feature 'file-scoped namespace' is not available in C# 9.0. Please use language version 10.0 or greater.
Assets\SolarSim\Runtime\Domain\Equipment\ElectricalEquipmentInstance.cs(3,1): error CS8773: Feature 'file-scoped namespace' is not available in C# 9.0. Please use language version 10.0 or greater.
Assets\SolarSim\Runtime\Domain\Equipment\InverterDefinition.cs(1,1): error CS8773: Feature 'file-scoped namespace' is not available in C# 9.0. Please use language version 10.0 or greater.
Assets\SolarSim\Runtime\Domain\Equipment\SolarPanelDefinition.cs(1,1): error CS8773: Feature 'file-scoped namespace' is not available in C# 9.0. Please use language version 10.0 or greater.
Assets\SolarSim\Runtime\Domain\Equipment\SolarPanelInstance.cs(3,1): error CS8773: Feature 'file-scoped namespace' is not available in C# 9.0. Please use language version 10.0 or greater.
Assets\SolarSim\Runtime\Domain\Roof\RackingLayoutService.cs(3,1): error CS8773: Feature 'file-scoped namespace' is not available in C# 9.0. Please use language version 10.0 or greater.
Assets\SolarSim\Runtime\Domain\Roof\RackingParameters.cs(1,1): error CS8773: Feature 'file-scoped namespace' is not available in C# 9.0. Please use language version 10.0 or greater.
Assets\SolarSim\Runtime\Domain\Roof\RoofDocument.cs(1,1): error CS8773: Feature 'file-scoped namespace' is not available in C# 9.0. Please use language version 10.0 or greater.
Assets\SolarSim\Runtime\Domain\Roof\RoofGeometry.cs(1,1): error CS8773: Feature 'file-scoped namespace' is not available in C# 9.0. Please use language version 10.0 or greater.
Assets\SolarSim\Runtime\Domain\Roof\RoofSurface.cs(1,1): error CS8773: Feature 'file-scoped namespace' is not available in C# 9.0. Please use language version 10.0 or greater.
Assets\SolarSim\Runtime\Domain\Roof\RoofGeometry.cs(301,24): error CS8773: Feature 'record structs' is not available in C# 9.0. Please use language version 10.0 or greater.
Assets\SolarSim\Runtime\Domain\Roof\RoofSurface.cs(3,24): error CS8773: Feature 'record structs' is not available in C# 9.0. Please use language version 10.0 or greater.
Assets\SolarSim\Runtime\Domain\Electrical\VoltageDropCalculator.cs(59,24): error CS8773: Feature 'record structs' is not available in C# 9.0. Please use language version 10.0 or greater.
Assets\SolarSim\Runtime\Domain\Roof\RackingLayoutService.cs(145,29): error CS8773: Feature 'record structs' is not available in C# 9.0. Please use language version 10.0 or greater.
Assets\SolarSim\Runtime\Domain\Equipment\InverterDefinition.cs(89,12): error CS0246: The type or namespace name 'Guid' could not be found (are you missing a using directive or an assembly reference?)
Assets\SolarSim\Runtime\Domain\Equipment\InverterDefinition.cs(8,12): error CS0246: The type or namespace name 'Guid' could not be found (are you missing a using directive or an assembly reference?)
Assets\SolarSim\Runtime\Application\Serialization\SolarProjectSerializer.cs(16,12): error CS0246: The type or namespace name 'Guid' could not be found (are you missing a using directive or an assembly reference?)
Assets\SolarSim\Runtime\Domain\Roof\RackingLayoutService.cs(7,12): error CS0246: The type or namespace name 'IReadOnlyList<>' could not be found (are you missing a using directive or an assembly reference?)
Assets\SolarSim\Runtime\Domain\Roof\RoofDocument.cs(11,12): error CS0246: The type or namespace name 'IReadOnlyList<>' could not be found (are you missing a using directive or an assembly reference?)
Assets\SolarSim\Runtime\Domain\Electrical\BomScheduleService.cs(18,12): error CS0246: The type or namespace name 'IReadOnlyList<>' could not be found (are you missing a using directive or an assembly reference?)
Assets\SolarSim\Runtime\Application\Serialization\SolarProjectSerializer.cs(22,12): error CS0246: The type or namespace name 'List<>' could not be found (are you missing a using directive or an assembly reference?)
Assets\SolarSim\Runtime\Domain\Equipment\InverterDefinition.cs(79,19): error CS0246: The type or namespace name 'IReadOnlyList<>' could not be found (are you missing a using directive or an assembly reference?)
Assets\SolarSim\Runtime\Application\Serialization\SolarProjectSerializer.cs(25,12): error CS0246: The type or namespace name 'List<>' could not be found (are you missing a using directive or an assembly reference?)
Assets\SolarSim\Runtime\Domain\Roof\RoofDocument.cs(12,12): error CS0246: The type or namespace name 'Guid' could not be found (are you missing a using directive or an assembly reference?)
Assets\SolarSim\Runtime\Domain\Roof\RoofDocument.cs(14,23): warning CS8632: The annotation for nullable reference types should only be used in code within a '#nullable' annotations context.
Assets\SolarSim\Runtime\Application\Commands\CommandHistory.cs(25,18): error CS0246: The type or namespace name 'Action' could not be found (are you missing a using directive or an assembly reference?)
Assets\SolarSim\Runtime\Application\Project\SolarProject.cs(16,18): error CS0246: The type or namespace name 'Action' could not be found (are you missing a using directive or an assembly reference?)
Assets\SolarSim\Runtime\Domain\Roof\RackingLayoutService.cs(23,9): error CS0246: The type or namespace name 'IReadOnlyList<>' could not be found (are you missing a using directive or an assembly reference?)
Assets\SolarSim\Runtime\Domain\Roof\RackingLayoutService.cs(24,9): error CS0246: The type or namespace name 'IReadOnlyDictionary<,>' could not be found (are you missing a using directive or an assembly reference?)
Assets\SolarSim\Runtime\Domain\Roof\RackingLayoutService.cs(24,29): error CS0246: The type or namespace name 'Guid' could not be found (are you missing a using directive or an assembly reference?)
Assets\SolarSim\Runtime\Application\Serialization\SolarProjectSerializer.cs(28,12): error CS0246: The type or namespace name 'List<>' could not be found (are you missing a using directive or an assembly reference?)
Assets\SolarSim\Runtime\Domain\Roof\RoofDocument.cs(32,38): warning CS8632: The annotation for nullable reference types should only be used in code within a '#nullable' annotations context.
Assets\SolarSim\Runtime\Application\Commands\CommandHistory.cs(23,12): error CS0246: The type or namespace name 'IReadOnlyList<>' could not be found (are you missing a using directive or an assembly reference?)
Assets\SolarSim\Runtime\Domain\Roof\RoofDocument.cs(49,28): error CS0246: The type or namespace name 'Guid' could not be found (are you missing a using directive or an assembly reference?)
Assets\SolarSim\Runtime\Application\Serialization\SolarProjectSerializer.cs(34,19): warning CS8632: The annotation for nullable reference types should only be used in code within a '#nullable' annotations context.
Assets\SolarSim\Runtime\Domain\Roof\RoofDocument.cs(58,27): error CS0246: The type or namespace name 'Guid' could not be found (are you missing a using directive or an assembly reference?)
Assets\SolarSim\Runtime\Domain\Roof\RackingLayoutService.cs(94,20): error CS0246: The type or namespace name 'List<>' could not be found (are you missing a using directive or an assembly reference?)
Assets\SolarSim\Runtime\Domain\Roof\RoofDocument.cs(65,30): error CS0246: The type or namespace name 'Guid' could not be found (are you missing a using directive or an assembly reference?)
Assets\SolarSim\Runtime\Domain\Roof\RoofDocument.cs(65,23): warning CS8632: The annotation for nullable reference types should only be used in code within a '#nullable' annotations context.
Assets\SolarSim\Runtime\Application\Project\SolarProject.cs(13,12): error CS0246: The type or namespace name 'IReadOnlyCollection<>' could not be found (are you missing a using directive or an assembly reference?)
Assets\SolarSim\Runtime\Application\Project\SolarProject.cs(13,32): error CS0246: The type or namespace name 'Guid' could not be found (are you missing a using directive or an assembly reference?)
Assets\SolarSim\Runtime\Application\Serialization\SolarProjectSerializer.cs(38,12): error CS0246: The type or namespace name 'List<>' could not be found (are you missing a using directive or an assembly reference?)
Assets\SolarSim\Runtime\Domain\Roof\RackingLayoutService.cs(119,61): error CS0246: The type or namespace name 'List<>' could not be found (are you missing a using directive or an assembly reference?)
Assets\SolarSim\Runtime\Domain\Roof\RackingLayoutService.cs(119,20): error CS0246: The type or namespace name 'List<>' could not be found (are you missing a using directive or an assembly reference?)
Assets\SolarSim\Runtime\Domain\Roof\RackingLayoutService.cs(119,25): error CS0246: The type or namespace name 'List<>' could not be found (are you missing a using directive or an assembly reference?)
Assets\SolarSim\Runtime\Application\Project\SolarProject.cs(14,12): error CS0246: The type or namespace name 'IReadOnlyCollection<>' could not be found (are you missing a using directive or an assembly reference?)
Assets\SolarSim\Runtime\Application\Project\SolarProject.cs(14,32): error CS0246: The type or namespace name 'Guid' could not be found (are you missing a using directive or an assembly reference?)
Assets\SolarSim\Runtime\Application\Serialization\SolarProjectSerializer.cs(41,12): error CS0246: The type or namespace name 'Guid' could not be found (are you missing a using directive or an assembly reference?)
Assets\SolarSim\Runtime\Application\Serialization\SolarProjectSerializer.cs(47,29): warning CS8632: The annotation for nullable reference types should only be used in code within a '#nullable' annotations context.
Assets\SolarSim\Runtime\Application\Serialization\SolarProjectSerializer.cs(50,32): warning CS8632: The annotation for nullable reference types should only be used in code within a '#nullable' annotations context.
Assets\SolarSim\Runtime\Application\Serialization\SolarProjectSerializer.cs(53,12): error CS0246: The type or namespace name 'List<>' could not be found (are you missing a using directive or an assembly reference?)
Assets\SolarSim\Runtime\Application\Project\SolarProject.cs(27,30): error CS0246: The type or namespace name 'IEnumerable<>' could not be found (are you missing a using directive or an assembly reference?)
Assets\SolarSim\Runtime\Application\Project\SolarProject.cs(27,42): error CS0246: The type or namespace name 'Guid' could not be found (are you missing a using directive or an assembly reference?)
Assets\SolarSim\Runtime\Application\Project\SolarProject.cs(27,70): error CS0246: The type or namespace name 'IEnumerable<>' could not be found (are you missing a using directive or an assembly reference?)
Assets\SolarSim\Runtime\Application\Project\SolarProject.cs(27,82): error CS0246: The type or namespace name 'Guid' could not be found (are you missing a using directive or an assembly reference?)
Assets\SolarSim\Runtime\Application\Project\SolarProject.cs(44,33): error CS0246: The type or namespace name 'Guid' could not be found (are you missing a using directive or an assembly reference?)
Assets\SolarSim\Runtime\Application\Project\SolarProject.cs(55,34): error CS0246: The type or namespace name 'Guid' could not be found (are you missing a using directive or an assembly reference?)
Assets\SolarSim\Runtime\Application\Commands\CommandHistory.cs(12,22): error CS0246: The type or namespace name 'List<>' could not be found (are you missing a using directive or an assembly reference?)
Assets\SolarSim\Runtime\Domain\Roof\RoofDocument.cs(9,22): error CS0246: The type or namespace name 'List<>' could not be found (are you missing a using directive or an assembly reference?)
Assets\SolarSim\Runtime\Application\Project\SolarProject.cs(10,22): error CS0246: The type or namespace name 'HashSet<>' could not be found (are you missing a using directive or an assembly reference?)
Assets\SolarSim\Runtime\Application\Project\SolarProject.cs(10,30): error CS0246: The type or namespace name 'Guid' could not be found (are you missing a using directive or an assembly reference?)
Assets\SolarSim\Runtime\Application\Commands\CommandHistory.cs(13,22): error CS0246: The type or namespace name 'List<>' could not be found (are you missing a using directive or an assembly reference?)
Assets\SolarSim\Runtime\Application\Project\SolarProject.cs(11,22): error CS0246: The type or namespace name 'HashSet<>' could not be found (are you missing a using directive or an assembly reference?)
Assets\SolarSim\Runtime\Application\Project\SolarProject.cs(11,30): error CS0246: The type or namespace name 'Guid' could not be found (are you missing a using directive or an assembly reference?)
Assets\SolarSim\Runtime\Domain\Electrical\BomScheduleService.cs(18,52): error CS0518: Predefined type 'System.Runtime.CompilerServices.IsExternalInit' is not defined or imported
Assets\SolarSim\Runtime\Domain\Roof\RackingLayoutService.cs(7,60): error CS0518: Predefined type 'System.Runtime.CompilerServices.IsExternalInit' is not defined or imported
Assets\SolarSim\Runtime\Domain\Electrical\BomScheduleService.cs(8,35): error CS0518: Predefined type 'System.Runtime.CompilerServices.IsExternalInit' is not defined or imported
Assets\SolarSim\Runtime\Domain\Electrical\BomScheduleService.cs(19,34): error CS0518: Predefined type 'System.Runtime.CompilerServices.IsExternalInit' is not defined or imported
Assets\SolarSim\Runtime\Domain\Roof\RackingLayoutService.cs(8,44): error CS0518: Predefined type 'System.Runtime.CompilerServices.IsExternalInit' is not defined or imported
Assets\SolarSim\Runtime\Domain\Electrical\BomScheduleService.cs(9,38): error CS0518: Predefined type 'System.Runtime.CompilerServices.IsExternalInit' is not defined or imported
Assets\SolarSim\Runtime\Domain\Electrical\BomScheduleService.cs(20,39): error CS0518: Predefined type 'System.Runtime.CompilerServices.IsExternalInit' is not defined or imported
Assets\SolarSim\Runtime\Domain\Electrical\BomScheduleService.cs(21,36): error CS0518: Predefined type 'System.Runtime.CompilerServices.IsExternalInit' is not defined or imported
Assets\SolarSim\Runtime\Domain\Electrical\BomScheduleService.cs(10,32): error CS0518: Predefined type 'System.Runtime.CompilerServices.IsExternalInit' is not defined or imported
Assets\SolarSim\Runtime\Domain\Electrical\BomScheduleService.cs(22,44): error CS0518: Predefined type 'System.Runtime.CompilerServices.IsExternalInit' is not defined or imported
Assets\SolarSim\Runtime\Domain\Electrical\BomScheduleService.cs(11,31): error CS0518: Predefined type 'System.Runtime.CompilerServices.IsExternalInit' is not defined or imported
Assets\SolarSim\Runtime\Domain\Roof\RackingLayoutService.cs(9,33): error CS0518: Predefined type 'System.Runtime.CompilerServices.IsExternalInit' is not defined or imported
Assets\SolarSim\Runtime\Domain\Electrical\BomScheduleService.cs(12,41): error CS0518: Predefined type 'System.Runtime.CompilerServices.IsExternalInit' is not defined or imported
Assets\SolarSim\Runtime\Domain\Roof\RackingLayoutService.cs(11,37): error CS0518: Predefined type 'System.Runtime.CompilerServices.IsExternalInit' is not defined or imported
Assets\SolarSim\Runtime\Domain\Electrical\BomScheduleService.cs(13,18): warning CS8632: The annotation for nullable reference types should only be used in code within a '#nullable' annotations context.
Assets\SolarSim\Runtime\Domain\Electrical\BomScheduleService.cs(13,33): error CS0518: Predefined type 'System.Runtime.CompilerServices.IsExternalInit' is not defined or imported
Assets\SolarSim\Runtime\Domain\Roof\RackingLayoutService.cs(12,37): error CS0518: Predefined type 'System.Runtime.CompilerServices.IsExternalInit' is not defined or imported
Assets\SolarSim\Runtime\Domain\Roof\RackingLayoutService.cs(13,32): error CS0518: Predefined type 'System.Runtime.CompilerServices.IsExternalInit' is not defined or imported
Assets\SolarSim\Runtime\Application\Events\ProjectEvents.cs(8,33): error CS0518: Predefined type 'System.Runtime.CompilerServices.IsExternalInit' is not defined or imported
Assets\SolarSim\Runtime\Application\Equipment\CustomPanelFactory.cs(23,19): error CS0246: The type or namespace name 'IReadOnlyList<>' could not be found (are you missing a using directive or an assembly reference?)
Assets\SolarSim\Runtime\Application\Events\ProjectEvents.cs(13,12): error CS0246: The type or namespace name 'IReadOnlyList<>' could not be found (are you missing a using directive or an assembly reference?)
Assets\SolarSim\Runtime\Application\Events\ProjectEvents.cs(13,26): error CS0246: The type or namespace name 'Guid' could not be found (are you missing a using directive or an assembly reference?)
Assets\SolarSim\Runtime\Application\Events\ProjectEvents.cs(13,60): error CS0518: Predefined type 'System.Runtime.CompilerServices.IsExternalInit' is not defined or imported
Assets\SolarSim\Runtime\Domain\Electrical\BomScheduleService.cs(55,9): error CS0246: The type or namespace name 'IReadOnlyDictionary<,>' could not be found (are you missing a using directive or an assembly reference?)
Assets\SolarSim\Runtime\Domain\Electrical\BomScheduleService.cs(55,29): error CS0246: The type or namespace name 'Guid' could not be found (are you missing a using directive or an assembly reference?)
Assets\SolarSim\Runtime\Domain\Electrical\BomScheduleService.cs(56,28): warning CS8632: The annotation for nullable reference types should only be used in code within a '#nullable' annotations context.
Assets\SolarSim\Runtime\Domain\Roof\RoofGeometry.cs(21,9): error CS0246: The type or namespace name 'IReadOnlyList<>' could not be found (are you missing a using directive or an assembly reference?)
Assets\SolarSim\Runtime\Application\Events\ProjectEvents.cs(14,12): error CS0246: The type or namespace name 'IReadOnlyList<>' could not be found (are you missing a using directive or an assembly reference?)
Assets\SolarSim\Runtime\Application\Events\ProjectEvents.cs(14,26): error CS0246: The type or namespace name 'Guid' could not be found (are you missing a using directive or an assembly reference?)
Assets\SolarSim\Runtime\Application\Events\ProjectEvents.cs(14,61): error CS0518: Predefined type 'System.Runtime.CompilerServices.IsExternalInit' is not defined or imported
Assets\SolarSim\Runtime\Domain\Roof\RoofGeometry.cs(61,46): error CS0246: The type or namespace name 'IReadOnlyList<>' could not be found (are you missing a using directive or an assembly reference?)
Assets\SolarSim\Runtime\Application\Project\SolarProject.cs(114,18): error CS0246: The type or namespace name 'Action<>' could not be found (are you missing a using directive or an assembly reference?)
Assets\SolarSim\Runtime\Application\Project\SolarProject.cs(115,18): error CS0246: The type or namespace name 'Action' could not be found (are you missing a using directive or an assembly reference?)
Assets\SolarSim\Runtime\Domain\Roof\RoofGeometry.cs(74,61): error CS0246: The type or namespace name 'IReadOnlyList<>' could not be found (are you missing a using directive or an assembly reference?)
Assets\SolarSim\Runtime\Domain\Roof\RoofGeometry.cs(90,66): error CS0246: The type or namespace name 'IReadOnlyList<>' could not be found (are you missing a using directive or an assembly reference?)
Assets\SolarSim\Runtime\Application\Project\SolarProject.cs(96,12): error CS0246: The type or namespace name 'Guid' could not be found (are you missing a using directive or an assembly reference?)
Assets\SolarSim\Runtime\Application\Project\SolarProject.cs(98,18): warning CS8632: The annotation for nullable reference types should only be used in code within a '#nullable' annotations context.
Assets\SolarSim\Runtime\Domain\Roof\RoofGeometry.cs(117,70): error CS0246: The type or namespace name 'IReadOnlyList<>' could not be found (are you missing a using directive or an assembly reference?)
Assets\SolarSim\Runtime\Application\Serialization\SolarProjectSerializer.cs(71,12): error CS0246: The type or namespace name 'Guid' could not be found (are you missing a using directive or an assembly reference?)
Assets\SolarSim\Runtime\Domain\Roof\RoofGeometry.cs(301,71): warning CS8632: The annotation for nullable reference types should only be used in code within a '#nullable' annotations context.
Assets\SolarSim\Runtime\Domain\Roof\RoofGeometry.cs(301,85): warning CS8632: The annotation for nullable reference types should only be used in code within a '#nullable' annotations context.
Assets\SolarSim\Runtime\Domain\Roof\RoofGeometry.cs(229,53): error CS0246: The type or namespace name 'IReadOnlyList<>' could not be found (are you missing a using directive or an assembly reference?)
Assets\SolarSim\Runtime\Domain\Roof\RoofGeometry.cs(229,19): error CS0246: The type or namespace name 'List<>' could not be found (are you missing a using directive or an assembly reference?)
Assets\SolarSim\Runtime\Application\Serialization\SolarProjectSerializer.cs(78,12): error CS0246: The type or namespace name 'List<>' could not be found (are you missing a using directive or an assembly reference?)
Assets\SolarSim\Runtime\Application\Serialization\SolarProjectSerializer.cs(79,28): warning CS8632: The annotation for nullable reference types should only be used in code within a '#nullable' annotations context.
Assets\SolarSim\Runtime\Domain\Roof\RoofGeometry.cs(288,38): error CS0246: The type or namespace name 'IReadOnlyList<>' could not be found (are you missing a using directive or an assembly reference?)
Assets\SolarSim\Runtime\Application\Project\SolarProject.cs(105,12): error CS0246: The type or namespace name 'Dictionary<,>' could not be found (are you missing a using directive or an assembly reference?)
Assets\SolarSim\Runtime\Application\Project\SolarProject.cs(105,23): error CS0246: The type or namespace name 'Guid' could not be found (are you missing a using directive or an assembly reference?)
Assets\SolarSim\Runtime\Application\Project\SolarProject.cs(132,51): error CS0246: The type or namespace name 'Guid' could not be found (are you missing a using directive or an assembly reference?)
Assets\SolarSim\Runtime\Application\Project\SolarProject.cs(159,9): error CS0246: The type or namespace name 'Guid' could not be found (are you missing a using directive or an assembly reference?)
Assets\SolarSim\Runtime\Application\Project\SolarProject.cs(233,100): warning CS8632: The annotation for nullable reference types should only be used in code within a '#nullable' annotations context.
Assets\SolarSim\Runtime\Application\Project\SolarProject.cs(258,12): error CS0246: The type or namespace name 'IReadOnlyList<>' could not be found (are you missing a using directive or an assembly reference?)
Assets\SolarSim\Runtime\Application\Project\SolarProject.cs(261,53): error CS0246: The type or namespace name 'Guid' could not be found (are you missing a using directive or an assembly reference?)
Assets\SolarSim\Runtime\Application\Project\SolarProject.cs(280,56): error CS0246: The type or namespace name 'Guid' could not be found (are you missing a using directive or an assembly reference?)
Assets\SolarSim\Runtime\Domain\Roof\RackingLayoutService.cs(145,58): error CS0518: Predefined type 'System.Runtime.CompilerServices.IsExternalInit' is not defined or imported
Assets\SolarSim\Runtime\Domain\Roof\RoofGeometry.cs(301,56): error CS0518: Predefined type 'System.Runtime.CompilerServices.IsExternalInit' is not defined or imported
Assets\SolarSim\Runtime\Domain\Roof\RoofGeometry.cs(301,73): error CS0518: Predefined type 'System.Runtime.CompilerServices.IsExternalInit' is not defined or imported
Assets\SolarSim\Runtime\Domain\Roof\RoofGeometry.cs(301,87): error CS0518: Predefined type 'System.Runtime.CompilerServices.IsExternalInit' is not defined or imported
Assets\SolarSim\Runtime\Domain\Roof\RackingLayoutService.cs(145,68): error CS0518: Predefined type 'System.Runtime.CompilerServices.IsExternalInit' is not defined or imported
Assets\SolarSim\Runtime\Domain\Roof\RackingLayoutService.cs(145,78): error CS0518: Predefined type 'System.Runtime.CompilerServices.IsExternalInit' is not defined or imported
Assets\SolarSim\Runtime\Domain\Roof\RackingLayoutService.cs(145,88): error CS0518: Predefined type 'System.Runtime.CompilerServices.IsExternalInit' is not defined or imported
Assets\SolarSim\Runtime\Domain\Roof\RackingLayoutService.cs(145,98): error CS0518: Predefined type 'System.Runtime.CompilerServices.IsExternalInit' is not defined or imported
Assets\SolarSim\Runtime\Application\Commands\ProjectCommands.cs(151,22): error CS0246: The type or namespace name 'Guid' could not be found (are you missing a using directive or an assembly reference?)
Assets\SolarSim\Runtime\Application\Commands\ProjectCommands.cs(111,22): error CS0246: The type or namespace name 'Guid' could not be found (are you missing a using directive or an assembly reference?)
Assets\SolarSim\Runtime\Application\Commands\ProjectCommands.cs(49,22): error CS0246: The type or namespace name 'List<>' could not be found (are you missing a using directive or an assembly reference?)
Assets\SolarSim\Runtime\Application\Commands\ProjectCommands.cs(155,53): error CS0246: The type or namespace name 'Guid' could not be found (are you missing a using directive or an assembly reference?)
Assets\SolarSim\Runtime\Application\Commands\ProjectCommands.cs(51,53): error CS0246: The type or namespace name 'Guid' could not be found (are you missing a using directive or an assembly reference?)
Assets\SolarSim\Runtime\Application\Commands\ProjectCommands.cs(119,9): error CS0246: The type or namespace name 'Guid' could not be found (are you missing a using directive or an assembly reference?)
Assets\SolarSim\Runtime\Domain\Equipment\InverterDefinition.cs(99,9): error CS0246: The type or namespace name 'Guid' could not be found (are you missing a using directive or an assembly reference?)
Assets\SolarSim\Runtime\Domain\Equipment\InverterDefinition.cs(21,9): error CS0246: The type or namespace name 'Guid' could not be found (are you missing a using directive or an assembly reference?)
Assets\SolarSim\Runtime\Application\Commands\CommandHistory.cs(25,26): error CS0066: 'CommandHistory.HistoryChanged': event must be of a delegate type
Assets\SolarSim\Runtime\Application\Project\SolarProject.cs(16,26): error CS0066: 'SelectionService.SelectionChanged': event must be of a delegate type
Assets\SolarSim\Runtime\Application\Commands\ProjectCommands.cs(192,12): error CS0246: The type or namespace name 'Guid' could not be found (are you missing a using directive or an assembly reference?)
Assets\SolarSim\Runtime\Application\Serialization\SolarProjectSerializer.cs(84,12): error CS0246: The type or namespace name 'Guid' could not be found (are you missing a using directive or an assembly reference?)
Assets\SolarSim\Runtime\Domain\Electrical\ConnectionValidator.cs(9,12): error CS0246: The type or namespace name 'IReadOnlyList<>' could not be found (are you missing a using directive or an assembly reference?)
Assets\SolarSim\Runtime\Domain\Electrical\ConnectionValidator.cs(9,26): error CS0246: The type or namespace name 'Guid' could not be found (are you missing a using directive or an assembly reference?)
Assets\SolarSim\Runtime\Domain\Roof\RoofSurface.cs(3,47): error CS0518: Predefined type 'System.Runtime.CompilerServices.IsExternalInit' is not defined or imported
Assets\SolarSim\Runtime\Domain\Roof\RoofSurface.cs(3,57): error CS0518: Predefined type 'System.Runtime.CompilerServices.IsExternalInit' is not defined or imported
Assets\SolarSim\Runtime\Domain\Electrical\ConnectionValidator.cs(29,12): error CS0246: The type or namespace name 'List<>' could not be found (are you missing a using directive or an assembly reference?)
Assets\SolarSim\Runtime\Application\Commands\ProjectCommands.cs(181,22): error CS0246: The type or namespace name 'Guid' could not be found (are you missing a using directive or an assembly reference?)
Assets\SolarSim\Runtime\Domain\Electrical\ConnectionValidator.cs(30,12): error CS0246: The type or namespace name 'List<>' could not be found (are you missing a using directive or an assembly reference?)
Assets\SolarSim\Runtime\Application\Commands\ProjectCommands.cs(183,31): warning CS8632: The annotation for nullable reference types should only be used in code within a '#nullable' annotations context.
Assets\SolarSim\Runtime\Domain\Electrical\ConnectionValidator.cs(16,9): error CS0246: The type or namespace name 'IEnumerable<>' could not be found (are you missing a using directive or an assembly reference?)
Assets\SolarSim\Runtime\Domain\Electrical\ConnectionValidator.cs(16,21): error CS0246: The type or namespace name 'Guid' could not be found (are you missing a using directive or an assembly reference?)
Assets\SolarSim\Runtime\Application\Serialization\SolarProjectSerializer.cs(96,12): error CS0246: The type or namespace name 'Guid' could not be found (are you missing a using directive or an assembly reference?)
Assets\SolarSim\Runtime\Domain\Equipment\SolarPanelDefinition.cs(8,12): error CS0246: The type or namespace name 'Guid' could not be found (are you missing a using directive or an assembly reference?)
Assets\SolarSim\Runtime\Application\Commands\ProjectCommands.cs(185,56): error CS0246: The type or namespace name 'Guid' could not be found (are you missing a using directive or an assembly reference?)
Assets\SolarSim\Runtime\Domain\Equipment\SolarPanelDefinition.cs(24,18): warning CS8632: The annotation for nullable reference types should only be used in code within a '#nullable' annotations context.
Assets\SolarSim\Runtime\Application\Serialization\SolarProjectSerializer.cs(105,12): error CS0246: The type or namespace name 'List<>' could not be found (are you missing a using directive or an assembly reference?)
Assets\SolarSim\Runtime\Application\Project\SolarProject.cs(114,34): error CS0066: 'SolarProject.ProjectChanged': event must be of a delegate type
Assets\SolarSim\Runtime\Application\Project\SolarProject.cs(115,26): error CS0066: 'SolarProject.CalculationsUpdated': event must be of a delegate type
Assets\SolarSim\Runtime\Domain\Equipment\SolarPanelDefinition.cs(129,19): error CS0246: The type or namespace name 'IReadOnlyList<>' could not be found (are you missing a using directive or an assembly reference?)
Assets\SolarSim\Runtime\Application\Serialization\SolarProjectSerializer.cs(117,12): error CS0246: The type or namespace name 'Guid' could not be found (are you missing a using directive or an assembly reference?)
Assets\SolarSim\Runtime\Application\Serialization\SolarProjectSerializer.cs(106,12): error CS0246: The type or namespace name 'List<>' could not be found (are you missing a using directive or an assembly reference?)
Assets\SolarSim\Runtime\Application\Serialization\SolarProjectSerializer.cs(129,12): error CS0246: The type or namespace name 'Guid' could not be found (are you missing a using directive or an assembly reference?)
Assets\SolarSim\Runtime\Domain\Equipment\SolarPanelDefinition.cs(28,9): error CS0246: The type or namespace name 'Guid' could not be found (are you missing a using directive or an assembly reference?)
Assets\SolarSim\Runtime\Domain\Equipment\SolarPanelDefinition.cs(44,15): warning CS8632: The annotation for nullable reference types should only be used in code within a '#nullable' annotations context.
Assets\SolarSim\Runtime\Domain\Electrical\ConnectionValidator.cs(32,76): error CS0246: The type or namespace name 'Guid' could not be found (are you missing a using directive or an assembly reference?)
Assets\SolarSim\Runtime\Application\Serialization\SolarProjectSerializer.cs(145,18): warning CS8632: The annotation for nullable reference types should only be used in code within a '#nullable' annotations context.
Assets\SolarSim\Runtime\Domain\Electrical\ConnectionValidator.cs(35,78): error CS0246: The type or namespace name 'Guid' could not be found (are you missing a using directive or an assembly reference?)
Assets\SolarSim\Runtime\Application\Serialization\SolarProjectSerializer.cs(151,12): error CS0246: The type or namespace name 'Guid' could not be found (are you missing a using directive or an assembly reference?)
Assets\SolarSim\Runtime\Application\Serialization\SolarProjectSerializer.cs(152,12): error CS0246: The type or namespace name 'Guid' could not be found (are you missing a using directive or an assembly reference?)
Assets\SolarSim\Runtime\Application\Serialization\SolarProjectSerializer.cs(163,12): error CS0246: The type or namespace name 'Guid' could not be found (are you missing a using directive or an assembly reference?)
Assets\SolarSim\Runtime\Application\Serialization\SolarProjectSerializer.cs(168,18): warning CS8632: The annotation for nullable reference types should only be used in code within a '#nullable' annotations context.
Assets\SolarSim\Runtime\Application\Serialization\SolarProjectSerializer.cs(173,12): error CS0246: The type or namespace name 'Guid' could not be found (are you missing a using directive or an assembly reference?)
Assets\SolarSim\Runtime\Domain\Electrical\ElectricalCalculationService.cs(10,12): error CS0246: The type or namespace name 'Guid' could not be found (are you missing a using directive or an assembly reference?)
Assets\SolarSim\Runtime\Application\Serialization\SolarProjectSerializer.cs(174,12): error CS0246: The type or namespace name 'Guid' could not be found (are you missing a using directive or an assembly reference?)
Assets\SolarSim\Runtime\Domain\Electrical\ElectricalCalculationService.cs(42,35): error CS0518: Predefined type 'System.Runtime.CompilerServices.IsExternalInit' is not defined or imported
Assets\SolarSim\Runtime\Domain\Equipment\SolarPanelInstance.cs(10,12): error CS0246: The type or namespace name 'Guid' could not be found (are you missing a using directive or an assembly reference?)
Assets\SolarSim\Runtime\Application\Serialization\SolarProjectSerializer.cs(175,12): error CS0246: The type or namespace name 'Guid' could not be found (are you missing a using directive or an assembly reference?)
Assets\SolarSim\Runtime\Domain\Electrical\ElectricalCalculationService.cs(43,39): error CS0518: Predefined type 'System.Runtime.CompilerServices.IsExternalInit' is not defined or imported
Assets\SolarSim\Runtime\Domain\Electrical\ElectricalCalculationService.cs(12,12): error CS0246: The type or namespace name 'IReadOnlyList<>' could not be found (are you missing a using directive or an assembly reference?)
Assets\SolarSim\Runtime\Domain\Electrical\ElectricalCalculationService.cs(12,26): error CS0246: The type or namespace name 'Guid' could not be found (are you missing a using directive or an assembly reference?)
Assets\SolarSim\Runtime\Domain\Electrical\ElectricalCalculationService.cs(26,12): error CS0246: The type or namespace name 'Guid' could not be found (are you missing a using directive or an assembly reference?)
Assets\SolarSim\Runtime\Domain\Electrical\ElectricalCalculationService.cs(44,41): error CS0518: Predefined type 'System.Runtime.CompilerServices.IsExternalInit' is not defined or imported
Assets\SolarSim\Runtime\Domain\Electrical\ElectricalCalculationService.cs(45,35): error CS0518: Predefined type 'System.Runtime.CompilerServices.IsExternalInit' is not defined or imported
Assets\SolarSim\Runtime\Domain\Electrical\ElectricalCalculationService.cs(26,33): error CS0518: Predefined type 'System.Runtime.CompilerServices.IsExternalInit' is not defined or imported
Assets\SolarSim\Runtime\Domain\Electrical\ElectricalCalculationService.cs(46,41): error CS0518: Predefined type 'System.Runtime.CompilerServices.IsExternalInit' is not defined or imported
Assets\SolarSim\Runtime\Domain\Equipment\SolarPanelInstance.cs(11,12): error CS0246: The type or namespace name 'Guid' could not be found (are you missing a using directive or an assembly reference?)
Assets\SolarSim\Runtime\Domain\Electrical\ElectricalCalculationService.cs(27,38): error CS0518: Predefined type 'System.Runtime.CompilerServices.IsExternalInit' is not defined or imported
Assets\SolarSim\Runtime\Domain\Electrical\ElectricalCalculationService.cs(28,34): error CS0518: Predefined type 'System.Runtime.CompilerServices.IsExternalInit' is not defined or imported
Assets\SolarSim\Runtime\Domain\Electrical\ElectricalCalculationService.cs(29,41): error CS0518: Predefined type 'System.Runtime.CompilerServices.IsExternalInit' is not defined or imported
Assets\SolarSim\Runtime\Domain\Electrical\ElectricalCalculationService.cs(30,35): error CS0518: Predefined type 'System.Runtime.CompilerServices.IsExternalInit' is not defined or imported
Assets\SolarSim\Runtime\Domain\Electrical\ElectricalCalculationService.cs(31,35): error CS0518: Predefined type 'System.Runtime.CompilerServices.IsExternalInit' is not defined or imported
Assets\SolarSim\Runtime\Domain\Electrical\ElectricalCalculationService.cs(32,34): error CS0518: Predefined type 'System.Runtime.CompilerServices.IsExternalInit' is not defined or imported
Assets\SolarSim\Runtime\Domain\Electrical\ElectricalCalculationService.cs(33,34): error CS0518: Predefined type 'System.Runtime.CompilerServices.IsExternalInit' is not defined or imported
Assets\SolarSim\Runtime\Domain\Electrical\ElectricalCalculationService.cs(47,12): error CS0246: The type or namespace name 'IReadOnlyList<>' could not be found (are you missing a using directive or an assembly reference?)
Assets\SolarSim\Runtime\Domain\Electrical\ElectricalCalculationService.cs(34,44): error CS0518: Predefined type 'System.Runtime.CompilerServices.IsExternalInit' is not defined or imported
Assets\SolarSim\Runtime\Domain\Electrical\ElectricalCalculationService.cs(35,37): error CS0518: Predefined type 'System.Runtime.CompilerServices.IsExternalInit' is not defined or imported
Assets\SolarSim\Runtime\Domain\Electrical\ElectricalCalculationService.cs(47,66): error CS0518: Predefined type 'System.Runtime.CompilerServices.IsExternalInit' is not defined or imported
Assets\SolarSim\Runtime\Domain\Electrical\ElectricalCalculationService.cs(14,21): error CS0246: The type or namespace name 'Guid' could not be found (are you missing a using directive or an assembly reference?)
Assets\SolarSim\Runtime\Domain\Electrical\ElectricalCalculationService.cs(14,50): error CS0246: The type or namespace name 'IReadOnlyList<>' could not be found (are you missing a using directive or an assembly reference?)
Assets\SolarSim\Runtime\Domain\Electrical\ElectricalCalculationService.cs(14,64): error CS0246: The type or namespace name 'Guid' could not be found (are you missing a using directive or an assembly reference?)
Assets\SolarSim\Runtime\Domain\Equipment\SolarPanelInstance.cs(56,12): error CS0246: The type or namespace name 'IReadOnlyList<>' could not be found (are you missing a using directive or an assembly reference?)
Assets\SolarSim\Runtime\Application\Serialization\SolarProjectSerializer.cs(188,12): error CS0246: The type or namespace name 'List<>' could not be found (are you missing a using directive or an assembly reference?)
Assets\SolarSim\Runtime\Domain\Electrical\ElectricalCalculationService.cs(48,12): error CS0246: The type or namespace name 'IReadOnlyList<>' could not be found (are you missing a using directive or an assembly reference?)
Assets\SolarSim\Runtime\Domain\Electrical\ElectricalCalculationService.cs(36,12): error CS0246: The type or namespace name 'IReadOnlyList<>' could not be found (are you missing a using directive or an assembly reference?)
Assets\SolarSim\Runtime\Domain\Electrical\ElectricalCalculationService.cs(48,59): error CS0518: Predefined type 'System.Runtime.CompilerServices.IsExternalInit' is not defined or imported
Assets\SolarSim\Runtime\Domain\Electrical\ElectricalCalculationService.cs(36,59): error CS0518: Predefined type 'System.Runtime.CompilerServices.IsExternalInit' is not defined or imported
Assets\SolarSim\Runtime\Domain\Electrical\ElectricalCalculationService.cs(49,12): error CS0246: The type or namespace name 'IReadOnlyList<>' could not be found (are you missing a using directive or an assembly reference?)
Assets\SolarSim\Runtime\Domain\Electrical\ElectricalCalculationService.cs(49,57): error CS0518: Predefined type 'System.Runtime.CompilerServices.IsExternalInit' is not defined or imported
Assets\SolarSim\Runtime\Domain\Electrical\ElectricalCalculationService.cs(37,12): error CS0246: The type or namespace name 'IReadOnlyList<>' could not be found (are you missing a using directive or an assembly reference?)
Assets\SolarSim\Runtime\Application\Serialization\SolarProjectSerializer.cs(204,53): error CS0246: The type or namespace name 'Exception' could not be found (are you missing a using directive or an assembly reference?)
Assets\SolarSim\Runtime\Domain\Electrical\ElectricalCalculationService.cs(37,57): error CS0518: Predefined type 'System.Runtime.CompilerServices.IsExternalInit' is not defined or imported
Assets\SolarSim\Runtime\Domain\Equipment\SolarPanelInstance.cs(70,33): error CS0246: The type or namespace name 'Guid' could not be found (are you missing a using directive or an assembly reference?)
Assets\SolarSim\Runtime\Domain\Equipment\SolarPanelInstance.cs(72,35): error CS0246: The type or namespace name 'Guid' could not be found (are you missing a using directive or an assembly reference?)
Assets\SolarSim\Runtime\Domain\Electrical\ElectricalPort.cs(5,5): error CS0246: The type or namespace name 'Guid' could not be found (are you missing a using directive or an assembly reference?)
Assets\SolarSim\Runtime\Domain\Electrical\ElectricalCalculationService.cs(56,9): error CS0246: The type or namespace name 'IReadOnlyDictionary<,>' could not be found (are you missing a using directive or an assembly reference?)
Assets\SolarSim\Runtime\Domain\Electrical\ElectricalCalculationService.cs(56,29): error CS0246: The type or namespace name 'Guid' could not be found (are you missing a using directive or an assembly reference?)
Assets\SolarSim\Runtime\Domain\Electrical\ElectricalCalculationService.cs(57,9): error CS0246: The type or namespace name 'IReadOnlyDictionary<,>' could not be found (are you missing a using directive or an assembly reference?)
Assets\SolarSim\Runtime\Domain\Electrical\ElectricalCalculationService.cs(57,29): error CS0246: The type or namespace name 'Guid' could not be found (are you missing a using directive or an assembly reference?)
Assets\SolarSim\Runtime\Application\Serialization\SolarProjectSerializer.cs(206,58): error CS0246: The type or namespace name 'Exception' could not be found (are you missing a using directive or an assembly reference?)
Assets\SolarSim\Runtime\Domain\Electrical\ElectricalPort.cs(6,5): error CS0246: The type or namespace name 'IReadOnlyList<>' could not be found (are you missing a using directive or an assembly reference?)
Assets\SolarSim\Runtime\Domain\Electrical\ElectricalCalculationService.cs(60,9): error CS0246: The type or namespace name 'IReadOnlyList<>' could not be found (are you missing a using directive or an assembly reference?)
Assets\SolarSim\Runtime\Domain\Electrical\ElectricalCalculationService.cs(61,9): error CS0246: The type or namespace name 'IReadOnlyDictionary<,>' could not be found (are you missing a using directive or an assembly reference?)
Assets\SolarSim\Runtime\Domain\Electrical\ElectricalCalculationService.cs(61,29): error CS0246: The type or namespace name 'Guid' could not be found (are you missing a using directive or an assembly reference?)
Assets\SolarSim\Runtime\Domain\Electrical\ElectricalCalculationService.cs(62,9): error CS0246: The type or namespace name 'IReadOnlyDictionary<,>' could not be found (are you missing a using directive or an assembly reference?)
Assets\SolarSim\Runtime\Domain\Electrical\ElectricalCalculationService.cs(62,29): error CS0246: The type or namespace name 'Guid' could not be found (are you missing a using directive or an assembly reference?)
Assets\SolarSim\Runtime\Domain\Electrical\ElectricalConnection.cs(10,12): error CS0246: The type or namespace name 'Guid' could not be found (are you missing a using directive or an assembly reference?)
Assets\SolarSim\Runtime\Domain\Electrical\ElectricalConnection.cs(11,12): error CS0246: The type or namespace name 'Guid' could not be found (are you missing a using directive or an assembly reference?)
Assets\SolarSim\Runtime\Domain\Electrical\ElectricalCalculationService.cs(71,9): error CS0246: The type or namespace name 'IReadOnlyDictionary<,>' could not be found (are you missing a using directive or an assembly reference?)
Assets\SolarSim\Runtime\Domain\Electrical\ElectricalCalculationService.cs(71,29): error CS0246: The type or namespace name 'Guid' could not be found (are you missing a using directive or an assembly reference?)
Assets\SolarSim\Runtime\Domain\Electrical\ElectricalCalculationService.cs(72,9): error CS0246: The type or namespace name 'IReadOnlyDictionary<,>' could not be found (are you missing a using directive or an assembly reference?)
Assets\SolarSim\Runtime\Domain\Electrical\ElectricalCalculationService.cs(72,29): error CS0246: The type or namespace name 'Guid' could not be found (are you missing a using directive or an assembly reference?)
Assets\SolarSim\Runtime\Domain\Electrical\ElectricalConnection.cs(12,12): error CS0246: The type or namespace name 'Guid' could not be found (are you missing a using directive or an assembly reference?)
Assets\SolarSim\Runtime\Domain\Electrical\ElectricalConnection.cs(30,30): error CS0246: The type or namespace name 'Guid' could not be found (are you missing a using directive or an assembly reference?)
Assets\SolarSim\Runtime\Domain\Equipment\SolarPanelInstance.cs(20,9): error CS0246: The type or namespace name 'Guid' could not be found (are you missing a using directive or an assembly reference?)
Assets\SolarSim\Runtime\Domain\Equipment\SolarPanelInstance.cs(21,9): error CS0246: The type or namespace name 'Guid' could not be found (are you missing a using directive or an assembly reference?)
Assets\SolarSim\Runtime\Domain\Equipment\SolarPanelInstance.cs(26,23): warning CS8632: The annotation for nullable reference types should only be used in code within a '#nullable' annotations context.
Assets\SolarSim\Runtime\Domain\Equipment\SolarPanelInstance.cs(27,23): warning CS8632: The annotation for nullable reference types should only be used in code within a '#nullable' annotations context.
Assets\SolarSim\Runtime\Domain\Electrical\ElectricalConnection.cs(32,27): error CS0246: The type or namespace name 'Guid' could not be found (are you missing a using directive or an assembly reference?)
Assets\SolarSim\Runtime\Domain\Electrical\ElectricalConnection.cs(32,12): error CS0246: The type or namespace name 'Guid' could not be found (are you missing a using directive or an assembly reference?)
Assets\SolarSim\Runtime\Domain\Electrical\ElectricalCalculationService.cs(157,9): error CS0246: The type or namespace name 'IReadOnlyList<>' could not be found (are you missing a using directive or an assembly reference?)
Assets\SolarSim\Runtime\Domain\Electrical\ElectricalCalculationService.cs(158,9): error CS0246: The type or namespace name 'IReadOnlyDictionary<,>' could not be found (are you missing a using directive or an assembly reference?)
Assets\SolarSim\Runtime\Domain\Electrical\ElectricalCalculationService.cs(158,29): error CS0246: The type or namespace name 'Guid' could not be found (are you missing a using directive or an assembly reference?)
Assets\SolarSim\Runtime\Domain\Electrical\ElectricalCalculationService.cs(159,9): error CS0246: The type or namespace name 'IReadOnlyDictionary<,>' could not be found (are you missing a using directive or an assembly reference?)
Assets\SolarSim\Runtime\Domain\Electrical\ElectricalCalculationService.cs(159,29): error CS0246: The type or namespace name 'Guid' could not be found (are you missing a using directive or an assembly reference?)
Assets\SolarSim\Runtime\Application\Serialization\SolarProjectSerializer.cs(670,9): error CS0246: The type or namespace name 'Guid' could not be found (are you missing a using directive or an assembly reference?)
Assets\SolarSim\Runtime\Domain\Electrical\ElectricalCalculationService.cs(203,45): error CS0246: The type or namespace name 'IReadOnlyList<>' could not be found (are you missing a using directive or an assembly reference?)
Assets\SolarSim\Runtime\Domain\Electrical\ElectricalConnection.cs(16,9): error CS0246: The type or namespace name 'Guid' could not be found (are you missing a using directive or an assembly reference?)
Assets\SolarSim\Runtime\Domain\Electrical\ElectricalConnection.cs(17,9): error CS0246: The type or namespace name 'Guid' could not be found (are you missing a using directive or an assembly reference?)
Assets\SolarSim\Runtime\Domain\Electrical\ElectricalConnection.cs(18,9): error CS0246: The type or namespace name 'Guid' could not be found (are you missing a using directive or an assembly reference?)
Assets\SolarSim\Runtime\Domain\Electrical\ElectricalConnection.cs(19,15): warning CS8632: The annotation for nullable reference types should only be used in code within a '#nullable' annotations context.
Assets\SolarSim\Runtime\Domain\Electrical\ElectricalConnection.cs(55,12): error CS0246: The type or namespace name 'List<>' could not be found (are you missing a using directive or an assembly reference?)
Assets\SolarSim\Runtime\Domain\Electrical\ElectricalGraph.cs(7,5): error CS0246: The type or namespace name 'IReadOnlyDictionary<,>' could not be found (are you missing a using directive or an assembly reference?)
Assets\SolarSim\Runtime\Domain\Electrical\ElectricalGraph.cs(7,25): error CS0246: The type or namespace name 'Guid' could not be found (are you missing a using directive or an assembly reference?)
Assets\SolarSim\Runtime\Domain\Electrical\ElectricalGraph.cs(8,5): error CS0246: The type or namespace name 'IReadOnlyDictionary<,>' could not be found (are you missing a using directive or an assembly reference?)
Assets\SolarSim\Runtime\Domain\Electrical\ElectricalGraph.cs(8,25): error CS0246: The type or namespace name 'Guid' could not be found (are you missing a using directive or an assembly reference?)
Assets\SolarSim\Runtime\Domain\Electrical\ElectricalGraph.cs(9,5): error CS0246: The type or namespace name 'IReadOnlyDictionary<,>' could not be found (are you missing a using directive or an assembly reference?)
Assets\SolarSim\Runtime\Domain\Electrical\ElectricalGraph.cs(9,25): error CS0246: The type or namespace name 'Guid' could not be found (are you missing a using directive or an assembly reference?)
Assets\SolarSim\Runtime\Domain\Electrical\ElectricalGraph.cs(10,5): error CS0246: The type or namespace name 'IReadOnlyList<>' could not be found (are you missing a using directive or an assembly reference?)
Assets\SolarSim\Runtime\Domain\Electrical\ElectricalGraph.cs(42,12): error CS0246: The type or namespace name 'IReadOnlyDictionary<,>' could not be found (are you missing a using directive or an assembly reference?)
Assets\SolarSim\Runtime\Domain\Electrical\ElectricalGraph.cs(42,32): error CS0246: The type or namespace name 'Guid' could not be found (are you missing a using directive or an assembly reference?)
Assets\SolarSim\Runtime\Domain\Electrical\ElectricalGraph.cs(13,22): error CS0246: The type or namespace name 'Guid' could not be found (are you missing a using directive or an assembly reference?)
Assets\SolarSim\Runtime\Domain\Electrical\ElectricalGraph.cs(15,26): error CS0246: The type or namespace name 'Guid' could not be found (are you missing a using directive or an assembly reference?)
Assets\SolarSim\Runtime\Domain\Electrical\ElectricalGraph.cs(43,12): error CS0246: The type or namespace name 'IReadOnlyDictionary<,>' could not be found (are you missing a using directive or an assembly reference?)
Assets\SolarSim\Runtime\Domain\Electrical\ElectricalGraph.cs(43,32): error CS0246: The type or namespace name 'Guid' could not be found (are you missing a using directive or an assembly reference?)
Assets\SolarSim\Runtime\Domain\Electrical\ElectricalGraph.cs(16,33): error CS0246: The type or namespace name 'Guid' could not be found (are you missing a using directive or an assembly reference?)
Assets\SolarSim\Runtime\Domain\Electrical\ElectricalGraph.cs(17,22): error CS0246: The type or namespace name 'Guid' could not be found (are you missing a using directive or an assembly reference?)
Assets\SolarSim\Runtime\Domain\Electrical\ElectricalGraph.cs(44,12): error CS0246: The type or namespace name 'IReadOnlyDictionary<,>' could not be found (are you missing a using directive or an assembly reference?)
Assets\SolarSim\Runtime\Domain\Electrical\ElectricalGraph.cs(44,32): error CS0246: The type or namespace name 'Guid' could not be found (are you missing a using directive or an assembly reference?)
Assets\SolarSim\Runtime\Domain\Electrical\ElectricalGraph.cs(18,26): error CS0246: The type or namespace name 'Guid' could not be found (are you missing a using directive or an assembly reference?)
Assets\SolarSim\Runtime\Domain\Electrical\ElectricalGraph.cs(45,12): error CS0246: The type or namespace name 'IReadOnlyList<>' could not be found (are you missing a using directive or an assembly reference?)
Assets\SolarSim\Runtime\Domain\Electrical\ElectricalGraph.cs(19,28): error CS0246: The type or namespace name 'Guid' could not be found (are you missing a using directive or an assembly reference?)
Assets\SolarSim\Runtime\Domain\Electrical\ElectricalGraph.cs(20,21): error CS0246: The type or namespace name 'Guid' could not be found (are you missing a using directive or an assembly reference?)
Assets\SolarSim\Runtime\Domain\Electrical\ElectricalGraph.cs(21,26): error CS0246: The type or namespace name 'Guid' could not be found (are you missing a using directive or an assembly reference?)
Assets\SolarSim\Runtime\Domain\Electrical\ElectricalGraph.cs(69,29): error CS0246: The type or namespace name 'Guid' could not be found (are you missing a using directive or an assembly reference?)
Assets\SolarSim\Runtime\Domain\Electrical\ElectricalGraph.cs(83,33): error CS0246: The type or namespace name 'Guid' could not be found (are you missing a using directive or an assembly reference?)
Assets\SolarSim\Runtime\Domain\Electrical\ElectricalGraph.cs(23,43): error CS0246: The type or namespace name 'Guid' could not be found (are you missing a using directive or an assembly reference?)
Assets\SolarSim\Runtime\Domain\Electrical\ElectricalGraph.cs(23,61): error CS0246: The type or namespace name 'Guid' could not be found (are you missing a using directive or an assembly reference?)
Assets\SolarSim\Runtime\Domain\Electrical\ElectricalGraph.cs(23,83): warning CS8632: The annotation for nullable reference types should only be used in code within a '#nullable' annotations context.
Assets\SolarSim\Runtime\Domain\Electrical\ElectricalGraph.cs(23,115): warning CS8632: The annotation for nullable reference types should only be used in code within a '#nullable' annotations context.
Assets\SolarSim\Runtime\Domain\Roof\RoofSurface.cs(25,12): error CS0246: The type or namespace name 'Guid' could not be found (are you missing a using directive or an assembly reference?)
Assets\SolarSim\Runtime\Domain\Electrical\ElectricalGraph.cs(109,40): error CS0246: The type or namespace name 'Guid' could not be found (are you missing a using directive or an assembly reference?)
Assets\SolarSim\Runtime\Domain\Electrical\ElectricalGraph.cs(24,21): error CS0246: The type or namespace name 'Guid' could not be found (are you missing a using directive or an assembly reference?)
Assets\SolarSim\Runtime\Domain\Electrical\ElectricalGraph.cs(114,29): error CS0246: The type or namespace name 'Guid' could not be found (are you missing a using directive or an assembly reference?)
Assets\SolarSim\Runtime\Domain\Electrical\ElectricalGraph.cs(117,33): error CS0246: The type or namespace name 'Guid' could not be found (are you missing a using directive or an assembly reference?)
Assets\SolarSim\Runtime\Domain\Roof\RoofSurface.cs(75,12): error CS0246: The type or namespace name 'Guid' could not be found (are you missing a using directive or an assembly reference?)
Assets\SolarSim\Runtime\Domain\Electrical\ElectricalGraph.cs(120,33): error CS0246: The type or namespace name 'Guid' could not be found (are you missing a using directive or an assembly reference?)
Assets\SolarSim\Runtime\Domain\Electrical\ElectricalGraph.cs(138,35): error CS0246: The type or namespace name 'Guid' could not be found (are you missing a using directive or an assembly reference?)
Assets\SolarSim\Runtime\Domain\Electrical\ElectricalGraph.cs(143,28): error CS0246: The type or namespace name 'Guid' could not be found (are you missing a using directive or an assembly reference?)
Assets\SolarSim\Runtime\Domain\Roof\RoofSurface.cs(35,9): error CS0246: The type or namespace name 'Guid' could not be found (are you missing a using directive or an assembly reference?)
Assets\SolarSim\Runtime\Domain\Roof\RoofSurface.cs(41,15): warning CS8632: The annotation for nullable reference types should only be used in code within a '#nullable' annotations context.
Assets\SolarSim\Runtime\Domain\Roof\RoofSurface.cs(85,12): error CS0246: The type or namespace name 'IReadOnlyList<>' could not be found (are you missing a using directive or an assembly reference?)
Assets\SolarSim\Runtime\Domain\Electrical\ElectricalGraph.cs(147,9): error CS0246: The type or namespace name 'Guid' could not be found (are you missing a using directive or an assembly reference?)
Assets\SolarSim\Runtime\Domain\Electrical\ElectricalGraph.cs(148,9): error CS0246: The type or namespace name 'Guid' could not be found (are you missing a using directive or an assembly reference?)
Assets\SolarSim\Runtime\Domain\Electrical\ElectricalGraph.cs(149,15): warning CS8632: The annotation for nullable reference types should only be used in code within a '#nullable' annotations context.
Assets\SolarSim\Runtime\Domain\Electrical\ElectricalGraph.cs(150,33): warning CS8632: The annotation for nullable reference types should only be used in code within a '#nullable' annotations context.
Assets\SolarSim\Runtime\Domain\Roof\RoofSurface.cs(86,12): error CS0246: The type or namespace name 'IReadOnlyList<>' could not be found (are you missing a using directive or an assembly reference?)
Assets\SolarSim\Runtime\Domain\Electrical\ElectricalGraph.cs(204,28): error CS0246: The type or namespace name 'Guid' could not be found (are you missing a using directive or an assembly reference?)
Assets\SolarSim\Runtime\Domain\Roof\RoofSurface.cs(107,29): error CS0246: The type or namespace name 'IEnumerable<>' could not be found (are you missing a using directive or an assembly reference?)
Assets\SolarSim\Runtime\Domain\Electrical\ElectricalGraph.cs(307,40): error CS0246: The type or namespace name 'List<>' could not be found (are you missing a using directive or an assembly reference?)
Assets\SolarSim\Runtime\Domain\Electrical\ElectricalGraph.cs(307,45): error CS0246: The type or namespace name 'Guid' could not be found (are you missing a using directive or an assembly reference?)
Assets\SolarSim\Runtime\Domain\Electrical\ElectricalGraph.cs(307,13): error CS0246: The type or namespace name 'List<>' could not be found (are you missing a using directive or an assembly reference?)
Assets\SolarSim\Runtime\Domain\Electrical\ElectricalGraph.cs(307,18): error CS0246: The type or namespace name 'Guid' could not be found (are you missing a using directive or an assembly reference?)
Assets\SolarSim\Runtime\Domain\Roof\RoofSurface.cs(160,32): error CS0246: The type or namespace name 'Guid' could not be found (are you missing a using directive or an assembly reference?)
Assets\SolarSim\Runtime\Domain\Roof\RoofSurface.cs(162,39): error CS0246: The type or namespace name 'Guid' could not be found (are you missing a using directive or an assembly reference?)
Assets\SolarSim\Runtime\Domain\Roof\RoofSurface.cs(162,24): warning CS8632: The annotation for nullable reference types should only be used in code within a '#nullable' annotations context.
Assets\SolarSim\Runtime\Domain\Electrical\ElectricalGraph.cs(354,49): error CS0246: The type or namespace name 'Guid' could not be found (are you missing a using directive or an assembly reference?)
Assets\SolarSim\Runtime\Domain\Electrical\ElectricalGraph.cs(354,13): error CS0246: The type or namespace name 'IEnumerable<>' could not be found (are you missing a using directive or an assembly reference?)
Assets\SolarSim\Runtime\Domain\Electrical\ElectricalGraph.cs(354,25): error CS0246: The type or namespace name 'Guid' could not be found (are you missing a using directive or an assembly reference?)
Assets\SolarSim\Runtime\Domain\Electrical\ElectricalPort.cs(11,12): error CS0246: The type or namespace name 'Guid' could not be found (are you missing a using directive or an assembly reference?)
Assets\SolarSim\Runtime\Domain\Roof\RoofSurface.cs(166,12): error CS0246: The type or namespace name 'IReadOnlyList<>' could not be found (are you missing a using directive or an assembly reference?)
Assets\SolarSim\Runtime\Domain\Electrical\ElectricalPort.cs(12,12): error CS0246: The type or namespace name 'Guid' could not be found (are you missing a using directive or an assembly reference?)
Assets\SolarSim\Runtime\Domain\Roof\RoofSurface.cs(72,22): error CS0246: The type or namespace name 'List<>' could not be found (are you missing a using directive or an assembly reference?)
Assets\SolarSim\Runtime\Domain\Roof\RoofSurface.cs(73,22): error CS0246: The type or namespace name 'List<>' could not be found (are you missing a using directive or an assembly reference?)
Assets\SolarSim\Runtime\Domain\Roof\RoofSurface.cs(90,24): error CS0246: The type or namespace name 'Guid' could not be found (are you missing a using directive or an assembly reference?)
Assets\SolarSim\Runtime\Domain\Electrical\ElectricalPort.cs(18,12): error CS0246: The type or namespace name 'Guid' could not be found (are you missing a using directive or an assembly reference?)
Assets\SolarSim\Runtime\Domain\Electrical\ElectricalGraph.cs(35,22): error CS0246: The type or namespace name 'Dictionary<,>' could not be found (are you missing a using directive or an assembly reference?)
Assets\SolarSim\Runtime\Domain\Electrical\ElectricalGraph.cs(35,33): error CS0246: The type or namespace name 'Guid' could not be found (are you missing a using directive or an assembly reference?)
Assets\SolarSim\Runtime\Domain\Electrical\ElectricalGraph.cs(36,22): error CS0246: The type or namespace name 'Dictionary<,>' could not be found (are you missing a using directive or an assembly reference?)
Assets\SolarSim\Runtime\Domain\Electrical\ElectricalGraph.cs(36,33): error CS0246: The type or namespace name 'Guid' could not be found (are you missing a using directive or an assembly reference?)
Assets\SolarSim\Runtime\Domain\Electrical\ElectricalPort.cs(51,34): error CS0246: The type or namespace name 'Guid' could not be found (are you missing a using directive or an assembly reference?)
Assets\SolarSim\Runtime\Domain\Electrical\ElectricalPort.cs(58,33): error CS0246: The type or namespace name 'Guid' could not be found (are you missing a using directive or an assembly reference?)
Assets\SolarSim\Runtime\Domain\Electrical\ElectricalGraph.cs(37,22): error CS0246: The type or namespace name 'Dictionary<,>' could not be found (are you missing a using directive or an assembly reference?)
Assets\SolarSim\Runtime\Domain\Electrical\ElectricalGraph.cs(37,33): error CS0246: The type or namespace name 'Guid' could not be found (are you missing a using directive or an assembly reference?)
Assets\SolarSim\Runtime\Domain\Electrical\ElectricalGraph.cs(38,22): error CS0246: The type or namespace name 'Dictionary<,>' could not be found (are you missing a using directive or an assembly reference?)
Assets\SolarSim\Runtime\Domain\Electrical\ElectricalGraph.cs(38,33): error CS0246: The type or namespace name 'Guid' could not be found (are you missing a using directive or an assembly reference?)
Assets\SolarSim\Runtime\Domain\Electrical\ElectricalGraph.cs(39,22): error CS0246: The type or namespace name 'List<>' could not be found (are you missing a using directive or an assembly reference?)
Assets\SolarSim\Runtime\Domain\Electrical\ElectricalGraph.cs(40,22): error CS0246: The type or namespace name 'Dictionary<,>' could not be found (are you missing a using directive or an assembly reference?)
Assets\SolarSim\Runtime\Domain\Electrical\ElectricalGraph.cs(40,41): error CS0246: The type or namespace name 'Guid' could not be found (are you missing a using directive or an assembly reference?)
Assets\SolarSim\Runtime\Domain\Electrical\ElectricalPort.cs(22,9): error CS0246: The type or namespace name 'Guid' could not be found (are you missing a using directive or an assembly reference?)
Assets\SolarSim\Runtime\Domain\Electrical\ElectricalPort.cs(23,9): error CS0246: The type or namespace name 'Guid' could not be found (are you missing a using directive or an assembly reference?)
Assets\SolarSim\Runtime\Domain\Electrical\ElectricalPort.cs(28,9): error CS0246: The type or namespace name 'Guid' could not be found (are you missing a using directive or an assembly reference?)
Assets\SolarSim\Runtime\Domain\Electrical\ElectricalPort.cs(30,15): warning CS8632: The annotation for nullable reference types should only be used in code within a '#nullable' annotations context.
Assets\SolarSim\Runtime\Application\Commands\ProjectCommands.cs(243,38): warning CS8632: The annotation for nullable reference types should only be used in code within a '#nullable' annotations context.
Assets\SolarSim\Runtime\Application\Commands\ProjectCommands.cs(244,12): error CS0246: The type or namespace name 'Guid' could not be found (are you missing a using directive or an assembly reference?)
Assets\SolarSim\Runtime\Application\Commands\ProjectCommands.cs(278,22): error CS0246: The type or namespace name 'Guid' could not be found (are you missing a using directive or an assembly reference?)
Assets\SolarSim\Runtime\Application\Commands\ProjectCommands.cs(279,33): warning CS8632: The annotation for nullable reference types should only be used in code within a '#nullable' annotations context.
Assets\SolarSim\Runtime\Application\Commands\ProjectCommands.cs(366,22): error CS0246: The type or namespace name 'Guid' could not be found (are you missing a using directive or an assembly reference?)
Assets\SolarSim\Runtime\Application\Commands\ProjectCommands.cs(325,22): error CS0246: The type or namespace name 'Guid' could not be found (are you missing a using directive or an assembly reference?)
Assets\SolarSim\Runtime\Domain\Electrical\MpptCompatibilityService.cs(27,12): error CS0246: The type or namespace name 'Guid' could not be found (are you missing a using directive or an assembly reference?)
Assets\SolarSim\Runtime\Domain\Electrical\MpptCompatibilityService.cs(27,35): error CS0518: Predefined type 'System.Runtime.CompilerServices.IsExternalInit' is not defined or imported
Assets\SolarSim\Runtime\Domain\Electrical\MpptCompatibilityService.cs(7,36): error CS0518: Predefined type 'System.Runtime.CompilerServices.IsExternalInit' is not defined or imported
Assets\SolarSim\Runtime\Domain\Electrical\MpptCompatibilityService.cs(28,31): error CS0518: Predefined type 'System.Runtime.CompilerServices.IsExternalInit' is not defined or imported
Assets\SolarSim\Runtime\Application\Commands\ProjectCommands.cs(281,52): error CS0246: The type or namespace name 'Guid' could not be found (are you missing a using directive or an assembly reference?)
Assets\SolarSim\Runtime\Domain\Electrical\MpptCompatibilityService.cs(29,49): error CS0518: Predefined type 'System.Runtime.CompilerServices.IsExternalInit' is not defined or imported
Assets\SolarSim\Runtime\Domain\Electrical\MpptCompatibilityService.cs(8,12): error CS0246: The type or namespace name 'Guid' could not be found (are you missing a using directive or an assembly reference?)
Assets\SolarSim\Runtime\Application\Commands\ProjectCommands.cs(369,51): error CS0246: The type or namespace name 'Guid' could not be found (are you missing a using directive or an assembly reference?)
Assets\SolarSim\Runtime\Domain\Electrical\MpptCompatibilityService.cs(8,39): error CS0518: Predefined type 'System.Runtime.CompilerServices.IsExternalInit' is not defined or imported
Assets\SolarSim\Runtime\Application\Commands\ProjectCommands.cs(329,55): error CS0246: The type or namespace name 'Guid' could not be found (are you missing a using directive or an assembly reference?)
Assets\SolarSim\Runtime\Application\Commands\ProjectCommands.cs(229,22): error CS0246: The type or namespace name 'Guid' could not be found (are you missing a using directive or an assembly reference?)
Assets\SolarSim\Runtime\Domain\Electrical\MpptCompatibilityService.cs(9,12): error CS0246: The type or namespace name 'Guid' could not be found (are you missing a using directive or an assembly reference?)
Assets\SolarSim\Runtime\Domain\Electrical\MpptCompatibilityService.cs(30,12): error CS0246: The type or namespace name 'IReadOnlyList<>' could not be found (are you missing a using directive or an assembly reference?)
Assets\SolarSim\Runtime\Domain\Electrical\MpptCompatibilityService.cs(9,39): error CS0518: Predefined type 'System.Runtime.CompilerServices.IsExternalInit' is not defined or imported
Assets\SolarSim\Runtime\Domain\Electrical\MpptCompatibilityService.cs(30,61): error CS0518: Predefined type 'System.Runtime.CompilerServices.IsExternalInit' is not defined or imported
Assets\SolarSim\Runtime\Domain\Electrical\MpptCompatibilityService.cs(10,42): error CS0518: Predefined type 'System.Runtime.CompilerServices.IsExternalInit' is not defined or imported
Assets\SolarSim\Runtime\Domain\Electrical\MpptCompatibilityService.cs(11,42): error CS0518: Predefined type 'System.Runtime.CompilerServices.IsExternalInit' is not defined or imported
Assets\SolarSim\Runtime\Domain\Electrical\SingleLineDiagramService.cs(13,9): error CS0246: The type or namespace name 'IReadOnlyDictionary<,>' could not be found (are you missing a using directive or an assembly reference?)
Assets\SolarSim\Runtime\Domain\Electrical\SingleLineDiagramService.cs(13,29): error CS0246: The type or namespace name 'Guid' could not be found (are you missing a using directive or an assembly reference?)
Assets\SolarSim\Runtime\Domain\Electrical\SingleLineDiagramService.cs(14,9): error CS0246: The type or namespace name 'IReadOnlyList<>' could not be found (are you missing a using directive or an assembly reference?)
Assets\SolarSim\Runtime\Application\Commands\ProjectCommands.cs(230,22): error CS0246: The type or namespace name 'Guid' could not be found (are you missing a using directive or an assembly reference?)
Assets\SolarSim\Runtime\Domain\Electrical\MpptCompatibilityService.cs(31,12): error CS0246: The type or namespace name 'IReadOnlyList<>' could not be found (are you missing a using directive or an assembly reference?)
Assets\SolarSim\Runtime\Domain\Electrical\MpptCompatibilityService.cs(31,57): error CS0518: Predefined type 'System.Runtime.CompilerServices.IsExternalInit' is not defined or imported
Assets\SolarSim\Runtime\Domain\Electrical\MpptCompatibilityService.cs(12,12): error CS0246: The type or namespace name 'IReadOnlyList<>' could not be found (are you missing a using directive or an assembly reference?)
Assets\SolarSim\Runtime\Domain\Electrical\MpptCompatibilityService.cs(12,26): error CS0246: The type or namespace name 'Guid' could not be found (are you missing a using directive or an assembly reference?)
Assets\SolarSim\Runtime\Domain\Electrical\MpptCompatibilityService.cs(43,9): error CS0246: The type or namespace name 'IReadOnlyDictionary<,>' could not be found (are you missing a using directive or an assembly reference?)
Assets\SolarSim\Runtime\Domain\Electrical\MpptCompatibilityService.cs(43,29): error CS0246: The type or namespace name 'Guid' could not be found (are you missing a using directive or an assembly reference?)
Assets\SolarSim\Runtime\Domain\Electrical\MpptCompatibilityService.cs(44,29): warning CS8632: The annotation for nullable reference types should only be used in code within a '#nullable' annotations context.
Assets\SolarSim\Runtime\Domain\Electrical\MpptCompatibilityService.cs(40,19): error CS0246: The type or namespace name 'IReadOnlyList<>' could not be found (are you missing a using directive or an assembly reference?)
Assets\SolarSim\Runtime\Domain\Electrical\MpptCompatibilityService.cs(12,48): error CS0518: Predefined type 'System.Runtime.CompilerServices.IsExternalInit' is not defined or imported
Assets\SolarSim\Runtime\Application\Commands\ProjectCommands.cs(232,13): error CS0246: The type or namespace name 'Guid' could not be found (are you missing a using directive or an assembly reference?)
Assets\SolarSim\Runtime\Application\Commands\ProjectCommands.cs(233,39): warning CS8632: The annotation for nullable reference types should only be used in code within a '#nullable' annotations context.
Assets\SolarSim\Runtime\Domain\Electrical\MpptCompatibilityService.cs(13,12): error CS0246: The type or namespace name 'IReadOnlyList<>' could not be found (are you missing a using directive or an assembly reference?)
Assets\SolarSim\Runtime\Domain\Electrical\MpptCompatibilityService.cs(13,26): error CS0246: The type or namespace name 'Guid' could not be found (are you missing a using directive or an assembly reference?)
Assets\SolarSim\Runtime\Domain\Electrical\MpptCompatibilityService.cs(61,9): error CS0246: The type or namespace name 'IReadOnlyDictionary<,>' could not be found (are you missing a using directive or an assembly reference?)
Assets\SolarSim\Runtime\Domain\Electrical\MpptCompatibilityService.cs(61,29): error CS0246: The type or namespace name 'Guid' could not be found (are you missing a using directive or an assembly reference?)
Assets\SolarSim\Runtime\Domain\Electrical\MpptCompatibilityService.cs(62,29): warning CS8632: The annotation for nullable reference types should only be used in code within a '#nullable' annotations context.
Assets\SolarSim\Runtime\Domain\Electrical\MpptCompatibilityService.cs(13,49): error CS0518: Predefined type 'System.Runtime.CompilerServices.IsExternalInit' is not defined or imported
Assets\SolarSim\Runtime\Domain\Electrical\MpptCompatibilityService.cs(14,36): error CS0518: Predefined type 'System.Runtime.CompilerServices.IsExternalInit' is not defined or imported
Assets\SolarSim\Runtime\Domain\Electrical\MpptCompatibilityService.cs(15,40): error CS0518: Predefined type 'System.Runtime.CompilerServices.IsExternalInit' is not defined or imported
Assets\SolarSim\Runtime\Domain\Electrical\MpptCompatibilityService.cs(16,36): error CS0518: Predefined type 'System.Runtime.CompilerServices.IsExternalInit' is not defined or imported
Assets\SolarSim\Runtime\Domain\Electrical\MpptCompatibilityService.cs(130,9): error CS0246: The type or namespace name 'IReadOnlyDictionary<,>' could not be found (are you missing a using directive or an assembly reference?)
Assets\SolarSim\Runtime\Domain\Electrical\MpptCompatibilityService.cs(130,29): error CS0246: The type or namespace name 'Guid' could not be found (are you missing a using directive or an assembly reference?)
Assets\SolarSim\Runtime\Domain\Electrical\StringSizingService.cs(7,12): error CS0246: The type or namespace name 'Guid' could not be found (are you missing a using directive or an assembly reference?)
Assets\SolarSim\Runtime\Domain\Electrical\StringSizingService.cs(7,42): error CS0518: Predefined type 'System.Runtime.CompilerServices.IsExternalInit' is not defined or imported
Assets\SolarSim\Runtime\Domain\Electrical\MpptCompatibilityService.cs(17,39): error CS0518: Predefined type 'System.Runtime.CompilerServices.IsExternalInit' is not defined or imported
Assets\SolarSim\Runtime\Domain\Electrical\StringSizingService.cs(8,36): error CS0518: Predefined type 'System.Runtime.CompilerServices.IsExternalInit' is not defined or imported
Assets\SolarSim\Runtime\Domain\Electrical\MpptCompatibilityService.cs(18,35): error CS0518: Predefined type 'System.Runtime.CompilerServices.IsExternalInit' is not defined or imported
Assets\SolarSim\Runtime\Domain\Electrical\StringSizingService.cs(9,38): error CS0518: Predefined type 'System.Runtime.CompilerServices.IsExternalInit' is not defined or imported
Assets\SolarSim\Runtime\Domain\Electrical\MpptCompatibilityService.cs(19,35): error CS0518: Predefined type 'System.Runtime.CompilerServices.IsExternalInit' is not defined or imported
Assets\SolarSim\Runtime\Domain\Electrical\StringSizingService.cs(10,39): error CS0518: Predefined type 'System.Runtime.CompilerServices.IsExternalInit' is not defined or imported
Assets\SolarSim\Runtime\Domain\Electrical\MpptCompatibilityService.cs(375,9): error CS0246: The type or namespace name 'Guid' could not be found (are you missing a using directive or an assembly reference?)
Assets\SolarSim\Runtime\Domain\Electrical\MpptCompatibilityService.cs(376,9): error CS0246: The type or namespace name 'HashSet<>' could not be found (are you missing a using directive or an assembly reference?)
Assets\SolarSim\Runtime\Domain\Electrical\MpptCompatibilityService.cs(376,17): error CS0246: The type or namespace name 'Guid' could not be found (are you missing a using directive or an assembly reference?)
Assets\SolarSim\Runtime\Domain\Electrical\StringSizingService.cs(11,38): error CS0518: Predefined type 'System.Runtime.CompilerServices.IsExternalInit' is not defined or imported
Assets\SolarSim\Runtime\Application\Commands\ProjectCommands.cs(235,54): error CS0246: The type or namespace name 'Guid' could not be found (are you missing a using directive or an assembly reference?)
Assets\SolarSim\Runtime\Application\Commands\ProjectCommands.cs(235,72): error CS0246: The type or namespace name 'Guid' could not be found (are you missing a using directive or an assembly reference?)
Assets\SolarSim\Runtime\Application\Commands\ProjectCommands.cs(235,94): warning CS8632: The annotation for nullable reference types should only be used in code within a '#nullable' annotations context.
Assets\SolarSim\Runtime\Domain\Electrical\StringSizingService.cs(12,44): error CS0518: Predefined type 'System.Runtime.CompilerServices.IsExternalInit' is not defined or imported
Assets\SolarSim\Runtime\Domain\Electrical\MpptCompatibilityService.cs(20,37): error CS0518: Predefined type 'System.Runtime.CompilerServices.IsExternalInit' is not defined or imported
Assets\SolarSim\Runtime\Domain\Electrical\StringSizingService.cs(13,41): error CS0518: Predefined type 'System.Runtime.CompilerServices.IsExternalInit' is not defined or imported
Assets\SolarSim\Runtime\Domain\Electrical\MpptCompatibilityService.cs(21,36): error CS0518: Predefined type 'System.Runtime.CompilerServices.IsExternalInit' is not defined or imported
Assets\SolarSim\Runtime\Domain\Electrical\StringSizingService.cs(14,50): error CS0518: Predefined type 'System.Runtime.CompilerServices.IsExternalInit' is not defined or imported
Assets\SolarSim\Runtime\Domain\Electrical\StringSizingService.cs(15,44): error CS0518: Predefined type 'System.Runtime.CompilerServices.IsExternalInit' is not defined or imported
Assets\SolarSim\Runtime\Domain\Electrical\StringSizingService.cs(16,45): error CS0518: Predefined type 'System.Runtime.CompilerServices.IsExternalInit' is not defined or imported
Assets\SolarSim\Runtime\Domain\Electrical\StringSizingService.cs(17,47): error CS0518: Predefined type 'System.Runtime.CompilerServices.IsExternalInit' is not defined or imported
Assets\SolarSim\Runtime\Domain\Electrical\StringSizingService.cs(41,9): error CS0246: The type or namespace name 'Guid' could not be found (are you missing a using directive or an assembly reference?)
Assets\SolarSim\Runtime\Domain\Electrical\StringSizingService.cs(18,47): error CS0518: Predefined type 'System.Runtime.CompilerServices.IsExternalInit' is not defined or imported
Assets\SolarSim\Runtime\Domain\Electrical\StringSizingService.cs(21,42): error CS0518: Predefined type 'System.Runtime.CompilerServices.IsExternalInit' is not defined or imported
Assets\SolarSim\Runtime\Domain\Electrical\StringSizingService.cs(24,42): error CS0518: Predefined type 'System.Runtime.CompilerServices.IsExternalInit' is not defined or imported
Assets\SolarSim\Runtime\Domain\Electrical\StringSizingService.cs(27,47): error CS0518: Predefined type 'System.Runtime.CompilerServices.IsExternalInit' is not defined or imported
Assets\SolarSim\Runtime\Domain\Electrical\MpptCompatibilityService.cs(22,12): error CS0246: The type or namespace name 'IReadOnlyList<>' could not be found (are you missing a using directive or an assembly reference?)
Assets\SolarSim\Runtime\Domain\Electrical\MpptCompatibilityService.cs(22,57): error CS0518: Predefined type 'System.Runtime.CompilerServices.IsExternalInit' is not defined or imported
Assets\SolarSim\Runtime\Domain\Electrical\StringSizingService.cs(29,12): error CS0246: The type or namespace name 'IReadOnlyList<>' could not be found (are you missing a using directive or an assembly reference?)
Assets\SolarSim\Runtime\Domain\Electrical\StringSizingService.cs(29,57): error CS0518: Predefined type 'System.Runtime.CompilerServices.IsExternalInit' is not defined or imported
Assets\SolarSim\Runtime\Domain\Electrical\VoltageDropCalculator.cs(9,29): error CS0246: The type or namespace name 'Dictionary<,>' could not be found (are you missing a using directive or an assembly reference?)
Assets\SolarSim\Runtime\Domain\Electrical\TemperatureDeratingService.cs(57,9): error CS0246: The type or namespace name 'IReadOnlyList<>' could not be found (are you missing a using directive or an assembly reference?)
Assets\SolarSim\Runtime\Domain\Electrical\TemperatureDeratingService.cs(65,9): error CS0246: The type or namespace name 'IReadOnlyList<>' could not be found (are you missing a using directive or an assembly reference?)
Assets\SolarSim\Runtime\Domain\Electrical\VoltageDropCalculator.cs(60,12): error CS0518: Predefined type 'System.Runtime.CompilerServices.IsExternalInit' is not defined or imported
Assets\SolarSim\Runtime\Domain\Electrical\VoltageDropCalculator.cs(61,12): error CS0518: Predefined type 'System.Runtime.CompilerServices.IsExternalInit' is not defined or imported
Assets\SolarSim\Runtime\Domain\Electrical\VoltageDropCalculator.cs(62,12): error CS0518: Predefined type 'System.Runtime.CompilerServices.IsExternalInit' is not defined or imported
Assets\SolarSim\Runtime\Domain\Electrical\VoltageDropCalculator.cs(63,12): error CS0518: Predefined type 'System.Runtime.CompilerServices.IsExternalInit' is not defined or imported
Assets\SolarSim\Runtime\Domain\Electrical\VoltageDropCalculator.cs(64,12): error CS0518: Predefined type 'System.Runtime.CompilerServices.IsExternalInit' is not defined or imported
Assets\SolarSim\Runtime\Domain\Electrical\VoltageDropCalculator.cs(65,13): error CS0518: Predefined type 'System.Runtime.CompilerServices.IsExternalInit' is not defined or imported
Assets\SolarSim\Runtime\Domain\Electrical\VoltageDropCalculator.cs(66,18): error CS0518: Predefined type 'System.Runtime.CompilerServices.IsExternalInit' is not defined or imported
Assets\SolarSim\Runtime\Domain\Electrical\VoltageDropCalculator.cs(67,12): error CS0518: Predefined type 'System.Runtime.CompilerServices.IsExternalInit' is not defined or imported
Assets\SolarSim\Runtime\Domain\Electrical\VoltageDropCalculator.cs(68,12): error CS0518: Predefined type 'System.Runtime.CompilerServices.IsExternalInit' is not defined or imported
Assets\SolarSim\Runtime\Domain\Electrical\VoltageDropCalculator.cs(69,10): error CS0518: Predefined type 'System.Runtime.CompilerServices.IsExternalInit' is not defined or imported
Assets\SolarSim\Runtime\Domain\Electrical\WireRouting.cs(12,9): error CS0246: The type or namespace name 'IReadOnlyList<>' could not be found (are you missing a using directive or an assembly reference?)
Assets\SolarSim\Runtime\Domain\Electrical\WireRouting.cs(30,9): error CS0246: The type or namespace name 'IList<>' could not be found (are you missing a using directive or an assembly reference?)
Assets\SolarSim\Runtime\Domain\Equipment\ElectricalEquipmentInstance.cs(20,12): error CS0246: The type or namespace name 'Guid' could not be found (are you missing a using directive or an assembly reference?)
Assets\SolarSim\Runtime\Domain\Equipment\ElectricalEquipmentInstance.cs(29,35): warning CS8632: The annotation for nullable reference types should only be used in code within a '#nullable' annotations context.
Assets\SolarSim\Runtime\Domain\Equipment\ElectricalEquipmentInstance.cs(31,12): error CS0246: The type or namespace name 'IReadOnlyList<>' could not be found (are you missing a using directive or an assembly reference?)
Assets\SolarSim\Runtime\Domain\Equipment\ElectricalEquipmentInstance.cs(78,35): error CS0246: The type or namespace name 'Guid' could not be found (are you missing a using directive or an assembly reference?)
Assets\SolarSim\Runtime\Domain\Equipment\ElectricalEquipmentInstance.cs(83,9): error CS0246: The type or namespace name 'Guid' could not be found (are you missing a using directive or an assembly reference?)
Assets\SolarSim\Runtime\Domain\Equipment\ElectricalEquipmentInstance.cs(91,9): error CS0246: The type or namespace name 'List<>' could not be found (are you missing a using directive or an assembly reference?)
Assets\SolarSim\Runtime\Domain\Equipment\ElectricalEquipmentInstance.cs(92,32): warning CS8632: The annotation for nullable reference types should only be used in code within a '#nullable' annotations context.
Assets\SolarSim\Runtime\Domain\Equipment\ElectricalEquipmentInstance.cs(105,9): error CS0246: The type or namespace name 'Guid' could not be found (are you missing a using directive or an assembly reference?)
Assets\SolarSim\Runtime\Domain\Equipment\ElectricalEquipmentInstance.cs(109,15): warning CS8632: The annotation for nullable reference types should only be used in code within a '#nullable' annotations context.
Assets\SolarSim\Runtime\Domain\Equipment\ElectricalEquipmentInstance.cs(143,9): error CS0246: The type or namespace name 'Guid' could not be found (are you missing a using directive or an assembly reference?)
Assets\SolarSim\Runtime\Domain\Equipment\ElectricalEquipmentInstance.cs(146,15): warning CS8632: The annotation for nullable reference types should only be used in code within a '#nullable' annotations context.
Assets\SolarSim\Runtime\Domain\Equipment\ElectricalEquipmentInstance.cs(169,9): error CS0246: The type or namespace name 'Guid' could not be found (are you missing a using directive or an assembly reference?)
Assets\SolarSim\Runtime\Domain\Equipment\ElectricalEquipmentInstance.cs(173,15): warning CS8632: The annotation for nullable reference types should only be used in code within a '#nullable' annotations context.
Assets\SolarSim\Runtime\Domain\Equipment\ElectricalEquipmentInstance.cs(200,9): error CS0246: The type or namespace name 'Guid' could not be found (are you missing a using directive or an assembly reference?)
Assets\SolarSim\Runtime\Domain\Equipment\ElectricalEquipmentInstance.cs(204,15): warning CS8632: The annotation for nullable reference types should only be used in code within a '#nullable' annotations context.
Assets\SolarSim\Runtime\Domain\Equipment\ElectricalEquipmentInstance.cs(232,9): error CS0246: The type or namespace name 'Guid' could not be found (are you missing a using directive or an assembly reference?)
Assets\SolarSim\Runtime\Domain\Equipment\ElectricalEquipmentInstance.cs(235,15): warning CS8632: The annotation for nullable reference types should only be used in code within a '#nullable' annotations context.
Assets\SolarSim\Runtime\Domain\Equipment\ElectricalEquipmentInstance.cs(259,9): error CS0246: The type or namespace name 'Guid' could not be found (are you missing a using directive or an assembly reference?)
Assets\SolarSim\Runtime\Domain\Equipment\ElectricalEquipmentInstance.cs(262,15): warning CS8632: The annotation for nullable reference types should only be used in code within a '#nullable' annotations context.
Assets\SolarSim\Runtime\Domain\Equipment\ElectricalEquipmentInstance.cs(18,22): error CS0246: The type or namespace name 'List<>' could not be found (are you missing a using directive or an assembly reference?)
Assets\SolarSim\Runtime\Domain\Equipment\ElectricalEquipmentInstance.cs(34,9): error CS0246: The type or namespace name 'Guid' could not be found (are you missing a using directive or an assembly reference?)
Assets\SolarSim\Runtime\Domain\Equipment\ElectricalEquipmentInstance.cs(42,9): error CS0246: The type or namespace name 'List<>' could not be found (are you missing a using directive or an assembly reference?)
Assets\SolarSim\Runtime\Domain\Equipment\ElectricalEquipmentInstance.cs(43,32): warning CS8632: The annotation for nullable reference types should only be used in code within a '#nullable' annotations context.

## Script Compilation Error for: Csc Library/Bee/artifacts/1900b0aE.dag/Unity.InputSystem.dll (+2 others)
## CmdLine: "C:\Program Files\Unity\Hub\Editor\6000.5.5f1\Editor\Data\DotNetSdk\dotnet.exe" exec "C:/Program Files/Unity/Hub/Editor/6000.5.5f1/Editor/Data/DotNetSdk/sdk/8.0.318/Roslyn/bincore/csc.dll" /nostdlib /noconfig /shared "@Library/Bee/artifacts/1900b0aE.dag/Unity.InputSystem.rsp" "@Library/Bee/artifacts/1900b0aE.dag/Unity.InputSystem.rsp2"
## Output:
Library\PackageCache\com.unity.inputsystem@7fe8299111a7\InputSystem\Plugins\HID\HIDDescriptorWindow.cs(95,34): error CS0619: 'TreeViewState' is obsolete: 'TreeViewState is now deprecated. You can likely now use TreeViewState<int> instead and not think more about it. But if you were using that identifier to store InstanceID data, you should instead opt to upgrade your TreeViews to use TreeViewState<InstanceID> to get the proper typing.'
Library\PackageCache\com.unity.inputsystem@7fe8299111a7\InputSystem\Plugins\HID\HIDDescriptorWindow.cs(113,47): error CS0619: 'TreeView' is obsolete: 'TreeView is now deprecated. You can likely now use TreeView<int> instead and not think more about it. But if you were using that identifier to store InstanceID data, you should instead opt to upgrade your TreeViews to use TreeView<InstanceID> to get the proper typing.'
Library\PackageCache\com.unity.inputsystem@7fe8299111a7\InputSystem\Plugins\HID\HIDDescriptorWindow.cs(117,42): error CS0619: 'TreeViewState' is obsolete: 'TreeViewState is now deprecated. You can likely now use TreeViewState<int> instead and not think more about it. But if you were using that identifier to store InstanceID data, you should instead opt to upgrade your TreeViews to use TreeViewState<InstanceID> to get the proper typing.'
Library\PackageCache\com.unity.inputsystem@7fe8299111a7\InputSystem\Plugins\HID\HIDDescriptorWindow.cs(124,32): error CS0619: 'TreeViewItem' is obsolete: 'TreeViewItem is now deprecated. You can likely now use TreeViewItem<int> instead and not think more about it. But if you were using that identifier to store InstanceID data, you should instead opt to upgrade your TreeViews to use TreeViewItem<InstanceID> to get the proper typing.'
Library\PackageCache\com.unity.inputsystem@7fe8299111a7\InputSystem\Plugins\HID\HIDDescriptorWindow.cs(140,21): error CS0619: 'TreeViewItem' is obsolete: 'TreeViewItem is now deprecated. You can likely now use TreeViewItem<int> instead and not think more about it. But if you were using that identifier to store InstanceID data, you should instead opt to upgrade your TreeViews to use TreeViewItem<InstanceID> to get the proper typing.'
Library\PackageCache\com.unity.inputsystem@7fe8299111a7\InputSystem\Plugins\HID\HIDDescriptorWindow.cs(173,62): error CS0619: 'TreeViewItem' is obsolete: 'TreeViewItem is now deprecated. You can likely now use TreeViewItem<int> instead and not think more about it. But if you were using that identifier to store InstanceID data, you should instead opt to upgrade your TreeViews to use TreeViewItem<InstanceID> to get the proper typing.'
Library\PackageCache\com.unity.inputsystem@7fe8299111a7\InputSystem\Plugins\HID\HIDDescriptorWindow.cs(173,21): error CS0619: 'TreeViewItem' is obsolete: 'TreeViewItem is now deprecated. You can likely now use TreeViewItem<int> instead and not think more about it. But if you were using that identifier to store InstanceID data, you should instead opt to upgrade your TreeViews to use TreeViewItem<InstanceID> to get the proper typing.'
Library\PackageCache\com.unity.inputsystem@7fe8299111a7\InputSystem\Plugins\HID\HIDDescriptorWindow.cs(208,43): error CS0619: 'TreeViewItem' is obsolete: 'TreeViewItem is now deprecated. You can likely now use TreeViewItem<int> instead and not think more about it. But if you were using that identifier to store InstanceID data, you should instead opt to upgrade your TreeViews to use TreeViewItem<InstanceID> to get the proper typing.'
Library\PackageCache\com.unity.inputsystem@7fe8299111a7\InputSystem\Plugins\HID\HIDDescriptorWindow.cs(208,21): error CS0619: 'TreeViewItem' is obsolete: 'TreeViewItem is now deprecated. You can likely now use TreeViewItem<int> instead and not think more about it. But if you were using that identifier to store InstanceID data, you should instead opt to upgrade your TreeViews to use TreeViewItem<InstanceID> to get the proper typing.'
Library\PackageCache\com.unity.inputsystem@7fe8299111a7\InputSystem\Editor\AssetEditor\InputActionTreeViewItems.cs(15,50): error CS0619: 'TreeViewItem' is obsolete: 'TreeViewItem is now deprecated. You can likely now use TreeViewItem<int> instead and not think more about it. But if you were using that identifier to store InstanceID data, you should instead opt to upgrade your TreeViews to use TreeViewItem<InstanceID> to get the proper typing.'
Library\PackageCache\com.unity.inputsystem@7fe8299111a7\InputSystem\Editor\AssetEditor\InputActionEditorWindow.cs(696,52): error CS0619: 'TreeView' is obsolete: 'TreeView is now deprecated. You can likely now use TreeView<int> instead and not think more about it. But if you were using that identifier to store InstanceID data, you should instead opt to upgrade your TreeViews to use TreeView<InstanceID> to get the proper typing.'
Library\PackageCache\com.unity.inputsystem@7fe8299111a7\InputSystem\Editor\AssetEditor\InputActionEditorWindow.cs(821,34): error CS0619: 'TreeViewState' is obsolete: 'TreeViewState is now deprecated. You can likely now use TreeViewState<int> instead and not think more about it. But if you were using that identifier to store InstanceID data, you should instead opt to upgrade your TreeViews to use TreeViewState<InstanceID> to get the proper typing.'
Library\PackageCache\com.unity.inputsystem@7fe8299111a7\InputSystem\Editor\AssetEditor\InputActionEditorWindow.cs(822,34): error CS0619: 'TreeViewState' is obsolete: 'TreeViewState is now deprecated. You can likely now use TreeViewState<int> instead and not think more about it. But if you were using that identifier to store InstanceID data, you should instead opt to upgrade your TreeViews to use TreeViewState<InstanceID> to get the proper typing.'
Library\PackageCache\com.unity.inputsystem@7fe8299111a7\InputSystem\Editor\AssetEditor\InputActionTreeViewItems.cs(177,47): error CS0619: 'TreeViewItem' is obsolete: 'TreeViewItem is now deprecated. You can likely now use TreeViewItem<int> instead and not think more about it. But if you were using that identifier to store InstanceID data, you should instead opt to upgrade your TreeViews to use TreeViewItem<InstanceID> to get the proper typing.'
Library\PackageCache\com.unity.inputsystem@7fe8299111a7\InputSystem\Editor\AssetEditor\InputActionTreeViewItems.cs(188,34): error CS0619: 'TreeViewItem' is obsolete: 'TreeViewItem is now deprecated. You can likely now use TreeViewItem<int> instead and not think more about it. But if you were using that identifier to store InstanceID data, you should instead opt to upgrade your TreeViews to use TreeViewItem<InstanceID> to get the proper typing.'
Library\PackageCache\com.unity.inputsystem@7fe8299111a7\InputSystem\Editor\AssetEditor\InputActionTreeViewItems.cs(198,35): error CS0619: 'TreeViewItem' is obsolete: 'TreeViewItem is now deprecated. You can likely now use TreeViewItem<int> instead and not think more about it. But if you were using that identifier to store InstanceID data, you should instead opt to upgrade your TreeViews to use TreeViewItem<InstanceID> to get the proper typing.'
Library\PackageCache\com.unity.inputsystem@7fe8299111a7\InputSystem\Editor\AssetEditor\InputActionTreeViewItems.cs(193,45): error CS0619: 'TreeViewItem' is obsolete: 'TreeViewItem is now deprecated. You can likely now use TreeViewItem<int> instead and not think more about it. But if you were using that identifier to store InstanceID data, you should instead opt to upgrade your TreeViews to use TreeViewItem<InstanceID> to get the proper typing.'
Library\PackageCache\com.unity.inputsystem@7fe8299111a7\InputSystem\Editor\AssetEditor\InputActionTreeViewItems.cs(213,53): error CS0619: 'TreeViewItem' is obsolete: 'TreeViewItem is now deprecated. You can likely now use TreeViewItem<int> instead and not think more about it. But if you were using that identifier to store InstanceID data, you should instead opt to upgrade your TreeViews to use TreeViewItem<InstanceID> to get the proper typing.'
Library\PackageCache\com.unity.inputsystem@7fe8299111a7\InputSystem\Editor\AssetEditor\InputActionTreeViewItems.cs(312,44): error CS0619: 'TreeViewItem' is obsolete: 'TreeViewItem is now deprecated. You can likely now use TreeViewItem<int> instead and not think more about it. But if you were using that identifier to store InstanceID data, you should instead opt to upgrade your TreeViews to use TreeViewItem<InstanceID> to get the proper typing.'
Library\PackageCache\com.unity.inputsystem@7fe8299111a7\InputSystem\Editor\AssetEditor\InputActionTreeViewItems.cs(326,35): error CS0619: 'TreeViewItem' is obsolete: 'TreeViewItem is now deprecated. You can likely now use TreeViewItem<int> instead and not think more about it. But if you were using that identifier to store InstanceID data, you should instead opt to upgrade your TreeViews to use TreeViewItem<InstanceID> to get the proper typing.'
Library\PackageCache\com.unity.inputsystem@7fe8299111a7\InputSystem\Editor\AssetEditor\InputActionTreeViewItems.cs(441,45): error CS0619: 'TreeViewItem' is obsolete: 'TreeViewItem is now deprecated. You can likely now use TreeViewItem<int> instead and not think more about it. But if you were using that identifier to store InstanceID data, you should instead opt to upgrade your TreeViews to use TreeViewItem<InstanceID> to get the proper typing.'
Library\PackageCache\com.unity.inputsystem@7fe8299111a7\InputSystem\Editor\AssetEditor\InputActionTreeView.cs(45,42): error CS0619: 'TreeView' is obsolete: 'TreeView is now deprecated. You can likely now use TreeView<int> instead and not think more about it. But if you were using that identifier to store InstanceID data, you should instead opt to upgrade your TreeViews to use TreeView<InstanceID> to get the proper typing.'
Library\PackageCache\com.unity.inputsystem@7fe8299111a7\InputSystem\Editor\AssetEditor\InputActionTreeViewItems.cs(506,58): error CS0619: 'TreeViewItem' is obsolete: 'TreeViewItem is now deprecated. You can likely now use TreeViewItem<int> instead and not think more about it. But if you were using that identifier to store InstanceID data, you should instead opt to upgrade your TreeViews to use TreeViewItem<InstanceID> to get the proper typing.'
Library\PackageCache\com.unity.inputsystem@7fe8299111a7\InputSystem\Editor\AssetEditor\InputActionTreeViewItems.cs(553,64): error CS0619: 'TreeViewItem' is obsolete: 'TreeViewItem is now deprecated. You can likely now use TreeViewItem<int> instead and not think more about it. But if you were using that identifier to store InstanceID data, you should instead opt to upgrade your TreeViews to use TreeViewItem<InstanceID> to get the proper typing.'
Library\PackageCache\com.unity.inputsystem@7fe8299111a7\InputSystem\Editor\AssetEditor\InputActionTreeView.cs(66,23): error CS0619: 'TreeViewItem' is obsolete: 'TreeViewItem is now deprecated. You can likely now use TreeViewItem<int> instead and not think more about it. But if you were using that identifier to store InstanceID data, you should instead opt to upgrade your TreeViews to use TreeViewItem<InstanceID> to get the proper typing.'
Library\PackageCache\com.unity.inputsystem@7fe8299111a7\InputSystem\Editor\AssetEditor\InputActionTreeView.cs(78,23): error CS0619: 'TreeViewItem' is obsolete: 'TreeViewItem is now deprecated. You can likely now use TreeViewItem<int> instead and not think more about it. But if you were using that identifier to store InstanceID data, you should instead opt to upgrade your TreeViews to use TreeViewItem<InstanceID> to get the proper typing.'
Library\PackageCache\com.unity.inputsystem@7fe8299111a7\InputSystem\Editor\AssetEditor\InputActionTreeView.cs(90,23): error CS0619: 'TreeViewItem' is obsolete: 'TreeViewItem is now deprecated. You can likely now use TreeViewItem<int> instead and not think more about it. But if you were using that identifier to store InstanceID data, you should instead opt to upgrade your TreeViews to use TreeViewItem<InstanceID> to get the proper typing.'
Library\PackageCache\com.unity.inputsystem@7fe8299111a7\InputSystem\Editor\AssetEditor\InputActionTreeView.cs(98,23): error CS0619: 'TreeViewItem' is obsolete: 'TreeViewItem is now deprecated. You can likely now use TreeViewItem<int> instead and not think more about it. But if you were using that identifier to store InstanceID data, you should instead opt to upgrade your TreeViews to use TreeViewItem<InstanceID> to get the proper typing.'
Library\PackageCache\com.unity.inputsystem@7fe8299111a7\InputSystem\Editor\AssetEditor\InputActionTreeView.cs(109,28): error CS0619: 'TreeViewItem' is obsolete: 'TreeViewItem is now deprecated. You can likely now use TreeViewItem<int> instead and not think more about it. But if you were using that identifier to store InstanceID data, you should instead opt to upgrade your TreeViews to use TreeViewItem<InstanceID> to get the proper typing.'
Library\PackageCache\com.unity.inputsystem@7fe8299111a7\InputSystem\Editor\AssetEditor\InputActionTreeView.cs(246,60): error CS0619: 'TreeViewItem' is obsolete: 'TreeViewItem is now deprecated. You can likely now use TreeViewItem<int> instead and not think more about it. But if you were using that identifier to store InstanceID data, you should instead opt to upgrade your TreeViews to use TreeViewItem<InstanceID> to get the proper typing.'
Library\PackageCache\com.unity.inputsystem@7fe8299111a7\InputSystem\Editor\AssetEditor\InputActionTreeView.cs(383,37): error CS0619: 'TreeViewItem' is obsolete: 'TreeViewItem is now deprecated. You can likely now use TreeViewItem<int> instead and not think more about it. But if you were using that identifier to store InstanceID data, you should instead opt to upgrade your TreeViews to use TreeViewItem<InstanceID> to get the proper typing.'
Library\PackageCache\com.unity.inputsystem@7fe8299111a7\InputSystem\Editor\AssetEditor\InputActionTreeView.cs(391,43): error CS0619: 'TreeViewItem' is obsolete: 'TreeViewItem is now deprecated. You can likely now use TreeViewItem<int> instead and not think more about it. But if you were using that identifier to store InstanceID data, you should instead opt to upgrade your TreeViews to use TreeViewItem<InstanceID> to get the proper typing.'
Library\PackageCache\com.unity.inputsystem@7fe8299111a7\InputSystem\Editor\AssetEditor\InputActionTreeView.cs(1368,62): error CS0619: 'TreeViewItem' is obsolete: 'TreeViewItem is now deprecated. You can likely now use TreeViewItem<int> instead and not think more about it. But if you were using that identifier to store InstanceID data, you should instead opt to upgrade your TreeViews to use TreeViewItem<InstanceID> to get the proper typing.'
Library\PackageCache\com.unity.inputsystem@7fe8299111a7\InputSystem\Editor\AssetEditor\InputActionTreeView.cs(1373,70): error CS0619: 'TreeViewItem' is obsolete: 'TreeViewItem is now deprecated. You can likely now use TreeViewItem<int> instead and not think more about it. But if you were using that identifier to store InstanceID data, you should instead opt to upgrade your TreeViews to use TreeViewItem<InstanceID> to get the proper typing.'
Library\PackageCache\com.unity.inputsystem@7fe8299111a7\InputSystem\Editor\AssetEditor\InputActionTreeView.cs(1381,48): error CS0619: 'TreeViewItem' is obsolete: 'TreeViewItem is now deprecated. You can likely now use TreeViewItem<int> instead and not think more about it. But if you were using that identifier to store InstanceID data, you should instead opt to upgrade your TreeViews to use TreeViewItem<InstanceID> to get the proper typing.'
Library\PackageCache\com.unity.inputsystem@7fe8299111a7\InputSystem\Editor\AssetEditor\InputActionTreeView.cs(1438,20): error CS0619: 'TreeViewItem' is obsolete: 'TreeViewItem is now deprecated. You can likely now use TreeViewItem<int> instead and not think more about it. But if you were using that identifier to store InstanceID data, you should instead opt to upgrade your TreeViews to use TreeViewItem<InstanceID> to get the proper typing.'
Library\PackageCache\com.unity.inputsystem@7fe8299111a7\InputSystem\Editor\AssetEditor\InputActionTreeView.cs(1444,21): error CS0619: 'TreeViewItem' is obsolete: 'TreeViewItem is now deprecated. You can likely now use TreeViewItem<int> instead and not think more about it. But if you were using that identifier to store InstanceID data, you should instead opt to upgrade your TreeViews to use TreeViewItem<InstanceID> to get the proper typing.'
Library\PackageCache\com.unity.inputsystem@7fe8299111a7\InputSystem\Editor\AssetEditor\InputActionTreeView.cs(49,71): error CS0619: 'TreeViewState' is obsolete: 'TreeViewState is now deprecated. You can likely now use TreeViewState<int> instead and not think more about it. But if you were using that identifier to store InstanceID data, you should instead opt to upgrade your TreeViews to use TreeViewState<InstanceID> to get the proper typing.'
Library\PackageCache\com.unity.inputsystem@7fe8299111a7\InputSystem\Editor\AssetEditor\InputActionTreeView.cs(731,20): error CS0619: 'TreeViewItem' is obsolete: 'TreeViewItem is now deprecated. You can likely now use TreeViewItem<int> instead and not think more about it. But if you were using that identifier to store InstanceID data, you should instead opt to upgrade your TreeViews to use TreeViewItem<InstanceID> to get the proper typing.'
Library\PackageCache\com.unity.inputsystem@7fe8299111a7\InputSystem\Editor\AssetEditor\InputActionTreeView.cs(1704,44): error CS0619: 'TreeViewItem' is obsolete: 'TreeViewItem is now deprecated. You can likely now use TreeViewItem<int> instead and not think more about it. But if you were using that identifier to store InstanceID data, you should instead opt to upgrade your TreeViews to use TreeViewItem<InstanceID> to get the proper typing.'
Library\PackageCache\com.unity.inputsystem@7fe8299111a7\InputSystem\Editor\Debugger\InputDebuggerWindow.cs(349,34): error CS0619: 'TreeViewState' is obsolete: 'TreeViewState is now deprecated. You can likely now use TreeViewState<int> instead and not think more about it. But if you were using that identifier to store InstanceID data, you should instead opt to upgrade your TreeViews to use TreeViewState<InstanceID> to get the proper typing.'
Library\PackageCache\com.unity.inputsystem@7fe8299111a7\InputSystem\Editor\Debugger\InputDebuggerWindow.cs(395,45): error CS0619: 'TreeView' is obsolete: 'TreeView is now deprecated. You can likely now use TreeView<int> instead and not think more about it. But if you were using that identifier to store InstanceID data, you should instead opt to upgrade your TreeViews to use TreeView<InstanceID> to get the proper typing.'
Library\PackageCache\com.unity.inputsystem@7fe8299111a7\InputSystem\Editor\Debugger\InputDebuggerWindow.cs(397,20): error CS0619: 'TreeViewItem' is obsolete: 'TreeViewItem is now deprecated. You can likely now use TreeViewItem<int> instead and not think more about it. But if you were using that identifier to store InstanceID data, you should instead opt to upgrade your TreeViews to use TreeViewItem<InstanceID> to get the proper typing.'
Library\PackageCache\com.unity.inputsystem@7fe8299111a7\InputSystem\Editor\Debugger\InputDebuggerWindow.cs(398,20): error CS0619: 'TreeViewItem' is obsolete: 'TreeViewItem is now deprecated. You can likely now use TreeViewItem<int> instead and not think more about it. But if you were using that identifier to store InstanceID data, you should instead opt to upgrade your TreeViews to use TreeViewItem<InstanceID> to get the proper typing.'
Library\PackageCache\com.unity.inputsystem@7fe8299111a7\InputSystem\Editor\Debugger\InputDebuggerWindow.cs(399,20): error CS0619: 'TreeViewItem' is obsolete: 'TreeViewItem is now deprecated. You can likely now use TreeViewItem<int> instead and not think more about it. But if you were using that identifier to store InstanceID data, you should instead opt to upgrade your TreeViews to use TreeViewItem<InstanceID> to get the proper typing.'
Library\PackageCache\com.unity.inputsystem@7fe8299111a7\InputSystem\Editor\Debugger\InputDebuggerWindow.cs(400,20): error CS0619: 'TreeViewItem' is obsolete: 'TreeViewItem is now deprecated. You can likely now use TreeViewItem<int> instead and not think more about it. But if you were using that identifier to store InstanceID data, you should instead opt to upgrade your TreeViews to use TreeViewItem<InstanceID> to get the proper typing.'
Library\PackageCache\com.unity.inputsystem@7fe8299111a7\InputSystem\Editor\Debugger\InputDebuggerWindow.cs(401,20): error CS0619: 'TreeViewItem' is obsolete: 'TreeViewItem is now deprecated. You can likely now use TreeViewItem<int> instead and not think more about it. But if you were using that identifier to store InstanceID data, you should instead opt to upgrade your TreeViews to use TreeViewItem<InstanceID> to get the proper typing.'
Library\PackageCache\com.unity.inputsystem@7fe8299111a7\InputSystem\Editor\Debugger\InputDebuggerWindow.cs(402,20): error CS0619: 'TreeViewItem' is obsolete: 'TreeViewItem is now deprecated. You can likely now use TreeViewItem<int> instead and not think more about it. But if you were using that identifier to store InstanceID data, you should instead opt to upgrade your TreeViews to use TreeViewItem<InstanceID> to get the proper typing.'
Library\PackageCache\com.unity.inputsystem@7fe8299111a7\InputSystem\Editor\Debugger\InputDebuggerWindow.cs(404,40): error CS0619: 'TreeViewState' is obsolete: 'TreeViewState is now deprecated. You can likely now use TreeViewState<int> instead and not think more about it. But if you were using that identifier to store InstanceID data, you should instead opt to upgrade your TreeViews to use TreeViewState<InstanceID> to get the proper typing.'
Library\PackageCache\com.unity.inputsystem@7fe8299111a7\InputSystem\Editor\Debugger\InputDebuggerWindow.cs(481,32): error CS0619: 'TreeViewItem' is obsolete: 'TreeViewItem is now deprecated. You can likely now use TreeViewItem<int> instead and not think more about it. But if you were using that identifier to store InstanceID data, you should instead opt to upgrade your TreeViews to use TreeViewItem<InstanceID> to get the proper typing.'
Library\PackageCache\com.unity.inputsystem@7fe8299111a7\InputSystem\Editor\Internal\InputEventTreeView.cs(22,41): error CS0619: 'TreeView' is obsolete: 'TreeView is now deprecated. You can likely now use TreeView<int> instead and not think more about it. But if you were using that identifier to store InstanceID data, you should instead opt to upgrade your TreeViews to use TreeView<InstanceID> to get the proper typing.'
Library\PackageCache\com.unity.inputsystem@7fe8299111a7\InputSystem\Editor\Debugger\InputDebuggerWindow.cs(627,34): error CS0619: 'TreeViewItem' is obsolete: 'TreeViewItem is now deprecated. You can likely now use TreeViewItem<int> instead and not think more about it. But if you were using that identifier to store InstanceID data, you should instead opt to upgrade your TreeViews to use TreeViewItem<InstanceID> to get the proper typing.'
Library\PackageCache\com.unity.inputsystem@7fe8299111a7\InputSystem\Editor\Debugger\InputDebuggerWindow.cs(653,108): error CS0619: 'TreeViewItem' is obsolete: 'TreeViewItem is now deprecated. You can likely now use TreeViewItem<int> instead and not think more about it. But if you were using that identifier to store InstanceID data, you should instead opt to upgrade your TreeViews to use TreeViewItem<InstanceID> to get the proper typing.'
Library\PackageCache\com.unity.inputsystem@7fe8299111a7\InputSystem\Editor\Debugger\InputDebuggerWindow.cs(677,44): error CS0619: 'TreeViewItem' is obsolete: 'TreeViewItem is now deprecated. You can likely now use TreeViewItem<int> instead and not think more about it. But if you were using that identifier to store InstanceID data, you should instead opt to upgrade your TreeViews to use TreeViewItem<InstanceID> to get the proper typing.'
Library\PackageCache\com.unity.inputsystem@7fe8299111a7\InputSystem\Editor\Debugger\InputDebuggerWindow.cs(702,44): error CS0619: 'TreeViewItem' is obsolete: 'TreeViewItem is now deprecated. You can likely now use TreeViewItem<int> instead and not think more about it. But if you were using that identifier to store InstanceID data, you should instead opt to upgrade your TreeViews to use TreeViewItem<InstanceID> to get the proper typing.'
Library\PackageCache\com.unity.inputsystem@7fe8299111a7\InputSystem\Editor\Internal\InputEventTreeView.cs(39,101): error CS0619: 'TreeViewState' is obsolete: 'TreeViewState is now deprecated. You can likely now use TreeViewState<int> instead and not think more about it. But if you were using that identifier to store InstanceID data, you should instead opt to upgrade your TreeViews to use TreeViewState<InstanceID> to get the proper typing.'
Library\PackageCache\com.unity.inputsystem@7fe8299111a7\InputSystem\Editor\Debugger\InputDebuggerWindow.cs(744,82): error CS0619: 'TreeViewItem' is obsolete: 'TreeViewItem is now deprecated. You can likely now use TreeViewItem<int> instead and not think more about it. But if you were using that identifier to store InstanceID data, you should instead opt to upgrade your TreeViews to use TreeViewItem<InstanceID> to get the proper typing.'
Library\PackageCache\com.unity.inputsystem@7fe8299111a7\InputSystem\Editor\Debugger\InputDebuggerWindow.cs(744,21): error CS0619: 'TreeViewItem' is obsolete: 'TreeViewItem is now deprecated. You can likely now use TreeViewItem<int> instead and not think more about it. But if you were using that identifier to store InstanceID data, you should instead opt to upgrade your TreeViews to use TreeViewItem<InstanceID> to get the proper typing.'
Library\PackageCache\com.unity.inputsystem@7fe8299111a7\InputSystem\Editor\Debugger\InputDebuggerWindow.cs(811,81): error CS0619: 'TreeViewItem' is obsolete: 'TreeViewItem is now deprecated. You can likely now use TreeViewItem<int> instead and not think more about it. But if you were using that identifier to store InstanceID data, you should instead opt to upgrade your TreeViews to use TreeViewItem<InstanceID> to get the proper typing.'
Library\PackageCache\com.unity.inputsystem@7fe8299111a7\InputSystem\Editor\Debugger\InputDebuggerWindow.cs(888,47): error CS0619: 'TreeViewItem' is obsolete: 'TreeViewItem is now deprecated. You can likely now use TreeViewItem<int> instead and not think more about it. But if you were using that identifier to store InstanceID data, you should instead opt to upgrade your TreeViews to use TreeViewItem<InstanceID> to get the proper typing.'
Library\PackageCache\com.unity.inputsystem@7fe8299111a7\InputSystem\Editor\Debugger\InputDebuggerWindow.cs(900,44): error CS0619: 'TreeViewItem' is obsolete: 'TreeViewItem is now deprecated. You can likely now use TreeViewItem<int> instead and not think more about it. But if you were using that identifier to store InstanceID data, you should instead opt to upgrade your TreeViews to use TreeViewItem<InstanceID> to get the proper typing.'
Library\PackageCache\com.unity.inputsystem@7fe8299111a7\InputSystem\Editor\Internal\InputEventTreeView.cs(179,28): error CS0619: 'TreeViewItem' is obsolete: 'TreeViewItem is now deprecated. You can likely now use TreeViewItem<int> instead and not think more about it. But if you were using that identifier to store InstanceID data, you should instead opt to upgrade your TreeViews to use TreeViewItem<InstanceID> to get the proper typing.'
Library\PackageCache\com.unity.inputsystem@7fe8299111a7\InputSystem\Editor\Debugger\InputDebuggerWindow.cs(924,47): error CS0619: 'TreeViewItem' is obsolete: 'TreeViewItem is now deprecated. You can likely now use TreeViewItem<int> instead and not think more about it. But if you were using that identifier to store InstanceID data, you should instead opt to upgrade your TreeViews to use TreeViewItem<InstanceID> to get the proper typing.'
Library\PackageCache\com.unity.inputsystem@7fe8299111a7\InputSystem\Editor\Internal\TreeViewHelpers.cs(13,64): error CS0619: 'TreeViewItem' is obsolete: 'TreeViewItem is now deprecated. You can likely now use TreeViewItem<int> instead and not think more about it. But if you were using that identifier to store InstanceID data, you should instead opt to upgrade your TreeViews to use TreeViewItem<InstanceID> to get the proper typing.'
Library\PackageCache\com.unity.inputsystem@7fe8299111a7\InputSystem\Editor\Debugger\InputDebuggerWindow.cs(980,43): error CS0619: 'TreeViewItem' is obsolete: 'TreeViewItem is now deprecated. You can likely now use TreeViewItem<int> instead and not think more about it. But if you were using that identifier to store InstanceID data, you should instead opt to upgrade your TreeViews to use TreeViewItem<InstanceID> to get the proper typing.'
Library\PackageCache\com.unity.inputsystem@7fe8299111a7\InputSystem\Editor\Debugger\InputDebuggerWindow.cs(980,21): error CS0619: 'TreeViewItem' is obsolete: 'TreeViewItem is now deprecated. You can likely now use TreeViewItem<int> instead and not think more about it. But if you were using that identifier to store InstanceID data, you should instead opt to upgrade your TreeViews to use TreeViewItem<InstanceID> to get the proper typing.'
Library\PackageCache\com.unity.inputsystem@7fe8299111a7\InputSystem\Editor\Internal\TreeViewHelpers.cs(26,44): error CS0619: 'TreeViewItem' is obsolete: 'TreeViewItem is now deprecated. You can likely now use TreeViewItem<int> instead and not think more about it. But if you were using that identifier to store InstanceID data, you should instead opt to upgrade your TreeViews to use TreeViewItem<InstanceID> to get the proper typing.'
Library\PackageCache\com.unity.inputsystem@7fe8299111a7\InputSystem\Editor\Internal\TreeViewHelpers.cs(26,65): error CS0619: 'TreeViewItem' is obsolete: 'TreeViewItem is now deprecated. You can likely now use TreeViewItem<int> instead and not think more about it. But if you were using that identifier to store InstanceID data, you should instead opt to upgrade your TreeViews to use TreeViewItem<InstanceID> to get the proper typing.'
Library\PackageCache\com.unity.inputsystem@7fe8299111a7\InputSystem\Editor\Internal\TreeViewHelpers.cs(41,48): error CS0619: 'TreeView' is obsolete: 'TreeView is now deprecated. You can likely now use TreeView<int> instead and not think more about it. But if you were using that identifier to store InstanceID data, you should instead opt to upgrade your TreeViews to use TreeView<InstanceID> to get the proper typing.'
Library\PackageCache\com.unity.inputsystem@7fe8299111a7\InputSystem\Editor\Internal\TreeViewHelpers.cs(41,67): error CS0619: 'TreeViewItem' is obsolete: 'TreeViewItem is now deprecated. You can likely now use TreeViewItem<int> instead and not think more about it. But if you were using that identifier to store InstanceID data, you should instead opt to upgrade your TreeViews to use TreeViewItem<InstanceID> to get the proper typing.'
Library\PackageCache\com.unity.inputsystem@7fe8299111a7\InputSystem\Editor\Internal\TreeViewHelpers.cs(14,27): error CS0619: 'TreeViewItem' is obsolete: 'TreeViewItem is now deprecated. You can likely now use TreeViewItem<int> instead and not think more about it. But if you were using that identifier to store InstanceID data, you should instead opt to upgrade your TreeViews to use TreeViewItem<InstanceID> to get the proper typing.'
Library\PackageCache\com.unity.inputsystem@7fe8299111a7\InputSystem\Editor\Debugger\InputDebuggerWindow.cs(996,40): error CS0619: 'TreeViewItem' is obsolete: 'TreeViewItem is now deprecated. You can likely now use TreeViewItem<int> instead and not think more about it. But if you were using that identifier to store InstanceID data, you should instead opt to upgrade your TreeViews to use TreeViewItem<InstanceID> to get the proper typing.'
Library\PackageCache\com.unity.inputsystem@7fe8299111a7\InputSystem\Editor\Internal\InputEventTreeView.cs(110,36): error CS0619: 'TreeViewState' is obsolete: 'TreeViewState is now deprecated. You can likely now use TreeViewState<int> instead and not think more about it. But if you were using that identifier to store InstanceID data, you should instead opt to upgrade your TreeViews to use TreeViewState<InstanceID> to get the proper typing.'
Library\PackageCache\com.unity.inputsystem@7fe8299111a7\InputSystem\Editor\Debugger\InputDebuggerWindow.cs(1001,51): error CS0619: 'TreeViewItem' is obsolete: 'TreeViewItem is now deprecated. You can likely now use TreeViewItem<int> instead and not think more about it. But if you were using that identifier to store InstanceID data, you should instead opt to upgrade your TreeViews to use TreeViewItem<InstanceID> to get the proper typing.'
Library\PackageCache\com.unity.inputsystem@7fe8299111a7\InputSystem\Editor\Internal\InputEventTreeView.cs(280,35): error CS0619: 'TreeViewItem' is obsolete: 'TreeViewItem is now deprecated. You can likely now use TreeViewItem<int> instead and not think more about it. But if you were using that identifier to store InstanceID data, you should instead opt to upgrade your TreeViews to use TreeViewItem<InstanceID> to get the proper typing.'
Library\PackageCache\com.unity.inputsystem@7fe8299111a7\InputSystem\Editor\Debugger\InputDebuggerWindow.cs(1006,47): error CS0619: 'TreeViewItem' is obsolete: 'TreeViewItem is now deprecated. You can likely now use TreeViewItem<int> instead and not think more about it. But if you were using that identifier to store InstanceID data, you should instead opt to upgrade your TreeViews to use TreeViewItem<InstanceID> to get the proper typing.'
Library\PackageCache\com.unity.inputsystem@7fe8299111a7\InputSystem\Editor\Debugger\InputDebuggerWindow.cs(1011,40): error CS0619: 'TreeViewItem' is obsolete: 'TreeViewItem is now deprecated. You can likely now use TreeViewItem<int> instead and not think more about it. But if you were using that identifier to store InstanceID data, you should instead opt to upgrade your TreeViews to use TreeViewItem<InstanceID> to get the proper typing.'
Library\PackageCache\com.unity.inputsystem@7fe8299111a7\InputSystem\Editor\Internal\InputStateWindow.cs(406,34): error CS0619: 'TreeViewState' is obsolete: 'TreeViewState is now deprecated. You can likely now use TreeViewState<int> instead and not think more about it. But if you were using that identifier to store InstanceID data, you should instead opt to upgrade your TreeViews to use TreeViewState<InstanceID> to get the proper typing.'
Library\PackageCache\com.unity.inputsystem@7fe8299111a7\InputSystem\Editor\Internal\InputControlTreeView.cs(18,43): error CS0619: 'TreeView' is obsolete: 'TreeView is now deprecated. You can likely now use TreeView<int> instead and not think more about it. But if you were using that identifier to store InstanceID data, you should instead opt to upgrade your TreeViews to use TreeView<InstanceID> to get the proper typing.'
Library\PackageCache\com.unity.inputsystem@7fe8299111a7\InputSystem\Editor\Internal\InputControlTreeView.cs(28,102): error CS0619: 'TreeViewState' is obsolete: 'TreeViewState is now deprecated. You can likely now use TreeViewState<int> instead and not think more about it. But if you were using that identifier to store InstanceID data, you should instead opt to upgrade your TreeViews to use TreeViewState<InstanceID> to get the proper typing.'
Library\PackageCache\com.unity.inputsystem@7fe8299111a7\InputSystem\Editor\Internal\InputControlTreeView.cs(139,28): error CS0619: 'TreeViewItem' is obsolete: 'TreeViewItem is now deprecated. You can likely now use TreeViewItem<int> instead and not think more about it. But if you were using that identifier to store InstanceID data, you should instead opt to upgrade your TreeViews to use TreeViewItem<InstanceID> to get the proper typing.'
Library\PackageCache\com.unity.inputsystem@7fe8299111a7\InputSystem\Editor\Internal\InputControlTreeView.cs(131,57): error CS0619: 'TreeViewState' is obsolete: 'TreeViewState is now deprecated. You can likely now use TreeViewState<int> instead and not think more about it. But if you were using that identifier to store InstanceID data, you should instead opt to upgrade your TreeViews to use TreeViewState<InstanceID> to get the proper typing.'
Library\PackageCache\com.unity.inputsystem@7fe8299111a7\InputSystem\Editor\Internal\InputControlTreeView.cs(331,37): error CS0619: 'TreeViewItem' is obsolete: 'TreeViewItem is now deprecated. You can likely now use TreeViewItem<int> instead and not think more about it. But if you were using that identifier to store InstanceID data, you should instead opt to upgrade your TreeViews to use TreeViewItem<InstanceID> to get the proper typing.'
Library\PackageCache\com.unity.inputsystem@7fe8299111a7\InputSystem\Editor\PropertyDrawers\InputActionDrawerBase.cs(161,28): error CS0619: 'TreeViewItem' is obsolete: 'TreeViewItem is now deprecated. You can likely now use TreeViewItem<int> instead and not think more about it. But if you were using that identifier to store InstanceID data, you should instead opt to upgrade your TreeViews to use TreeViewItem<InstanceID> to get the proper typing.'
Library\PackageCache\com.unity.inputsystem@7fe8299111a7\InputSystem\Editor\PropertyDrawers\InputActionMapDrawer.cs(14,28): error CS0619: 'TreeViewItem' is obsolete: 'TreeViewItem is now deprecated. You can likely now use TreeViewItem<int> instead and not think more about it. But if you were using that identifier to store InstanceID data, you should instead opt to upgrade your TreeViews to use TreeViewItem<InstanceID> to get the proper typing.'
Library\PackageCache\com.unity.inputsystem@7fe8299111a7\InputSystem\Editor\PropertyDrawers\InputActionDrawer.cs(14,28): error CS0619: 'TreeViewItem' is obsolete: 'TreeViewItem is now deprecated. You can likely now use TreeViewItem<int> instead and not think more about it. But if you were using that identifier to store InstanceID data, you should instead opt to upgrade your TreeViews to use TreeViewItem<InstanceID> to get the proper typing.'
Library\PackageCache\com.unity.inputsystem@7fe8299111a7\InputSystem\Editor\Debugger\InputDeviceDebuggerWindow.cs(518,34): error CS0619: 'TreeViewState' is obsolete: 'TreeViewState is now deprecated. You can likely now use TreeViewState<int> instead and not think more about it. But if you were using that identifier to store InstanceID data, you should instead opt to upgrade your TreeViews to use TreeViewState<InstanceID> to get the proper typing.'
Library\PackageCache\com.unity.inputsystem@7fe8299111a7\InputSystem\Editor\Debugger\InputDeviceDebuggerWindow.cs(519,34): error CS0619: 'TreeViewState' is obsolete: 'TreeViewState is now deprecated. You can likely now use TreeViewState<int> instead and not think more about it. But if you were using that identifier to store InstanceID data, you should instead opt to upgrade your TreeViews to use TreeViewState<InstanceID> to get the proper typing.'

Total cache size 3235688
Total cache size after purge 3235688, took 00:00:00.0191626
Assets\SolarSim\Runtime\Application\Commands\CommandHistory.cs(1,1): error CS8773: Feature 'file-scoped namespace' is not available in C# 9.0. Please use language version 10.0 or greater.
Assets\SolarSim\Runtime\Application\Commands\ProjectCommands.cs(6,1): error CS8773: Feature 'file-scoped namespace' is not available in C# 9.0. Please use language version 10.0 or greater.
Assets\SolarSim\Runtime\Application\Equipment\CustomPanelFactory.cs(3,1): error CS8773: Feature 'file-scoped namespace' is not available in C# 9.0. Please use language version 10.0 or greater.
Assets\SolarSim\Runtime\Application\Events\ProjectEvents.cs(1,1): error CS8773: Feature 'file-scoped namespace' is not available in C# 9.0. Please use language version 10.0 or greater.
Assets\SolarSim\Runtime\Application\Project\SolarProject.cs(6,1): error CS8773: Feature 'file-scoped namespace' is not available in C# 9.0. Please use language version 10.0 or greater.
Assets\SolarSim\Runtime\Application\Serialization\SolarProjectSerializer.cs(8,1): error CS8773: Feature 'file-scoped namespace' is not available in C# 9.0. Please use language version 10.0 or greater.
Assets\SolarSim\Runtime\Application\Units\UnitConversionService.cs(1,1): error CS8773: Feature 'file-scoped namespace' is not available in C# 9.0. Please use language version 10.0 or greater.
Assets\SolarSim\Runtime\Domain\Electrical\BomScheduleService.cs(4,1): error CS8773: Feature 'file-scoped namespace' is not available in C# 9.0. Please use language version 10.0 or greater.
Assets\SolarSim\Runtime\Domain\Electrical\ConnectionValidator.cs(1,1): error CS8773: Feature 'file-scoped namespace' is not available in C# 9.0. Please use language version 10.0 or greater.
Assets\SolarSim\Runtime\Domain\Electrical\ElectricalCalculationService.cs(3,1): error CS8773: Feature 'file-scoped namespace' is not available in C# 9.0. Please use language version 10.0 or greater.
Assets\SolarSim\Runtime\Domain\Electrical\ElectricalConnection.cs(3,1): error CS8773: Feature 'file-scoped namespace' is not available in C# 9.0. Please use language version 10.0 or greater.
Assets\SolarSim\Runtime\Domain\Electrical\ElectricalGraph.cs(3,1): error CS8773: Feature 'file-scoped namespace' is not available in C# 9.0. Please use language version 10.0 or greater.
Assets\SolarSim\Runtime\Domain\Electrical\ElectricalPort.cs(1,1): error CS8773: Feature 'file-scoped namespace' is not available in C# 9.0. Please use language version 10.0 or greater.
Assets\SolarSim\Runtime\Domain\Electrical\Enums.cs(1,1): error CS8773: Feature 'file-scoped namespace' is not available in C# 9.0. Please use language version 10.0 or greater.
Assets\SolarSim\Runtime\Domain\Electrical\MpptCompatibilityService.cs(3,1): error CS8773: Feature 'file-scoped namespace' is not available in C# 9.0. Please use language version 10.0 or greater.
Assets\SolarSim\Runtime\Domain\Electrical\SingleLineDiagramService.cs(3,1): error CS8773: Feature 'file-scoped namespace' is not available in C# 9.0. Please use language version 10.0 or greater.
Assets\SolarSim\Runtime\Domain\Electrical\SiteDesignConditions.cs(1,1): error CS8773: Feature 'file-scoped namespace' is not available in C# 9.0. Please use language version 10.0 or greater.
Assets\SolarSim\Runtime\Domain\Electrical\StringSizingService.cs(3,1): error CS8773: Feature 'file-scoped namespace' is not available in C# 9.0. Please use language version 10.0 or greater.
Assets\SolarSim\Runtime\Domain\Electrical\TemperatureDeratingService.cs(3,1): error CS8773: Feature 'file-scoped namespace' is not available in C# 9.0. Please use language version 10.0 or greater.
Assets\SolarSim\Runtime\Domain\Electrical\VoltageDropCalculator.cs(1,1): error CS8773: Feature 'file-scoped namespace' is not available in C# 9.0. Please use language version 10.0 or greater.
Assets\SolarSim\Runtime\Domain\Electrical\WireRouting.cs(3,1): error CS8773: Feature 'file-scoped namespace' is not available in C# 9.0. Please use language version 10.0 or greater.
Assets\SolarSim\Runtime\Domain\Equipment\ElectricalEquipmentInstance.cs(3,1): error CS8773: Feature 'file-scoped namespace' is not available in C# 9.0. Please use language version 10.0 or greater.
Assets\SolarSim\Runtime\Domain\Equipment\InverterDefinition.cs(1,1): error CS8773: Feature 'file-scoped namespace' is not available in C# 9.0. Please use language version 10.0 or greater.
Assets\SolarSim\Runtime\Domain\Equipment\SolarPanelDefinition.cs(1,1): error CS8773: Feature 'file-scoped namespace' is not available in C# 9.0. Please use language version 10.0 or greater.
Assets\SolarSim\Runtime\Domain\Equipment\SolarPanelInstance.cs(3,1): error CS8773: Feature 'file-scoped namespace' is not available in C# 9.0. Please use language version 10.0 or greater.
Assets\SolarSim\Runtime\Domain\Roof\RackingLayoutService.cs(3,1): error CS8773: Feature 'file-scoped namespace' is not available in C# 9.0. Please use language version 10.0 or greater.
Assets\SolarSim\Runtime\Domain\Roof\RackingParameters.cs(1,1): error CS8773: Feature 'file-scoped namespace' is not available in C# 9.0. Please use language version 10.0 or greater.
Assets\SolarSim\Runtime\Domain\Roof\RoofDocument.cs(1,1): error CS8773: Feature 'file-scoped namespace' is not available in C# 9.0. Please use language version 10.0 or greater.
Assets\SolarSim\Runtime\Domain\Roof\RoofGeometry.cs(1,1): error CS8773: Feature 'file-scoped namespace' is not available in C# 9.0. Please use language version 10.0 or greater.
Assets\SolarSim\Runtime\Domain\Roof\RoofSurface.cs(1,1): error CS8773: Feature 'file-scoped namespace' is not available in C# 9.0. Please use language version 10.0 or greater.
Assets\SolarSim\Runtime\Domain\Roof\RoofGeometry.cs(301,24): error CS8773: Feature 'record structs' is not available in C# 9.0. Please use language version 10.0 or greater.
Assets\SolarSim\Runtime\Domain\Roof\RoofSurface.cs(3,24): error CS8773: Feature 'record structs' is not available in C# 9.0. Please use language version 10.0 or greater.
Assets\SolarSim\Runtime\Domain\Electrical\VoltageDropCalculator.cs(59,24): error CS8773: Feature 'record structs' is not available in C# 9.0. Please use language version 10.0 or greater.
Assets\SolarSim\Runtime\Domain\Roof\RackingLayoutService.cs(145,29): error CS8773: Feature 'record structs' is not available in C# 9.0. Please use language version 10.0 or greater.
Assets\SolarSim\Runtime\Domain\Equipment\InverterDefinition.cs(89,12): error CS0246: The type or namespace name 'Guid' could not be found (are you missing a using directive or an assembly reference?)
Assets\SolarSim\Runtime\Domain\Equipment\InverterDefinition.cs(8,12): error CS0246: The type or namespace name 'Guid' could not be found (are you missing a using directive or an assembly reference?)
Assets\SolarSim\Runtime\Application\Serialization\SolarProjectSerializer.cs(16,12): error CS0246: The type or namespace name 'Guid' could not be found (are you missing a using directive or an assembly reference?)
Assets\SolarSim\Runtime\Domain\Roof\RackingLayoutService.cs(7,12): error CS0246: The type or namespace name 'IReadOnlyList<>' could not be found (are you missing a using directive or an assembly reference?)
Assets\SolarSim\Runtime\Domain\Roof\RoofDocument.cs(11,12): error CS0246: The type or namespace name 'IReadOnlyList<>' could not be found (are you missing a using directive or an assembly reference?)
Assets\SolarSim\Runtime\Domain\Electrical\BomScheduleService.cs(18,12): error CS0246: The type or namespace name 'IReadOnlyList<>' could not be found (are you missing a using directive or an assembly reference?)
Assets\SolarSim\Runtime\Application\Serialization\SolarProjectSerializer.cs(22,12): error CS0246: The type or namespace name 'List<>' could not be found (are you missing a using directive or an assembly reference?)
Assets\SolarSim\Runtime\Domain\Equipment\InverterDefinition.cs(79,19): error CS0246: The type or namespace name 'IReadOnlyList<>' could not be found (are you missing a using directive or an assembly reference?)
Assets\SolarSim\Runtime\Application\Serialization\SolarProjectSerializer.cs(25,12): error CS0246: The type or namespace name 'List<>' could not be found (are you missing a using directive or an assembly reference?)
Assets\SolarSim\Runtime\Domain\Roof\RoofDocument.cs(12,12): error CS0246: The type or namespace name 'Guid' could not be found (are you missing a using directive or an assembly reference?)
Assets\SolarSim\Runtime\Domain\Roof\RoofDocument.cs(14,23): warning CS8632: The annotation for nullable reference types should only be used in code within a '#nullable' annotations context.
Assets\SolarSim\Runtime\Application\Commands\CommandHistory.cs(25,18): error CS0246: The type or namespace name 'Action' could not be found (are you missing a using directive or an assembly reference?)
Assets\SolarSim\Runtime\Application\Project\SolarProject.cs(16,18): error CS0246: The type or namespace name 'Action' could not be found (are you missing a using directive or an assembly reference?)
Assets\SolarSim\Runtime\Domain\Roof\RackingLayoutService.cs(23,9): error CS0246: The type or namespace name 'IReadOnlyList<>' could not be found (are you missing a using directive or an assembly reference?)
Assets\SolarSim\Runtime\Domain\Roof\RackingLayoutService.cs(24,9): error CS0246: The type or namespace name 'IReadOnlyDictionary<,>' could not be found (are you missing a using directive or an assembly reference?)
Assets\SolarSim\Runtime\Domain\Roof\RackingLayoutService.cs(24,29): error CS0246: The type or namespace name 'Guid' could not be found (are you missing a using directive or an assembly reference?)
Assets\SolarSim\Runtime\Application\Serialization\SolarProjectSerializer.cs(28,12): error CS0246: The type or namespace name 'List<>' could not be found (are you missing a using directive or an assembly reference?)
Assets\SolarSim\Runtime\Domain\Roof\RoofDocument.cs(32,38): warning CS8632: The annotation for nullable reference types should only be used in code within a '#nullable' annotations context.
Assets\SolarSim\Runtime\Application\Commands\CommandHistory.cs(23,12): error CS0246: The type or namespace name 'IReadOnlyList<>' could not be found (are you missing a using directive or an assembly reference?)
Assets\SolarSim\Runtime\Domain\Roof\RoofDocument.cs(49,28): error CS0246: The type or namespace name 'Guid' could not be found (are you missing a using directive or an assembly reference?)
Assets\SolarSim\Runtime\Application\Serialization\SolarProjectSerializer.cs(34,19): warning CS8632: The annotation for nullable reference types should only be used in code within a '#nullable' annotations context.
Assets\SolarSim\Runtime\Domain\Roof\RoofDocument.cs(58,27): error CS0246: The type or namespace name 'Guid' could not be found (are you missing a using directive or an assembly reference?)
Assets\SolarSim\Runtime\Domain\Roof\RackingLayoutService.cs(94,20): error CS0246: The type or namespace name 'List<>' could not be found (are you missing a using directive or an assembly reference?)
Assets\SolarSim\Runtime\Domain\Roof\RoofDocument.cs(65,30): error CS0246: The type or namespace name 'Guid' could not be found (are you missing a using directive or an assembly reference?)
Assets\SolarSim\Runtime\Domain\Roof\RoofDocument.cs(65,23): warning CS8632: The annotation for nullable reference types should only be used in code within a '#nullable' annotations context.
Assets\SolarSim\Runtime\Application\Project\SolarProject.cs(13,12): error CS0246: The type or namespace name 'IReadOnlyCollection<>' could not be found (are you missing a using directive or an assembly reference?)
Assets\SolarSim\Runtime\Application\Project\SolarProject.cs(13,32): error CS0246: The type or namespace name 'Guid' could not be found (are you missing a using directive or an assembly reference?)
Assets\SolarSim\Runtime\Application\Serialization\SolarProjectSerializer.cs(38,12): error CS0246: The type or namespace name 'List<>' could not be found (are you missing a using directive or an assembly reference?)
Assets\SolarSim\Runtime\Domain\Roof\RackingLayoutService.cs(119,61): error CS0246: The type or namespace name 'List<>' could not be found (are you missing a using directive or an assembly reference?)
Assets\SolarSim\Runtime\Domain\Roof\RackingLayoutService.cs(119,20): error CS0246: The type or namespace name 'List<>' could not be found (are you missing a using directive or an assembly reference?)
Assets\SolarSim\Runtime\Domain\Roof\RackingLayoutService.cs(119,25): error CS0246: The type or namespace name 'List<>' could not be found (are you missing a using directive or an assembly reference?)
Assets\SolarSim\Runtime\Application\Project\SolarProject.cs(14,12): error CS0246: The type or namespace name 'IReadOnlyCollection<>' could not be found (are you missing a using directive or an assembly reference?)
Assets\SolarSim\Runtime\Application\Project\SolarProject.cs(14,32): error CS0246: The type or namespace name 'Guid' could not be found (are you missing a using directive or an assembly reference?)
Assets\SolarSim\Runtime\Application\Serialization\SolarProjectSerializer.cs(41,12): error CS0246: The type or namespace name 'Guid' could not be found (are you missing a using directive or an assembly reference?)
Assets\SolarSim\Runtime\Application\Serialization\SolarProjectSerializer.cs(47,29): warning CS8632: The annotation for nullable reference types should only be used in code within a '#nullable' annotations context.
Assets\SolarSim\Runtime\Application\Serialization\SolarProjectSerializer.cs(50,32): warning CS8632: The annotation for nullable reference types should only be used in code within a '#nullable' annotations context.
Assets\SolarSim\Runtime\Application\Serialization\SolarProjectSerializer.cs(53,12): error CS0246: The type or namespace name 'List<>' could not be found (are you missing a using directive or an assembly reference?)
Assets\SolarSim\Runtime\Application\Project\SolarProject.cs(27,30): error CS0246: The type or namespace name 'IEnumerable<>' could not be found (are you missing a using directive or an assembly reference?)
Assets\SolarSim\Runtime\Application\Project\SolarProject.cs(27,42): error CS0246: The type or namespace name 'Guid' could not be found (are you missing a using directive or an assembly reference?)
Assets\SolarSim\Runtime\Application\Project\SolarProject.cs(27,70): error CS0246: The type or namespace name 'IEnumerable<>' could not be found (are you missing a using directive or an assembly reference?)
Assets\SolarSim\Runtime\Application\Project\SolarProject.cs(27,82): error CS0246: The type or namespace name 'Guid' could not be found (are you missing a using directive or an assembly reference?)
Assets\SolarSim\Runtime\Application\Project\SolarProject.cs(44,33): error CS0246: The type or namespace name 'Guid' could not be found (are you missing a using directive or an assembly reference?)
Assets\SolarSim\Runtime\Application\Project\SolarProject.cs(55,34): error CS0246: The type or namespace name 'Guid' could not be found (are you missing a using directive or an assembly reference?)
Assets\SolarSim\Runtime\Application\Commands\CommandHistory.cs(12,22): error CS0246: The type or namespace name 'List<>' could not be found (are you missing a using directive or an assembly reference?)
Assets\SolarSim\Runtime\Domain\Roof\RoofDocument.cs(9,22): error CS0246: The type or namespace name 'List<>' could not be found (are you missing a using directive or an assembly reference?)
Assets\SolarSim\Runtime\Application\Project\SolarProject.cs(10,22): error CS0246: The type or namespace name 'HashSet<>' could not be found (are you missing a using directive or an assembly reference?)
Assets\SolarSim\Runtime\Application\Project\SolarProject.cs(10,30): error CS0246: The type or namespace name 'Guid' could not be found (are you missing a using directive or an assembly reference?)
Assets\SolarSim\Runtime\Application\Commands\CommandHistory.cs(13,22): error CS0246: The type or namespace name 'List<>' could not be found (are you missing a using directive or an assembly reference?)
Assets\SolarSim\Runtime\Application\Project\SolarProject.cs(11,22): error CS0246: The type or namespace name 'HashSet<>' could not be found (are you missing a using directive or an assembly reference?)
Assets\SolarSim\Runtime\Application\Project\SolarProject.cs(11,30): error CS0246: The type or namespace name 'Guid' could not be found (are you missing a using directive or an assembly reference?)
Assets\SolarSim\Runtime\Domain\Electrical\BomScheduleService.cs(18,52): error CS0518: Predefined type 'System.Runtime.CompilerServices.IsExternalInit' is not defined or imported
Assets\SolarSim\Runtime\Domain\Roof\RackingLayoutService.cs(7,60): error CS0518: Predefined type 'System.Runtime.CompilerServices.IsExternalInit' is not defined or imported
Assets\SolarSim\Runtime\Domain\Electrical\BomScheduleService.cs(8,35): error CS0518: Predefined type 'System.Runtime.CompilerServices.IsExternalInit' is not defined or imported
Assets\SolarSim\Runtime\Domain\Electrical\BomScheduleService.cs(19,34): error CS0518: Predefined type 'System.Runtime.CompilerServices.IsExternalInit' is not defined or imported
Assets\SolarSim\Runtime\Domain\Roof\RackingLayoutService.cs(8,44): error CS0518: Predefined type 'System.Runtime.CompilerServices.IsExternalInit' is not defined or imported
Assets\SolarSim\Runtime\Domain\Electrical\BomScheduleService.cs(9,38): error CS0518: Predefined type 'System.Runtime.CompilerServices.IsExternalInit' is not defined or imported
Assets\SolarSim\Runtime\Domain\Electrical\BomScheduleService.cs(20,39): error CS0518: Predefined type 'System.Runtime.CompilerServices.IsExternalInit' is not defined or imported
Assets\SolarSim\Runtime\Domain\Electrical\BomScheduleService.cs(21,36): error CS0518: Predefined type 'System.Runtime.CompilerServices.IsExternalInit' is not defined or imported
Assets\SolarSim\Runtime\Domain\Electrical\BomScheduleService.cs(10,32): error CS0518: Predefined type 'System.Runtime.CompilerServices.IsExternalInit' is not defined or imported
Assets\SolarSim\Runtime\Domain\Electrical\BomScheduleService.cs(22,44): error CS0518: Predefined type 'System.Runtime.CompilerServices.IsExternalInit' is not defined or imported
Assets\SolarSim\Runtime\Domain\Electrical\BomScheduleService.cs(11,31): error CS0518: Predefined type 'System.Runtime.CompilerServices.IsExternalInit' is not defined or imported
Assets\SolarSim\Runtime\Domain\Roof\RackingLayoutService.cs(9,33): error CS0518: Predefined type 'System.Runtime.CompilerServices.IsExternalInit' is not defined or imported
Assets\SolarSim\Runtime\Domain\Electrical\BomScheduleService.cs(12,41): error CS0518: Predefined type 'System.Runtime.CompilerServices.IsExternalInit' is not defined or imported
Assets\SolarSim\Runtime\Domain\Roof\RackingLayoutService.cs(11,37): error CS0518: Predefined type 'System.Runtime.CompilerServices.IsExternalInit' is not defined or imported
Assets\SolarSim\Runtime\Domain\Electrical\BomScheduleService.cs(13,18): warning CS8632: The annotation for nullable reference types should only be used in code within a '#nullable' annotations context.
Assets\SolarSim\Runtime\Domain\Electrical\BomScheduleService.cs(13,33): error CS0518: Predefined type 'System.Runtime.CompilerServices.IsExternalInit' is not defined or imported
Assets\SolarSim\Runtime\Domain\Roof\RackingLayoutService.cs(12,37): error CS0518: Predefined type 'System.Runtime.CompilerServices.IsExternalInit' is not defined or imported
Assets\SolarSim\Runtime\Domain\Roof\RackingLayoutService.cs(13,32): error CS0518: Predefined type 'System.Runtime.CompilerServices.IsExternalInit' is not defined or imported
Assets\SolarSim\Runtime\Application\Events\ProjectEvents.cs(8,33): error CS0518: Predefined type 'System.Runtime.CompilerServices.IsExternalInit' is not defined or imported
Assets\SolarSim\Runtime\Application\Equipment\CustomPanelFactory.cs(23,19): error CS0246: The type or namespace name 'IReadOnlyList<>' could not be found (are you missing a using directive or an assembly reference?)
Assets\SolarSim\Runtime\Application\Events\ProjectEvents.cs(13,12): error CS0246: The type or namespace name 'IReadOnlyList<>' could not be found (are you missing a using directive or an assembly reference?)
Assets\SolarSim\Runtime\Application\Events\ProjectEvents.cs(13,26): error CS0246: The type or namespace name 'Guid' could not be found (are you missing a using directive or an assembly reference?)
Assets\SolarSim\Runtime\Application\Events\ProjectEvents.cs(13,60): error CS0518: Predefined type 'System.Runtime.CompilerServices.IsExternalInit' is not defined or imported
Assets\SolarSim\Runtime\Domain\Electrical\BomScheduleService.cs(55,9): error CS0246: The type or namespace name 'IReadOnlyDictionary<,>' could not be found (are you missing a using directive or an assembly reference?)
Assets\SolarSim\Runtime\Domain\Electrical\BomScheduleService.cs(55,29): error CS0246: The type or namespace name 'Guid' could not be found (are you missing a using directive or an assembly reference?)
Assets\SolarSim\Runtime\Domain\Electrical\BomScheduleService.cs(56,28): warning CS8632: The annotation for nullable reference types should only be used in code within a '#nullable' annotations context.
Assets\SolarSim\Runtime\Domain\Roof\RoofGeometry.cs(21,9): error CS0246: The type or namespace name 'IReadOnlyList<>' could not be found (are you missing a using directive or an assembly reference?)
Assets\SolarSim\Runtime\Application\Events\ProjectEvents.cs(14,12): error CS0246: The type or namespace name 'IReadOnlyList<>' could not be found (are you missing a using directive or an assembly reference?)
Assets\SolarSim\Runtime\Application\Events\ProjectEvents.cs(14,26): error CS0246: The type or namespace name 'Guid' could not be found (are you missing a using directive or an assembly reference?)
Assets\SolarSim\Runtime\Application\Events\ProjectEvents.cs(14,61): error CS0518: Predefined type 'System.Runtime.CompilerServices.IsExternalInit' is not defined or imported
Assets\SolarSim\Runtime\Domain\Roof\RoofGeometry.cs(61,46): error CS0246: The type or namespace name 'IReadOnlyList<>' could not be found (are you missing a using directive or an assembly reference?)
Assets\SolarSim\Runtime\Application\Project\SolarProject.cs(114,18): error CS0246: The type or namespace name 'Action<>' could not be found (are you missing a using directive or an assembly reference?)
Assets\SolarSim\Runtime\Application\Project\SolarProject.cs(115,18): error CS0246: The type or namespace name 'Action' could not be found (are you missing a using directive or an assembly reference?)
Assets\SolarSim\Runtime\Domain\Roof\RoofGeometry.cs(74,61): error CS0246: The type or namespace name 'IReadOnlyList<>' could not be found (are you missing a using directive or an assembly reference?)
Assets\SolarSim\Runtime\Domain\Roof\RoofGeometry.cs(90,66): error CS0246: The type or namespace name 'IReadOnlyList<>' could not be found (are you missing a using directive or an assembly reference?)
Assets\SolarSim\Runtime\Application\Project\SolarProject.cs(96,12): error CS0246: The type or namespace name 'Guid' could not be found (are you missing a using directive or an assembly reference?)
Assets\SolarSim\Runtime\Application\Project\SolarProject.cs(98,18): warning CS8632: The annotation for nullable reference types should only be used in code within a '#nullable' annotations context.
Assets\SolarSim\Runtime\Domain\Roof\RoofGeometry.cs(117,70): error CS0246: The type or namespace name 'IReadOnlyList<>' could not be found (are you missing a using directive or an assembly reference?)
Assets\SolarSim\Runtime\Application\Serialization\SolarProjectSerializer.cs(71,12): error CS0246: The type or namespace name 'Guid' could not be found (are you missing a using directive or an assembly reference?)
Assets\SolarSim\Runtime\Domain\Roof\RoofGeometry.cs(301,71): warning CS8632: The annotation for nullable reference types should only be used in code within a '#nullable' annotations context.
Assets\SolarSim\Runtime\Domain\Roof\RoofGeometry.cs(301,85): warning CS8632: The annotation for nullable reference types should only be used in code within a '#nullable' annotations context.
Assets\SolarSim\Runtime\Domain\Roof\RoofGeometry.cs(229,53): error CS0246: The type or namespace name 'IReadOnlyList<>' could not be found (are you missing a using directive or an assembly reference?)
Assets\SolarSim\Runtime\Domain\Roof\RoofGeometry.cs(229,19): error CS0246: The type or namespace name 'List<>' could not be found (are you missing a using directive or an assembly reference?)
Assets\SolarSim\Runtime\Application\Serialization\SolarProjectSerializer.cs(78,12): error CS0246: The type or namespace name 'List<>' could not be found (are you missing a using directive or an assembly reference?)
Assets\SolarSim\Runtime\Application\Serialization\SolarProjectSerializer.cs(79,28): warning CS8632: The annotation for nullable reference types should only be used in code within a '#nullable' annotations context.
Assets\SolarSim\Runtime\Domain\Roof\RoofGeometry.cs(288,38): error CS0246: The type or namespace name 'IReadOnlyList<>' could not be found (are you missing a using directive or an assembly reference?)
Assets\SolarSim\Runtime\Application\Project\SolarProject.cs(105,12): error CS0246: The type or namespace name 'Dictionary<,>' could not be found (are you missing a using directive or an assembly reference?)
Assets\SolarSim\Runtime\Application\Project\SolarProject.cs(105,23): error CS0246: The type or namespace name 'Guid' could not be found (are you missing a using directive or an assembly reference?)
Assets\SolarSim\Runtime\Application\Project\SolarProject.cs(132,51): error CS0246: The type or namespace name 'Guid' could not be found (are you missing a using directive or an assembly reference?)
Assets\SolarSim\Runtime\Application\Project\SolarProject.cs(159,9): error CS0246: The type or namespace name 'Guid' could not be found (are you missing a using directive or an assembly reference?)
Assets\SolarSim\Runtime\Application\Project\SolarProject.cs(233,100): warning CS8632: The annotation for nullable reference types should only be used in code within a '#nullable' annotations context.
Assets\SolarSim\Runtime\Application\Project\SolarProject.cs(258,12): error CS0246: The type or namespace name 'IReadOnlyList<>' could not be found (are you missing a using directive or an assembly reference?)
Assets\SolarSim\Runtime\Application\Project\SolarProject.cs(261,53): error CS0246: The type or namespace name 'Guid' could not be found (are you missing a using directive or an assembly reference?)
Assets\SolarSim\Runtime\Application\Project\SolarProject.cs(280,56): error CS0246: The type or namespace name 'Guid' could not be found (are you missing a using directive or an assembly reference?)
Assets\SolarSim\Runtime\Domain\Roof\RackingLayoutService.cs(145,58): error CS0518: Predefined type 'System.Runtime.CompilerServices.IsExternalInit' is not defined or imported
Assets\SolarSim\Runtime\Domain\Roof\RoofGeometry.cs(301,56): error CS0518: Predefined type 'System.Runtime.CompilerServices.IsExternalInit' is not defined or imported
Assets\SolarSim\Runtime\Domain\Roof\RoofGeometry.cs(301,73): error CS0518: Predefined type 'System.Runtime.CompilerServices.IsExternalInit' is not defined or imported
Assets\SolarSim\Runtime\Domain\Roof\RoofGeometry.cs(301,87): error CS0518: Predefined type 'System.Runtime.CompilerServices.IsExternalInit' is not defined or imported
Assets\SolarSim\Runtime\Domain\Roof\RackingLayoutService.cs(145,68): error CS0518: Predefined type 'System.Runtime.CompilerServices.IsExternalInit' is not defined or imported
Assets\SolarSim\Runtime\Domain\Roof\RackingLayoutService.cs(145,78): error CS0518: Predefined type 'System.Runtime.CompilerServices.IsExternalInit' is not defined or imported
Assets\SolarSim\Runtime\Domain\Roof\RackingLayoutService.cs(145,88): error CS0518: Predefined type 'System.Runtime.CompilerServices.IsExternalInit' is not defined or imported
Assets\SolarSim\Runtime\Domain\Roof\RackingLayoutService.cs(145,98): error CS0518: Predefined type 'System.Runtime.CompilerServices.IsExternalInit' is not defined or imported
Assets\SolarSim\Runtime\Application\Commands\ProjectCommands.cs(151,22): error CS0246: The type or namespace name 'Guid' could not be found (are you missing a using directive or an assembly reference?)
Assets\SolarSim\Runtime\Application\Commands\ProjectCommands.cs(111,22): error CS0246: The type or namespace name 'Guid' could not be found (are you missing a using directive or an assembly reference?)
Assets\SolarSim\Runtime\Application\Commands\ProjectCommands.cs(49,22): error CS0246: The type or namespace name 'List<>' could not be found (are you missing a using directive or an assembly reference?)
Assets\SolarSim\Runtime\Application\Commands\ProjectCommands.cs(155,53): error CS0246: The type or namespace name 'Guid' could not be found (are you missing a using directive or an assembly reference?)
Assets\SolarSim\Runtime\Application\Commands\ProjectCommands.cs(51,53): error CS0246: The type or namespace name 'Guid' could not be found (are you missing a using directive or an assembly reference?)
Assets\SolarSim\Runtime\Application\Commands\ProjectCommands.cs(119,9): error CS0246: The type or namespace name 'Guid' could not be found (are you missing a using directive or an assembly reference?)
Assets\SolarSim\Runtime\Domain\Equipment\InverterDefinition.cs(99,9): error CS0246: The type or namespace name 'Guid' could not be found (are you missing a using directive or an assembly reference?)
Assets\SolarSim\Runtime\Domain\Equipment\InverterDefinition.cs(21,9): error CS0246: The type or namespace name 'Guid' could not be found (are you missing a using directive or an assembly reference?)
Assets\SolarSim\Runtime\Application\Commands\CommandHistory.cs(25,26): error CS0066: 'CommandHistory.HistoryChanged': event must be of a delegate type
Assets\SolarSim\Runtime\Application\Project\SolarProject.cs(16,26): error CS0066: 'SelectionService.SelectionChanged': event must be of a delegate type
Assets\SolarSim\Runtime\Application\Commands\ProjectCommands.cs(192,12): error CS0246: The type or namespace name 'Guid' could not be found (are you missing a using directive or an assembly reference?)
Assets\SolarSim\Runtime\Application\Serialization\SolarProjectSerializer.cs(84,12): error CS0246: The type or namespace name 'Guid' could not be found (are you missing a using directive or an assembly reference?)
Assets\SolarSim\Runtime\Domain\Electrical\ConnectionValidator.cs(9,12): error CS0246: The type or namespace name 'IReadOnlyList<>' could not be found (are you missing a using directive or an assembly reference?)
Assets\SolarSim\Runtime\Domain\Electrical\ConnectionValidator.cs(9,26): error CS0246: The type or namespace name 'Guid' could not be found (are you missing a using directive or an assembly reference?)
Assets\SolarSim\Runtime\Domain\Roof\RoofSurface.cs(3,47): error CS0518: Predefined type 'System.Runtime.CompilerServices.IsExternalInit' is not defined or imported
Assets\SolarSim\Runtime\Domain\Roof\RoofSurface.cs(3,57): error CS0518: Predefined type 'System.Runtime.CompilerServices.IsExternalInit' is not defined or imported
Assets\SolarSim\Runtime\Domain\Electrical\ConnectionValidator.cs(29,12): error CS0246: The type or namespace name 'List<>' could not be found (are you missing a using directive or an assembly reference?)
Assets\SolarSim\Runtime\Application\Commands\ProjectCommands.cs(181,22): error CS0246: The type or namespace name 'Guid' could not be found (are you missing a using directive or an assembly reference?)
Assets\SolarSim\Runtime\Domain\Electrical\ConnectionValidator.cs(30,12): error CS0246: The type or namespace name 'List<>' could not be found (are you missing a using directive or an assembly reference?)
Assets\SolarSim\Runtime\Application\Commands\ProjectCommands.cs(183,31): warning CS8632: The annotation for nullable reference types should only be used in code within a '#nullable' annotations context.
Assets\SolarSim\Runtime\Domain\Electrical\ConnectionValidator.cs(16,9): error CS0246: The type or namespace name 'IEnumerable<>' could not be found (are you missing a using directive or an assembly reference?)
Assets\SolarSim\Runtime\Domain\Electrical\ConnectionValidator.cs(16,21): error CS0246: The type or namespace name 'Guid' could not be found (are you missing a using directive or an assembly reference?)
Assets\SolarSim\Runtime\Application\Serialization\SolarProjectSerializer.cs(96,12): error CS0246: The type or namespace name 'Guid' could not be found (are you missing a using directive or an assembly reference?)
Assets\SolarSim\Runtime\Domain\Equipment\SolarPanelDefinition.cs(8,12): error CS0246: The type or namespace name 'Guid' could not be found (are you missing a using directive or an assembly reference?)
Assets\SolarSim\Runtime\Application\Commands\ProjectCommands.cs(185,56): error CS0246: The type or namespace name 'Guid' could not be found (are you missing a using directive or an assembly reference?)
Assets\SolarSim\Runtime\Domain\Equipment\SolarPanelDefinition.cs(24,18): warning CS8632: The annotation for nullable reference types should only be used in code within a '#nullable' annotations context.
Assets\SolarSim\Runtime\Application\Serialization\SolarProjectSerializer.cs(105,12): error CS0246: The type or namespace name 'List<>' could not be found (are you missing a using directive or an assembly reference?)
Assets\SolarSim\Runtime\Application\Project\SolarProject.cs(114,34): error CS0066: 'SolarProject.ProjectChanged': event must be of a delegate type
Assets\SolarSim\Runtime\Application\Project\SolarProject.cs(115,26): error CS0066: 'SolarProject.CalculationsUpdated': event must be of a delegate type
Assets\SolarSim\Runtime\Domain\Equipment\SolarPanelDefinition.cs(129,19): error CS0246: The type or namespace name 'IReadOnlyList<>' could not be found (are you missing a using directive or an assembly reference?)
Assets\SolarSim\Runtime\Application\Serialization\SolarProjectSerializer.cs(117,12): error CS0246: The type or namespace name 'Guid' could not be found (are you missing a using directive or an assembly reference?)
Assets\SolarSim\Runtime\Application\Serialization\SolarProjectSerializer.cs(106,12): error CS0246: The type or namespace name 'List<>' could not be found (are you missing a using directive or an assembly reference?)
Assets\SolarSim\Runtime\Application\Serialization\SolarProjectSerializer.cs(129,12): error CS0246: The type or namespace name 'Guid' could not be found (are you missing a using directive or an assembly reference?)
Assets\SolarSim\Runtime\Domain\Equipment\SolarPanelDefinition.cs(28,9): error CS0246: The type or namespace name 'Guid' could not be found (are you missing a using directive or an assembly reference?)
Assets\SolarSim\Runtime\Domain\Equipment\SolarPanelDefinition.cs(44,15): warning CS8632: The annotation for nullable reference types should only be used in code within a '#nullable' annotations context.
Assets\SolarSim\Runtime\Domain\Electrical\ConnectionValidator.cs(32,76): error CS0246: The type or namespace name 'Guid' could not be found (are you missing a using directive or an assembly reference?)
Assets\SolarSim\Runtime\Application\Serialization\SolarProjectSerializer.cs(145,18): warning CS8632: The annotation for nullable reference types should only be used in code within a '#nullable' annotations context.
Assets\SolarSim\Runtime\Domain\Electrical\ConnectionValidator.cs(35,78): error CS0246: The type or namespace name 'Guid' could not be found (are you missing a using directive or an assembly reference?)
Assets\SolarSim\Runtime\Application\Serialization\SolarProjectSerializer.cs(151,12): error CS0246: The type or namespace name 'Guid' could not be found (are you missing a using directive or an assembly reference?)
Assets\SolarSim\Runtime\Application\Serialization\SolarProjectSerializer.cs(152,12): error CS0246: The type or namespace name 'Guid' could not be found (are you missing a using directive or an assembly reference?)
Assets\SolarSim\Runtime\Application\Serialization\SolarProjectSerializer.cs(163,12): error CS0246: The type or namespace name 'Guid' could not be found (are you missing a using directive or an assembly reference?)
Assets\SolarSim\Runtime\Application\Serialization\SolarProjectSerializer.cs(168,18): warning CS8632: The annotation for nullable reference types should only be used in code within a '#nullable' annotations context.
Assets\SolarSim\Runtime\Application\Serialization\SolarProjectSerializer.cs(173,12): error CS0246: The type or namespace name 'Guid' could not be found (are you missing a using directive or an assembly reference?)
Assets\SolarSim\Runtime\Domain\Electrical\ElectricalCalculationService.cs(10,12): error CS0246: The type or namespace name 'Guid' could not be found (are you missing a using directive or an assembly reference?)
Assets\SolarSim\Runtime\Application\Serialization\SolarProjectSerializer.cs(174,12): error CS0246: The type or namespace name 'Guid' could not be found (are you missing a using directive or an assembly reference?)
Assets\SolarSim\Runtime\Domain\Electrical\ElectricalCalculationService.cs(42,35): error CS0518: Predefined type 'System.Runtime.CompilerServices.IsExternalInit' is not defined or imported
Assets\SolarSim\Runtime\Domain\Equipment\SolarPanelInstance.cs(10,12): error CS0246: The type or namespace name 'Guid' could not be found (are you missing a using directive or an assembly reference?)
Assets\SolarSim\Runtime\Application\Serialization\SolarProjectSerializer.cs(175,12): error CS0246: The type or namespace name 'Guid' could not be found (are you missing a using directive or an assembly reference?)
Assets\SolarSim\Runtime\Domain\Electrical\ElectricalCalculationService.cs(43,39): error CS0518: Predefined type 'System.Runtime.CompilerServices.IsExternalInit' is not defined or imported
Assets\SolarSim\Runtime\Domain\Electrical\ElectricalCalculationService.cs(12,12): error CS0246: The type or namespace name 'IReadOnlyList<>' could not be found (are you missing a using directive or an assembly reference?)
Assets\SolarSim\Runtime\Domain\Electrical\ElectricalCalculationService.cs(12,26): error CS0246: The type or namespace name 'Guid' could not be found (are you missing a using directive or an assembly reference?)
Assets\SolarSim\Runtime\Domain\Electrical\ElectricalCalculationService.cs(26,12): error CS0246: The type or namespace name 'Guid' could not be found (are you missing a using directive or an assembly reference?)
Assets\SolarSim\Runtime\Domain\Electrical\ElectricalCalculationService.cs(44,41): error CS0518: Predefined type 'System.Runtime.CompilerServices.IsExternalInit' is not defined or imported
Assets\SolarSim\Runtime\Domain\Electrical\ElectricalCalculationService.cs(45,35): error CS0518: Predefined type 'System.Runtime.CompilerServices.IsExternalInit' is not defined or imported
Assets\SolarSim\Runtime\Domain\Electrical\ElectricalCalculationService.cs(26,33): error CS0518: Predefined type 'System.Runtime.CompilerServices.IsExternalInit' is not defined or imported
Assets\SolarSim\Runtime\Domain\Electrical\ElectricalCalculationService.cs(46,41): error CS0518: Predefined type 'System.Runtime.CompilerServices.IsExternalInit' is not defined or imported
Assets\SolarSim\Runtime\Domain\Equipment\SolarPanelInstance.cs(11,12): error CS0246: The type or namespace name 'Guid' could not be found (are you missing a using directive or an assembly reference?)
Assets\SolarSim\Runtime\Domain\Electrical\ElectricalCalculationService.cs(27,38): error CS0518: Predefined type 'System.Runtime.CompilerServices.IsExternalInit' is not defined or imported
Assets\SolarSim\Runtime\Domain\Electrical\ElectricalCalculationService.cs(28,34): error CS0518: Predefined type 'System.Runtime.CompilerServices.IsExternalInit' is not defined or imported
Assets\SolarSim\Runtime\Domain\Electrical\ElectricalCalculationService.cs(29,41): error CS0518: Predefined type 'System.Runtime.CompilerServices.IsExternalInit' is not defined or imported
Assets\SolarSim\Runtime\Domain\Electrical\ElectricalCalculationService.cs(30,35): error CS0518: Predefined type 'System.Runtime.CompilerServices.IsExternalInit' is not defined or imported
Assets\SolarSim\Runtime\Domain\Electrical\ElectricalCalculationService.cs(31,35): error CS0518: Predefined type 'System.Runtime.CompilerServices.IsExternalInit' is not defined or imported
Assets\SolarSim\Runtime\Domain\Electrical\ElectricalCalculationService.cs(32,34): error CS0518: Predefined type 'System.Runtime.CompilerServices.IsExternalInit' is not defined or imported
Assets\SolarSim\Runtime\Domain\Electrical\ElectricalCalculationService.cs(33,34): error CS0518: Predefined type 'System.Runtime.CompilerServices.IsExternalInit' is not defined or imported
Assets\SolarSim\Runtime\Domain\Electrical\ElectricalCalculationService.cs(47,12): error CS0246: The type or namespace name 'IReadOnlyList<>' could not be found (are you missing a using directive or an assembly reference?)
Assets\SolarSim\Runtime\Domain\Electrical\ElectricalCalculationService.cs(34,44): error CS0518: Predefined type 'System.Runtime.CompilerServices.IsExternalInit' is not defined or imported
Assets\SolarSim\Runtime\Domain\Electrical\ElectricalCalculationService.cs(35,37): error CS0518: Predefined type 'System.Runtime.CompilerServices.IsExternalInit' is not defined or imported
Assets\SolarSim\Runtime\Domain\Electrical\ElectricalCalculationService.cs(47,66): error CS0518: Predefined type 'System.Runtime.CompilerServices.IsExternalInit' is not defined or imported
Assets\SolarSim\Runtime\Domain\Electrical\ElectricalCalculationService.cs(14,21): error CS0246: The type or namespace name 'Guid' could not be found (are you missing a using directive or an assembly reference?)
Assets\SolarSim\Runtime\Domain\Electrical\ElectricalCalculationService.cs(14,50): error CS0246: The type or namespace name 'IReadOnlyList<>' could not be found (are you missing a using directive or an assembly reference?)
Assets\SolarSim\Runtime\Domain\Electrical\ElectricalCalculationService.cs(14,64): error CS0246: The type or namespace name 'Guid' could not be found (are you missing a using directive or an assembly reference?)
Assets\SolarSim\Runtime\Domain\Equipment\SolarPanelInstance.cs(56,12): error CS0246: The type or namespace name 'IReadOnlyList<>' could not be found (are you missing a using directive or an assembly reference?)
Assets\SolarSim\Runtime\Application\Serialization\SolarProjectSerializer.cs(188,12): error CS0246: The type or namespace name 'List<>' could not be found (are you missing a using directive or an assembly reference?)
Assets\SolarSim\Runtime\Domain\Electrical\ElectricalCalculationService.cs(48,12): error CS0246: The type or namespace name 'IReadOnlyList<>' could not be found (are you missing a using directive or an assembly reference?)
Assets\SolarSim\Runtime\Domain\Electrical\ElectricalCalculationService.cs(36,12): error CS0246: The type or namespace name 'IReadOnlyList<>' could not be found (are you missing a using directive or an assembly reference?)
Assets\SolarSim\Runtime\Domain\Electrical\ElectricalCalculationService.cs(48,59): error CS0518: Predefined type 'System.Runtime.CompilerServices.IsExternalInit' is not defined or imported
Assets\SolarSim\Runtime\Domain\Electrical\ElectricalCalculationService.cs(36,59): error CS0518: Predefined type 'System.Runtime.CompilerServices.IsExternalInit' is not defined or imported
Assets\SolarSim\Runtime\Domain\Electrical\ElectricalCalculationService.cs(49,12): error CS0246: The type or namespace name 'IReadOnlyList<>' could not be found (are you missing a using directive or an assembly reference?)
Assets\SolarSim\Runtime\Domain\Electrical\ElectricalCalculationService.cs(49,57): error CS0518: Predefined type 'System.Runtime.CompilerServices.IsExternalInit' is not defined or imported
Assets\SolarSim\Runtime\Domain\Electrical\ElectricalCalculationService.cs(37,12): error CS0246: The type or namespace name 'IReadOnlyList<>' could not be found (are you missing a using directive or an assembly reference?)
Assets\SolarSim\Runtime\Application\Serialization\SolarProjectSerializer.cs(204,53): error CS0246: The type or namespace name 'Exception' could not be found (are you missing a using directive or an assembly reference?)
Assets\SolarSim\Runtime\Domain\Electrical\ElectricalCalculationService.cs(37,57): error CS0518: Predefined type 'System.Runtime.CompilerServices.IsExternalInit' is not defined or imported
Assets\SolarSim\Runtime\Domain\Equipment\SolarPanelInstance.cs(70,33): error CS0246: The type or namespace name 'Guid' could not be found (are you missing a using directive or an assembly reference?)
Assets\SolarSim\Runtime\Domain\Equipment\SolarPanelInstance.cs(72,35): error CS0246: The type or namespace name 'Guid' could not be found (are you missing a using directive or an assembly reference?)
Assets\SolarSim\Runtime\Domain\Electrical\ElectricalPort.cs(5,5): error CS0246: The type or namespace name 'Guid' could not be found (are you missing a using directive or an assembly reference?)
Assets\SolarSim\Runtime\Domain\Electrical\ElectricalCalculationService.cs(56,9): error CS0246: The type or namespace name 'IReadOnlyDictionary<,>' could not be found (are you missing a using directive or an assembly reference?)
Assets\SolarSim\Runtime\Domain\Electrical\ElectricalCalculationService.cs(56,29): error CS0246: The type or namespace name 'Guid' could not be found (are you missing a using directive or an assembly reference?)
Assets\SolarSim\Runtime\Domain\Electrical\ElectricalCalculationService.cs(57,9): error CS0246: The type or namespace name 'IReadOnlyDictionary<,>' could not be found (are you missing a using directive or an assembly reference?)
Assets\SolarSim\Runtime\Domain\Electrical\ElectricalCalculationService.cs(57,29): error CS0246: The type or namespace name 'Guid' could not be found (are you missing a using directive or an assembly reference?)
Assets\SolarSim\Runtime\Application\Serialization\SolarProjectSerializer.cs(206,58): error CS0246: The type or namespace name 'Exception' could not be found (are you missing a using directive or an assembly reference?)
Assets\SolarSim\Runtime\Domain\Electrical\ElectricalPort.cs(6,5): error CS0246: The type or namespace name 'IReadOnlyList<>' could not be found (are you missing a using directive or an assembly reference?)
Assets\SolarSim\Runtime\Domain\Electrical\ElectricalCalculationService.cs(60,9): error CS0246: The type or namespace name 'IReadOnlyList<>' could not be found (are you missing a using directive or an assembly reference?)
Assets\SolarSim\Runtime\Domain\Electrical\ElectricalCalculationService.cs(61,9): error CS0246: The type or namespace name 'IReadOnlyDictionary<,>' could not be found (are you missing a using directive or an assembly reference?)
Assets\SolarSim\Runtime\Domain\Electrical\ElectricalCalculationService.cs(61,29): error CS0246: The type or namespace name 'Guid' could not be found (are you missing a using directive or an assembly reference?)
Assets\SolarSim\Runtime\Domain\Electrical\ElectricalCalculationService.cs(62,9): error CS0246: The type or namespace name 'IReadOnlyDictionary<,>' could not be found (are you missing a using directive or an assembly reference?)
Assets\SolarSim\Runtime\Domain\Electrical\ElectricalCalculationService.cs(62,29): error CS0246: The type or namespace name 'Guid' could not be found (are you missing a using directive or an assembly reference?)
Assets\SolarSim\Runtime\Domain\Electrical\ElectricalConnection.cs(10,12): error CS0246: The type or namespace name 'Guid' could not be found (are you missing a using directive or an assembly reference?)
Assets\SolarSim\Runtime\Domain\Electrical\ElectricalConnection.cs(11,12): error CS0246: The type or namespace name 'Guid' could not be found (are you missing a using directive or an assembly reference?)
Assets\SolarSim\Runtime\Domain\Electrical\ElectricalCalculationService.cs(71,9): error CS0246: The type or namespace name 'IReadOnlyDictionary<,>' could not be found (are you missing a using directive or an assembly reference?)
Assets\SolarSim\Runtime\Domain\Electrical\ElectricalCalculationService.cs(71,29): error CS0246: The type or namespace name 'Guid' could not be found (are you missing a using directive or an assembly reference?)
Assets\SolarSim\Runtime\Domain\Electrical\ElectricalCalculationService.cs(72,9): error CS0246: The type or namespace name 'IReadOnlyDictionary<,>' could not be found (are you missing a using directive or an assembly reference?)
Assets\SolarSim\Runtime\Domain\Electrical\ElectricalCalculationService.cs(72,29): error CS0246: The type or namespace name 'Guid' could not be found (are you missing a using directive or an assembly reference?)
Assets\SolarSim\Runtime\Domain\Electrical\ElectricalConnection.cs(12,12): error CS0246: The type or namespace name 'Guid' could not be found (are you missing a using directive or an assembly reference?)
Assets\SolarSim\Runtime\Domain\Electrical\ElectricalConnection.cs(30,30): error CS0246: The type or namespace name 'Guid' could not be found (are you missing a using directive or an assembly reference?)
Assets\SolarSim\Runtime\Domain\Equipment\SolarPanelInstance.cs(20,9): error CS0246: The type or namespace name 'Guid' could not be found (are you missing a using directive or an assembly reference?)
Assets\SolarSim\Runtime\Domain\Equipment\SolarPanelInstance.cs(21,9): error CS0246: The type or namespace name 'Guid' could not be found (are you missing a using directive or an assembly reference?)
Assets\SolarSim\Runtime\Domain\Equipment\SolarPanelInstance.cs(26,23): warning CS8632: The annotation for nullable reference types should only be used in code within a '#nullable' annotations context.
Assets\SolarSim\Runtime\Domain\Equipment\SolarPanelInstance.cs(27,23): warning CS8632: The annotation for nullable reference types should only be used in code within a '#nullable' annotations context.
Assets\SolarSim\Runtime\Domain\Electrical\ElectricalConnection.cs(32,27): error CS0246: The type or namespace name 'Guid' could not be found (are you missing a using directive or an assembly reference?)
Assets\SolarSim\Runtime\Domain\Electrical\ElectricalConnection.cs(32,12): error CS0246: The type or namespace name 'Guid' could not be found (are you missing a using directive or an assembly reference?)
Assets\SolarSim\Runtime\Domain\Electrical\ElectricalCalculationService.cs(157,9): error CS0246: The type or namespace name 'IReadOnlyList<>' could not be found (are you missing a using directive or an assembly reference?)
Assets\SolarSim\Runtime\Domain\Electrical\ElectricalCalculationService.cs(158,9): error CS0246: The type or namespace name 'IReadOnlyDictionary<,>' could not be found (are you missing a using directive or an assembly reference?)
Assets\SolarSim\Runtime\Domain\Electrical\ElectricalCalculationService.cs(158,29): error CS0246: The type or namespace name 'Guid' could not be found (are you missing a using directive or an assembly reference?)
Assets\SolarSim\Runtime\Domain\Electrical\ElectricalCalculationService.cs(159,9): error CS0246: The type or namespace name 'IReadOnlyDictionary<,>' could not be found (are you missing a using directive or an assembly reference?)
Assets\SolarSim\Runtime\Domain\Electrical\ElectricalCalculationService.cs(159,29): error CS0246: The type or namespace name 'Guid' could not be found (are you missing a using directive or an assembly reference?)
Assets\SolarSim\Runtime\Application\Serialization\SolarProjectSerializer.cs(670,9): error CS0246: The type or namespace name 'Guid' could not be found (are you missing a using directive or an assembly reference?)
Assets\SolarSim\Runtime\Domain\Electrical\ElectricalCalculationService.cs(203,45): error CS0246: The type or namespace name 'IReadOnlyList<>' could not be found (are you missing a using directive or an assembly reference?)
Assets\SolarSim\Runtime\Domain\Electrical\ElectricalConnection.cs(16,9): error CS0246: The type or namespace name 'Guid' could not be found (are you missing a using directive or an assembly reference?)
Assets\SolarSim\Runtime\Domain\Electrical\ElectricalConnection.cs(17,9): error CS0246: The type or namespace name 'Guid' could not be found (are you missing a using directive or an assembly reference?)
Assets\SolarSim\Runtime\Domain\Electrical\ElectricalConnection.cs(18,9): error CS0246: The type or namespace name 'Guid' could not be found (are you missing a using directive or an assembly reference?)
Assets\SolarSim\Runtime\Domain\Electrical\ElectricalConnection.cs(19,15): warning CS8632: The annotation for nullable reference types should only be used in code within a '#nullable' annotations context.
Assets\SolarSim\Runtime\Domain\Electrical\ElectricalConnection.cs(55,12): error CS0246: The type or namespace name 'List<>' could not be found (are you missing a using directive or an assembly reference?)
Assets\SolarSim\Runtime\Domain\Electrical\ElectricalGraph.cs(7,5): error CS0246: The type or namespace name 'IReadOnlyDictionary<,>' could not be found (are you missing a using directive or an assembly reference?)
Assets\SolarSim\Runtime\Domain\Electrical\ElectricalGraph.cs(7,25): error CS0246: The type or namespace name 'Guid' could not be found (are you missing a using directive or an assembly reference?)
Assets\SolarSim\Runtime\Domain\Electrical\ElectricalGraph.cs(8,5): error CS0246: The type or namespace name 'IReadOnlyDictionary<,>' could not be found (are you missing a using directive or an assembly reference?)
Assets\SolarSim\Runtime\Domain\Electrical\ElectricalGraph.cs(8,25): error CS0246: The type or namespace name 'Guid' could not be found (are you missing a using directive or an assembly reference?)
Assets\SolarSim\Runtime\Domain\Electrical\ElectricalGraph.cs(9,5): error CS0246: The type or namespace name 'IReadOnlyDictionary<,>' could not be found (are you missing a using directive or an assembly reference?)
Assets\SolarSim\Runtime\Domain\Electrical\ElectricalGraph.cs(9,25): error CS0246: The type or namespace name 'Guid' could not be found (are you missing a using directive or an assembly reference?)
Assets\SolarSim\Runtime\Domain\Electrical\ElectricalGraph.cs(10,5): error CS0246: The type or namespace name 'IReadOnlyList<>' could not be found (are you missing a using directive or an assembly reference?)
Assets\SolarSim\Runtime\Domain\Electrical\ElectricalGraph.cs(42,12): error CS0246: The type or namespace name 'IReadOnlyDictionary<,>' could not be found (are you missing a using directive or an assembly reference?)
Assets\SolarSim\Runtime\Domain\Electrical\ElectricalGraph.cs(42,32): error CS0246: The type or namespace name 'Guid' could not be found (are you missing a using directive or an assembly reference?)
Assets\SolarSim\Runtime\Domain\Electrical\ElectricalGraph.cs(13,22): error CS0246: The type or namespace name 'Guid' could not be found (are you missing a using directive or an assembly reference?)
Assets\SolarSim\Runtime\Domain\Electrical\ElectricalGraph.cs(15,26): error CS0246: The type or namespace name 'Guid' could not be found (are you missing a using directive or an assembly reference?)
Assets\SolarSim\Runtime\Domain\Electrical\ElectricalGraph.cs(43,12): error CS0246: The type or namespace name 'IReadOnlyDictionary<,>' could not be found (are you missing a using directive or an assembly reference?)
Assets\SolarSim\Runtime\Domain\Electrical\ElectricalGraph.cs(43,32): error CS0246: The type or namespace name 'Guid' could not be found (are you missing a using directive or an assembly reference?)
Assets\SolarSim\Runtime\Domain\Electrical\ElectricalGraph.cs(16,33): error CS0246: The type or namespace name 'Guid' could not be found (are you missing a using directive or an assembly reference?)
Assets\SolarSim\Runtime\Domain\Electrical\ElectricalGraph.cs(17,22): error CS0246: The type or namespace name 'Guid' could not be found (are you missing a using directive or an assembly reference?)
Assets\SolarSim\Runtime\Domain\Electrical\ElectricalGraph.cs(44,12): error CS0246: The type or namespace name 'IReadOnlyDictionary<,>' could not be found (are you missing a using directive or an assembly reference?)
Assets\SolarSim\Runtime\Domain\Electrical\ElectricalGraph.cs(44,32): error CS0246: The type or namespace name 'Guid' could not be found (are you missing a using directive or an assembly reference?)
Assets\SolarSim\Runtime\Domain\Electrical\ElectricalGraph.cs(18,26): error CS0246: The type or namespace name 'Guid' could not be found (are you missing a using directive or an assembly reference?)
Assets\SolarSim\Runtime\Domain\Electrical\ElectricalGraph.cs(45,12): error CS0246: The type or namespace name 'IReadOnlyList<>' could not be found (are you missing a using directive or an assembly reference?)
Assets\SolarSim\Runtime\Domain\Electrical\ElectricalGraph.cs(19,28): error CS0246: The type or namespace name 'Guid' could not be found (are you missing a using directive or an assembly reference?)
Assets\SolarSim\Runtime\Domain\Electrical\ElectricalGraph.cs(20,21): error CS0246: The type or namespace name 'Guid' could not be found (are you missing a using directive or an assembly reference?)
Assets\SolarSim\Runtime\Domain\Electrical\ElectricalGraph.cs(21,26): error CS0246: The type or namespace name 'Guid' could not be found (are you missing a using directive or an assembly reference?)
Assets\SolarSim\Runtime\Domain\Electrical\ElectricalGraph.cs(69,29): error CS0246: The type or namespace name 'Guid' could not be found (are you missing a using directive or an assembly reference?)
Assets\SolarSim\Runtime\Domain\Electrical\ElectricalGraph.cs(83,33): error CS0246: The type or namespace name 'Guid' could not be found (are you missing a using directive or an assembly reference?)
Assets\SolarSim\Runtime\Domain\Electrical\ElectricalGraph.cs(23,43): error CS0246: The type or namespace name 'Guid' could not be found (are you missing a using directive or an assembly reference?)
Assets\SolarSim\Runtime\Domain\Electrical\ElectricalGraph.cs(23,61): error CS0246: The type or namespace name 'Guid' could not be found (are you missing a using directive or an assembly reference?)
Assets\SolarSim\Runtime\Domain\Electrical\ElectricalGraph.cs(23,83): warning CS8632: The annotation for nullable reference types should only be used in code within a '#nullable' annotations context.
Assets\SolarSim\Runtime\Domain\Electrical\ElectricalGraph.cs(23,115): warning CS8632: The annotation for nullable reference types should only be used in code within a '#nullable' annotations context.
Assets\SolarSim\Runtime\Domain\Roof\RoofSurface.cs(25,12): error CS0246: The type or namespace name 'Guid' could not be found (are you missing a using directive or an assembly reference?)
Assets\SolarSim\Runtime\Domain\Electrical\ElectricalGraph.cs(109,40): error CS0246: The type or namespace name 'Guid' could not be found (are you missing a using directive or an assembly reference?)
Assets\SolarSim\Runtime\Domain\Electrical\ElectricalGraph.cs(24,21): error CS0246: The type or namespace name 'Guid' could not be found (are you missing a using directive or an assembly reference?)
Assets\SolarSim\Runtime\Domain\Electrical\ElectricalGraph.cs(114,29): error CS0246: The type or namespace name 'Guid' could not be found (are you missing a using directive or an assembly reference?)
Assets\SolarSim\Runtime\Domain\Electrical\ElectricalGraph.cs(117,33): error CS0246: The type or namespace name 'Guid' could not be found (are you missing a using directive or an assembly reference?)
Assets\SolarSim\Runtime\Domain\Roof\RoofSurface.cs(75,12): error CS0246: The type or namespace name 'Guid' could not be found (are you missing a using directive or an assembly reference?)
Assets\SolarSim\Runtime\Domain\Electrical\ElectricalGraph.cs(120,33): error CS0246: The type or namespace name 'Guid' could not be found (are you missing a using directive or an assembly reference?)
Assets\SolarSim\Runtime\Domain\Electrical\ElectricalGraph.cs(138,35): error CS0246: The type or namespace name 'Guid' could not be found (are you missing a using directive or an assembly reference?)
Assets\SolarSim\Runtime\Domain\Electrical\ElectricalGraph.cs(143,28): error CS0246: The type or namespace name 'Guid' could not be found (are you missing a using directive or an assembly reference?)
Assets\SolarSim\Runtime\Domain\Roof\RoofSurface.cs(35,9): error CS0246: The type or namespace name 'Guid' could not be found (are you missing a using directive or an assembly reference?)
Assets\SolarSim\Runtime\Domain\Roof\RoofSurface.cs(41,15): warning CS8632: The annotation for nullable reference types should only be used in code within a '#nullable' annotations context.
Assets\SolarSim\Runtime\Domain\Roof\RoofSurface.cs(85,12): error CS0246: The type or namespace name 'IReadOnlyList<>' could not be found (are you missing a using directive or an assembly reference?)
Assets\SolarSim\Runtime\Domain\Electrical\ElectricalGraph.cs(147,9): error CS0246: The type or namespace name 'Guid' could not be found (are you missing a using directive or an assembly reference?)
Assets\SolarSim\Runtime\Domain\Electrical\ElectricalGraph.cs(148,9): error CS0246: The type or namespace name 'Guid' could not be found (are you missing a using directive or an assembly reference?)
Assets\SolarSim\Runtime\Domain\Electrical\ElectricalGraph.cs(149,15): warning CS8632: The annotation for nullable reference types should only be used in code within a '#nullable' annotations context.
Assets\SolarSim\Runtime\Domain\Electrical\ElectricalGraph.cs(150,33): warning CS8632: The annotation for nullable reference types should only be used in code within a '#nullable' annotations context.
Assets\SolarSim\Runtime\Domain\Roof\RoofSurface.cs(86,12): error CS0246: The type or namespace name 'IReadOnlyList<>' could not be found (are you missing a using directive or an assembly reference?)
Assets\SolarSim\Runtime\Domain\Electrical\ElectricalGraph.cs(204,28): error CS0246: The type or namespace name 'Guid' could not be found (are you missing a using directive or an assembly reference?)
Assets\SolarSim\Runtime\Domain\Roof\RoofSurface.cs(107,29): error CS0246: The type or namespace name 'IEnumerable<>' could not be found (are you missing a using directive or an assembly reference?)
Assets\SolarSim\Runtime\Domain\Electrical\ElectricalGraph.cs(307,40): error CS0246: The type or namespace name 'List<>' could not be found (are you missing a using directive or an assembly reference?)
Assets\SolarSim\Runtime\Domain\Electrical\ElectricalGraph.cs(307,45): error CS0246: The type or namespace name 'Guid' could not be found (are you missing a using directive or an assembly reference?)
Assets\SolarSim\Runtime\Domain\Electrical\ElectricalGraph.cs(307,13): error CS0246: The type or namespace name 'List<>' could not be found (are you missing a using directive or an assembly reference?)
Assets\SolarSim\Runtime\Domain\Electrical\ElectricalGraph.cs(307,18): error CS0246: The type or namespace name 'Guid' could not be found (are you missing a using directive or an assembly reference?)
Assets\SolarSim\Runtime\Domain\Roof\RoofSurface.cs(160,32): error CS0246: The type or namespace name 'Guid' could not be found (are you missing a using directive or an assembly reference?)
Assets\SolarSim\Runtime\Domain\Roof\RoofSurface.cs(162,39): error CS0246: The type or namespace name 'Guid' could not be found (are you missing a using directive or an assembly reference?)
Assets\SolarSim\Runtime\Domain\Roof\RoofSurface.cs(162,24): warning CS8632: The annotation for nullable reference types should only be used in code within a '#nullable' annotations context.
Assets\SolarSim\Runtime\Domain\Electrical\ElectricalGraph.cs(354,49): error CS0246: The type or namespace name 'Guid' could not be found (are you missing a using directive or an assembly reference?)
Assets\SolarSim\Runtime\Domain\Electrical\ElectricalGraph.cs(354,13): error CS0246: The type or namespace name 'IEnumerable<>' could not be found (are you missing a using directive or an assembly reference?)
Assets\SolarSim\Runtime\Domain\Electrical\ElectricalGraph.cs(354,25): error CS0246: The type or namespace name 'Guid' could not be found (are you missing a using directive or an assembly reference?)
Assets\SolarSim\Runtime\Domain\Electrical\ElectricalPort.cs(11,12): error CS0246: The type or namespace name 'Guid' could not be found (are you missing a using directive or an assembly reference?)
Assets\SolarSim\Runtime\Domain\Roof\RoofSurface.cs(166,12): error CS0246: The type or namespace name 'IReadOnlyList<>' could not be found (are you missing a using directive or an assembly reference?)
Assets\SolarSim\Runtime\Domain\Electrical\ElectricalPort.cs(12,12): error CS0246: The type or namespace name 'Guid' could not be found (are you missing a using directive or an assembly reference?)
Assets\SolarSim\Runtime\Domain\Roof\RoofSurface.cs(72,22): error CS0246: The type or namespace name 'List<>' could not be found (are you missing a using directive or an assembly reference?)
Assets\SolarSim\Runtime\Domain\Roof\RoofSurface.cs(73,22): error CS0246: The type or namespace name 'List<>' could not be found (are you missing a using directive or an assembly reference?)
Assets\SolarSim\Runtime\Domain\Roof\RoofSurface.cs(90,24): error CS0246: The type or namespace name 'Guid' could not be found (are you missing a using directive or an assembly reference?)
Assets\SolarSim\Runtime\Domain\Electrical\ElectricalPort.cs(18,12): error CS0246: The type or namespace name 'Guid' could not be found (are you missing a using directive or an assembly reference?)
Assets\SolarSim\Runtime\Domain\Electrical\ElectricalGraph.cs(35,22): error CS0246: The type or namespace name 'Dictionary<,>' could not be found (are you missing a using directive or an assembly reference?)
Assets\SolarSim\Runtime\Domain\Electrical\ElectricalGraph.cs(35,33): error CS0246: The type or namespace name 'Guid' could not be found (are you missing a using directive or an assembly reference?)
Assets\SolarSim\Runtime\Domain\Electrical\ElectricalGraph.cs(36,22): error CS0246: The type or namespace name 'Dictionary<,>' could not be found (are you missing a using directive or an assembly reference?)
Assets\SolarSim\Runtime\Domain\Electrical\ElectricalGraph.cs(36,33): error CS0246: The type or namespace name 'Guid' could not be found (are you missing a using directive or an assembly reference?)
Assets\SolarSim\Runtime\Domain\Electrical\ElectricalPort.cs(51,34): error CS0246: The type or namespace name 'Guid' could not be found (are you missing a using directive or an assembly reference?)
Assets\SolarSim\Runtime\Domain\Electrical\ElectricalPort.cs(58,33): error CS0246: The type or namespace name 'Guid' could not be found (are you missing a using directive or an assembly reference?)
Assets\SolarSim\Runtime\Domain\Electrical\ElectricalGraph.cs(37,22): error CS0246: The type or namespace name 'Dictionary<,>' could not be found (are you missing a using directive or an assembly reference?)
Assets\SolarSim\Runtime\Domain\Electrical\ElectricalGraph.cs(37,33): error CS0246: The type or namespace name 'Guid' could not be found (are you missing a using directive or an assembly reference?)
Assets\SolarSim\Runtime\Domain\Electrical\ElectricalGraph.cs(38,22): error CS0246: The type or namespace name 'Dictionary<,>' could not be found (are you missing a using directive or an assembly reference?)
Assets\SolarSim\Runtime\Domain\Electrical\ElectricalGraph.cs(38,33): error CS0246: The type or namespace name 'Guid' could not be found (are you missing a using directive or an assembly reference?)
Assets\SolarSim\Runtime\Domain\Electrical\ElectricalGraph.cs(39,22): error CS0246: The type or namespace name 'List<>' could not be found (are you missing a using directive or an assembly reference?)
Assets\SolarSim\Runtime\Domain\Electrical\ElectricalGraph.cs(40,22): error CS0246: The type or namespace name 'Dictionary<,>' could not be found (are you missing a using directive or an assembly reference?)
Assets\SolarSim\Runtime\Domain\Electrical\ElectricalGraph.cs(40,41): error CS0246: The type or namespace name 'Guid' could not be found (are you missing a using directive or an assembly reference?)
Assets\SolarSim\Runtime\Domain\Electrical\ElectricalPort.cs(22,9): error CS0246: The type or namespace name 'Guid' could not be found (are you missing a using directive or an assembly reference?)
Assets\SolarSim\Runtime\Domain\Electrical\ElectricalPort.cs(23,9): error CS0246: The type or namespace name 'Guid' could not be found (are you missing a using directive or an assembly reference?)
Assets\SolarSim\Runtime\Domain\Electrical\ElectricalPort.cs(28,9): error CS0246: The type or namespace name 'Guid' could not be found (are you missing a using directive or an assembly reference?)
Assets\SolarSim\Runtime\Domain\Electrical\ElectricalPort.cs(30,15): warning CS8632: The annotation for nullable reference types should only be used in code within a '#nullable' annotations context.
Assets\SolarSim\Runtime\Application\Commands\ProjectCommands.cs(243,38): warning CS8632: The annotation for nullable reference types should only be used in code within a '#nullable' annotations context.
Assets\SolarSim\Runtime\Application\Commands\ProjectCommands.cs(244,12): error CS0246: The type or namespace name 'Guid' could not be found (are you missing a using directive or an assembly reference?)
Assets\SolarSim\Runtime\Application\Commands\ProjectCommands.cs(278,22): error CS0246: The type or namespace name 'Guid' could not be found (are you missing a using directive or an assembly reference?)
Assets\SolarSim\Runtime\Application\Commands\ProjectCommands.cs(279,33): warning CS8632: The annotation for nullable reference types should only be used in code within a '#nullable' annotations context.
Assets\SolarSim\Runtime\Application\Commands\ProjectCommands.cs(366,22): error CS0246: The type or namespace name 'Guid' could not be found (are you missing a using directive or an assembly reference?)
Assets\SolarSim\Runtime\Application\Commands\ProjectCommands.cs(325,22): error CS0246: The type or namespace name 'Guid' could not be found (are you missing a using directive or an assembly reference?)
Assets\SolarSim\Runtime\Domain\Electrical\MpptCompatibilityService.cs(27,12): error CS0246: The type or namespace name 'Guid' could not be found (are you missing a using directive or an assembly reference?)
Assets\SolarSim\Runtime\Domain\Electrical\MpptCompatibilityService.cs(27,35): error CS0518: Predefined type 'System.Runtime.CompilerServices.IsExternalInit' is not defined or imported
Assets\SolarSim\Runtime\Domain\Electrical\MpptCompatibilityService.cs(7,36): error CS0518: Predefined type 'System.Runtime.CompilerServices.IsExternalInit' is not defined or imported
Assets\SolarSim\Runtime\Domain\Electrical\MpptCompatibilityService.cs(28,31): error CS0518: Predefined type 'System.Runtime.CompilerServices.IsExternalInit' is not defined or imported
Assets\SolarSim\Runtime\Application\Commands\ProjectCommands.cs(281,52): error CS0246: The type or namespace name 'Guid' could not be found (are you missing a using directive or an assembly reference?)
Assets\SolarSim\Runtime\Domain\Electrical\MpptCompatibilityService.cs(29,49): error CS0518: Predefined type 'System.Runtime.CompilerServices.IsExternalInit' is not defined or imported
Assets\SolarSim\Runtime\Domain\Electrical\MpptCompatibilityService.cs(8,12): error CS0246: The type or namespace name 'Guid' could not be found (are you missing a using directive or an assembly reference?)
Assets\SolarSim\Runtime\Application\Commands\ProjectCommands.cs(369,51): error CS0246: The type or namespace name 'Guid' could not be found (are you missing a using directive or an assembly reference?)
Assets\SolarSim\Runtime\Domain\Electrical\MpptCompatibilityService.cs(8,39): error CS0518: Predefined type 'System.Runtime.CompilerServices.IsExternalInit' is not defined or imported
Assets\SolarSim\Runtime\Application\Commands\ProjectCommands.cs(329,55): error CS0246: The type or namespace name 'Guid' could not be found (are you missing a using directive or an assembly reference?)
Assets\SolarSim\Runtime\Application\Commands\ProjectCommands.cs(229,22): error CS0246: The type or namespace name 'Guid' could not be found (are you missing a using directive or an assembly reference?)
Assets\SolarSim\Runtime\Domain\Electrical\MpptCompatibilityService.cs(9,12): error CS0246: The type or namespace name 'Guid' could not be found (are you missing a using directive or an assembly reference?)
Assets\SolarSim\Runtime\Domain\Electrical\MpptCompatibilityService.cs(30,12): error CS0246: The type or namespace name 'IReadOnlyList<>' could not be found (are you missing a using directive or an assembly reference?)
Assets\SolarSim\Runtime\Domain\Electrical\MpptCompatibilityService.cs(9,39): error CS0518: Predefined type 'System.Runtime.CompilerServices.IsExternalInit' is not defined or imported
Assets\SolarSim\Runtime\Domain\Electrical\MpptCompatibilityService.cs(30,61): error CS0518: Predefined type 'System.Runtime.CompilerServices.IsExternalInit' is not defined or imported
Assets\SolarSim\Runtime\Domain\Electrical\MpptCompatibilityService.cs(10,42): error CS0518: Predefined type 'System.Runtime.CompilerServices.IsExternalInit' is not defined or imported
Assets\SolarSim\Runtime\Domain\Electrical\MpptCompatibilityService.cs(11,42): error CS0518: Predefined type 'System.Runtime.CompilerServices.IsExternalInit' is not defined or imported
Assets\SolarSim\Runtime\Domain\Electrical\SingleLineDiagramService.cs(13,9): error CS0246: The type or namespace name 'IReadOnlyDictionary<,>' could not be found (are you missing a using directive or an assembly reference?)
Assets\SolarSim\Runtime\Domain\Electrical\SingleLineDiagramService.cs(13,29): error CS0246: The type or namespace name 'Guid' could not be found (are you missing a using directive or an assembly reference?)
Assets\SolarSim\Runtime\Domain\Electrical\SingleLineDiagramService.cs(14,9): error CS0246: The type or namespace name 'IReadOnlyList<>' could not be found (are you missing a using directive or an assembly reference?)
Assets\SolarSim\Runtime\Application\Commands\ProjectCommands.cs(230,22): error CS0246: The type or namespace name 'Guid' could not be found (are you missing a using directive or an assembly reference?)
Assets\SolarSim\Runtime\Domain\Electrical\MpptCompatibilityService.cs(31,12): error CS0246: The type or namespace name 'IReadOnlyList<>' could not be found (are you missing a using directive or an assembly reference?)
Assets\SolarSim\Runtime\Domain\Electrical\MpptCompatibilityService.cs(31,57): error CS0518: Predefined type 'System.Runtime.CompilerServices.IsExternalInit' is not defined or imported
Assets\SolarSim\Runtime\Domain\Electrical\MpptCompatibilityService.cs(12,12): error CS0246: The type or namespace name 'IReadOnlyList<>' could not be found (are you missing a using directive or an assembly reference?)
Assets\SolarSim\Runtime\Domain\Electrical\MpptCompatibilityService.cs(12,26): error CS0246: The type or namespace name 'Guid' could not be found (are you missing a using directive or an assembly reference?)
Assets\SolarSim\Runtime\Domain\Electrical\MpptCompatibilityService.cs(43,9): error CS0246: The type or namespace name 'IReadOnlyDictionary<,>' could not be found (are you missing a using directive or an assembly reference?)
Assets\SolarSim\Runtime\Domain\Electrical\MpptCompatibilityService.cs(43,29): error CS0246: The type or namespace name 'Guid' could not be found (are you missing a using directive or an assembly reference?)
Assets\SolarSim\Runtime\Domain\Electrical\MpptCompatibilityService.cs(44,29): warning CS8632: The annotation for nullable reference types should only be used in code within a '#nullable' annotations context.
Assets\SolarSim\Runtime\Domain\Electrical\MpptCompatibilityService.cs(40,19): error CS0246: The type or namespace name 'IReadOnlyList<>' could not be found (are you missing a using directive or an assembly reference?)
Assets\SolarSim\Runtime\Domain\Electrical\MpptCompatibilityService.cs(12,48): error CS0518: Predefined type 'System.Runtime.CompilerServices.IsExternalInit' is not defined or imported
Assets\SolarSim\Runtime\Application\Commands\ProjectCommands.cs(232,13): error CS0246: The type or namespace name 'Guid' could not be found (are you missing a using directive or an assembly reference?)
Assets\SolarSim\Runtime\Application\Commands\ProjectCommands.cs(233,39): warning CS8632: The annotation for nullable reference types should only be used in code within a '#nullable' annotations context.
Assets\SolarSim\Runtime\Domain\Electrical\MpptCompatibilityService.cs(13,12): error CS0246: The type or namespace name 'IReadOnlyList<>' could not be found (are you missing a using directive or an assembly reference?)
Assets\SolarSim\Runtime\Domain\Electrical\MpptCompatibilityService.cs(13,26): error CS0246: The type or namespace name 'Guid' could not be found (are you missing a using directive or an assembly reference?)
Assets\SolarSim\Runtime\Domain\Electrical\MpptCompatibilityService.cs(61,9): error CS0246: The type or namespace name 'IReadOnlyDictionary<,>' could not be found (are you missing a using directive or an assembly reference?)
Assets\SolarSim\Runtime\Domain\Electrical\MpptCompatibilityService.cs(61,29): error CS0246: The type or namespace name 'Guid' could not be found (are you missing a using directive or an assembly reference?)
Assets\SolarSim\Runtime\Domain\Electrical\MpptCompatibilityService.cs(62,29): warning CS8632: The annotation for nullable reference types should only be used in code within a '#nullable' annotations context.
Assets\SolarSim\Runtime\Domain\Electrical\MpptCompatibilityService.cs(13,49): error CS0518: Predefined type 'System.Runtime.CompilerServices.IsExternalInit' is not defined or imported
Assets\SolarSim\Runtime\Domain\Electrical\MpptCompatibilityService.cs(14,36): error CS0518: Predefined type 'System.Runtime.CompilerServices.IsExternalInit' is not defined or imported
Assets\SolarSim\Runtime\Domain\Electrical\MpptCompatibilityService.cs(15,40): error CS0518: Predefined type 'System.Runtime.CompilerServices.IsExternalInit' is not defined or imported
Assets\SolarSim\Runtime\Domain\Electrical\MpptCompatibilityService.cs(16,36): error CS0518: Predefined type 'System.Runtime.CompilerServices.IsExternalInit' is not defined or imported
Assets\SolarSim\Runtime\Domain\Electrical\MpptCompatibilityService.cs(130,9): error CS0246: The type or namespace name 'IReadOnlyDictionary<,>' could not be found (are you missing a using directive or an assembly reference?)
Assets\SolarSim\Runtime\Domain\Electrical\MpptCompatibilityService.cs(130,29): error CS0246: The type or namespace name 'Guid' could not be found (are you missing a using directive or an assembly reference?)
Assets\SolarSim\Runtime\Domain\Electrical\StringSizingService.cs(7,12): error CS0246: The type or namespace name 'Guid' could not be found (are you missing a using directive or an assembly reference?)
Assets\SolarSim\Runtime\Domain\Electrical\StringSizingService.cs(7,42): error CS0518: Predefined type 'System.Runtime.CompilerServices.IsExternalInit' is not defined or imported
Assets\SolarSim\Runtime\Domain\Electrical\MpptCompatibilityService.cs(17,39): error CS0518: Predefined type 'System.Runtime.CompilerServices.IsExternalInit' is not defined or imported
Assets\SolarSim\Runtime\Domain\Electrical\StringSizingService.cs(8,36): error CS0518: Predefined type 'System.Runtime.CompilerServices.IsExternalInit' is not defined or imported
Assets\SolarSim\Runtime\Domain\Electrical\MpptCompatibilityService.cs(18,35): error CS0518: Predefined type 'System.Runtime.CompilerServices.IsExternalInit' is not defined or imported
Assets\SolarSim\Runtime\Domain\Electrical\StringSizingService.cs(9,38): error CS0518: Predefined type 'System.Runtime.CompilerServices.IsExternalInit' is not defined or imported
Assets\SolarSim\Runtime\Domain\Electrical\MpptCompatibilityService.cs(19,35): error CS0518: Predefined type 'System.Runtime.CompilerServices.IsExternalInit' is not defined or imported
Assets\SolarSim\Runtime\Domain\Electrical\StringSizingService.cs(10,39): error CS0518: Predefined type 'System.Runtime.CompilerServices.IsExternalInit' is not defined or imported
Assets\SolarSim\Runtime\Domain\Electrical\MpptCompatibilityService.cs(375,9): error CS0246: The type or namespace name 'Guid' could not be found (are you missing a using directive or an assembly reference?)
Assets\SolarSim\Runtime\Domain\Electrical\MpptCompatibilityService.cs(376,9): error CS0246: The type or namespace name 'HashSet<>' could not be found (are you missing a using directive or an assembly reference?)
Assets\SolarSim\Runtime\Domain\Electrical\MpptCompatibilityService.cs(376,17): error CS0246: The type or namespace name 'Guid' could not be found (are you missing a using directive or an assembly reference?)
Assets\SolarSim\Runtime\Domain\Electrical\StringSizingService.cs(11,38): error CS0518: Predefined type 'System.Runtime.CompilerServices.IsExternalInit' is not defined or imported
Assets\SolarSim\Runtime\Application\Commands\ProjectCommands.cs(235,54): error CS0246: The type or namespace name 'Guid' could not be found (are you missing a using directive or an assembly reference?)
Assets\SolarSim\Runtime\Application\Commands\ProjectCommands.cs(235,72): error CS0246: The type or namespace name 'Guid' could not be found (are you missing a using directive or an assembly reference?)
Assets\SolarSim\Runtime\Application\Commands\ProjectCommands.cs(235,94): warning CS8632: The annotation for nullable reference types should only be used in code within a '#nullable' annotations context.
Assets\SolarSim\Runtime\Domain\Electrical\StringSizingService.cs(12,44): error CS0518: Predefined type 'System.Runtime.CompilerServices.IsExternalInit' is not defined or imported
Assets\SolarSim\Runtime\Domain\Electrical\MpptCompatibilityService.cs(20,37): error CS0518: Predefined type 'System.Runtime.CompilerServices.IsExternalInit' is not defined or imported
Assets\SolarSim\Runtime\Domain\Electrical\StringSizingService.cs(13,41): error CS0518: Predefined type 'System.Runtime.CompilerServices.IsExternalInit' is not defined or imported
Assets\SolarSim\Runtime\Domain\Electrical\MpptCompatibilityService.cs(21,36): error CS0518: Predefined type 'System.Runtime.CompilerServices.IsExternalInit' is not defined or imported
Assets\SolarSim\Runtime\Domain\Electrical\StringSizingService.cs(14,50): error CS0518: Predefined type 'System.Runtime.CompilerServices.IsExternalInit' is not defined or imported
Assets\SolarSim\Runtime\Domain\Electrical\StringSizingService.cs(15,44): error CS0518: Predefined type 'System.Runtime.CompilerServices.IsExternalInit' is not defined or imported
Assets\SolarSim\Runtime\Domain\Electrical\StringSizingService.cs(16,45): error CS0518: Predefined type 'System.Runtime.CompilerServices.IsExternalInit' is not defined or imported
Assets\SolarSim\Runtime\Domain\Electrical\StringSizingService.cs(17,47): error CS0518: Predefined type 'System.Runtime.CompilerServices.IsExternalInit' is not defined or imported
Assets\SolarSim\Runtime\Domain\Electrical\StringSizingService.cs(41,9): error CS0246: The type or namespace name 'Guid' could not be found (are you missing a using directive or an assembly reference?)
Assets\SolarSim\Runtime\Domain\Electrical\StringSizingService.cs(18,47): error CS0518: Predefined type 'System.Runtime.CompilerServices.IsExternalInit' is not defined or imported
Assets\SolarSim\Runtime\Domain\Electrical\StringSizingService.cs(21,42): error CS0518: Predefined type 'System.Runtime.CompilerServices.IsExternalInit' is not defined or imported
Assets\SolarSim\Runtime\Domain\Electrical\StringSizingService.cs(24,42): error CS0518: Predefined type 'System.Runtime.CompilerServices.IsExternalInit' is not defined or imported
Assets\SolarSim\Runtime\Domain\Electrical\StringSizingService.cs(27,47): error CS0518: Predefined type 'System.Runtime.CompilerServices.IsExternalInit' is not defined or imported
Assets\SolarSim\Runtime\Domain\Electrical\MpptCompatibilityService.cs(22,12): error CS0246: The type or namespace name 'IReadOnlyList<>' could not be found (are you missing a using directive or an assembly reference?)
Assets\SolarSim\Runtime\Domain\Electrical\MpptCompatibilityService.cs(22,57): error CS0518: Predefined type 'System.Runtime.CompilerServices.IsExternalInit' is not defined or imported
Assets\SolarSim\Runtime\Domain\Electrical\StringSizingService.cs(29,12): error CS0246: The type or namespace name 'IReadOnlyList<>' could not be found (are you missing a using directive or an assembly reference?)
Assets\SolarSim\Runtime\Domain\Electrical\StringSizingService.cs(29,57): error CS0518: Predefined type 'System.Runtime.CompilerServices.IsExternalInit' is not defined or imported
Assets\SolarSim\Runtime\Domain\Electrical\VoltageDropCalculator.cs(9,29): error CS0246: The type or namespace name 'Dictionary<,>' could not be found (are you missing a using directive or an assembly reference?)
Assets\SolarSim\Runtime\Domain\Electrical\TemperatureDeratingService.cs(57,9): error CS0246: The type or namespace name 'IReadOnlyList<>' could not be found (are you missing a using directive or an assembly reference?)
Assets\SolarSim\Runtime\Domain\Electrical\TemperatureDeratingService.cs(65,9): error CS0246: The type or namespace name 'IReadOnlyList<>' could not be found (are you missing a using directive or an assembly reference?)
Assets\SolarSim\Runtime\Domain\Electrical\VoltageDropCalculator.cs(60,12): error CS0518: Predefined type 'System.Runtime.CompilerServices.IsExternalInit' is not defined or imported
Assets\SolarSim\Runtime\Domain\Electrical\VoltageDropCalculator.cs(61,12): error CS0518: Predefined type 'System.Runtime.CompilerServices.IsExternalInit' is not defined or imported
Assets\SolarSim\Runtime\Domain\Electrical\VoltageDropCalculator.cs(62,12): error CS0518: Predefined type 'System.Runtime.CompilerServices.IsExternalInit' is not defined or imported
Assets\SolarSim\Runtime\Domain\Electrical\VoltageDropCalculator.cs(63,12): error CS0518: Predefined type 'System.Runtime.CompilerServices.IsExternalInit' is not defined or imported
Assets\SolarSim\Runtime\Domain\Electrical\VoltageDropCalculator.cs(64,12): error CS0518: Predefined type 'System.Runtime.CompilerServices.IsExternalInit' is not defined or imported
Assets\SolarSim\Runtime\Domain\Electrical\VoltageDropCalculator.cs(65,13): error CS0518: Predefined type 'System.Runtime.CompilerServices.IsExternalInit' is not defined or imported
Assets\SolarSim\Runtime\Domain\Electrical\VoltageDropCalculator.cs(66,18): error CS0518: Predefined type 'System.Runtime.CompilerServices.IsExternalInit' is not defined or imported
Assets\SolarSim\Runtime\Domain\Electrical\VoltageDropCalculator.cs(67,12): error CS0518: Predefined type 'System.Runtime.CompilerServices.IsExternalInit' is not defined or imported
Assets\SolarSim\Runtime\Domain\Electrical\VoltageDropCalculator.cs(68,12): error CS0518: Predefined type 'System.Runtime.CompilerServices.IsExternalInit' is not defined or imported
Assets\SolarSim\Runtime\Domain\Electrical\VoltageDropCalculator.cs(69,10): error CS0518: Predefined type 'System.Runtime.CompilerServices.IsExternalInit' is not defined or imported
Assets\SolarSim\Runtime\Domain\Electrical\WireRouting.cs(12,9): error CS0246: The type or namespace name 'IReadOnlyList<>' could not be found (are you missing a using directive or an assembly reference?)
Assets\SolarSim\Runtime\Domain\Electrical\WireRouting.cs(30,9): error CS0246: The type or namespace name 'IList<>' could not be found (are you missing a using directive or an assembly reference?)
Assets\SolarSim\Runtime\Domain\Equipment\ElectricalEquipmentInstance.cs(20,12): error CS0246: The type or namespace name 'Guid' could not be found (are you missing a using directive or an assembly reference?)
Assets\SolarSim\Runtime\Domain\Equipment\ElectricalEquipmentInstance.cs(29,35): warning CS8632: The annotation for nullable reference types should only be used in code within a '#nullable' annotations context.
Assets\SolarSim\Runtime\Domain\Equipment\ElectricalEquipmentInstance.cs(31,12): error CS0246: The type or namespace name 'IReadOnlyList<>' could not be found (are you missing a using directive or an assembly reference?)
Assets\SolarSim\Runtime\Domain\Equipment\ElectricalEquipmentInstance.cs(78,35): error CS0246: The type or namespace name 'Guid' could not be found (are you missing a using directive or an assembly reference?)
Assets\SolarSim\Runtime\Domain\Equipment\ElectricalEquipmentInstance.cs(83,9): error CS0246: The type or namespace name 'Guid' could not be found (are you missing a using directive or an assembly reference?)
Assets\SolarSim\Runtime\Domain\Equipment\ElectricalEquipmentInstance.cs(91,9): error CS0246: The type or namespace name 'List<>' could not be found (are you missing a using directive or an assembly reference?)
Assets\SolarSim\Runtime\Domain\Equipment\ElectricalEquipmentInstance.cs(92,32): warning CS8632: The annotation for nullable reference types should only be used in code within a '#nullable' annotations context.
Assets\SolarSim\Runtime\Domain\Equipment\ElectricalEquipmentInstance.cs(105,9): error CS0246: The type or namespace name 'Guid' could not be found (are you missing a using directive or an assembly reference?)
Assets\SolarSim\Runtime\Domain\Equipment\ElectricalEquipmentInstance.cs(109,15): warning CS8632: The annotation for nullable reference types should only be used in code within a '#nullable' annotations context.
Assets\SolarSim\Runtime\Domain\Equipment\ElectricalEquipmentInstance.cs(143,9): error CS0246: The type or namespace name 'Guid' could not be found (are you missing a using directive or an assembly reference?)
Assets\SolarSim\Runtime\Domain\Equipment\ElectricalEquipmentInstance.cs(146,15): warning CS8632: The annotation for nullable reference types should only be used in code within a '#nullable' annotations context.
Assets\SolarSim\Runtime\Domain\Equipment\ElectricalEquipmentInstance.cs(169,9): error CS0246: The type or namespace name 'Guid' could not be found (are you missing a using directive or an assembly reference?)
Assets\SolarSim\Runtime\Domain\Equipment\ElectricalEquipmentInstance.cs(173,15): warning CS8632: The annotation for nullable reference types should only be used in code within a '#nullable' annotations context.
Assets\SolarSim\Runtime\Domain\Equipment\ElectricalEquipmentInstance.cs(200,9): error CS0246: The type or namespace name 'Guid' could not be found (are you missing a using directive or an assembly reference?)
Assets\SolarSim\Runtime\Domain\Equipment\ElectricalEquipmentInstance.cs(204,15): warning CS8632: The annotation for nullable reference types should only be used in code within a '#nullable' annotations context.
Assets\SolarSim\Runtime\Domain\Equipment\ElectricalEquipmentInstance.cs(232,9): error CS0246: The type or namespace name 'Guid' could not be found (are you missing a using directive or an assembly reference?)
Assets\SolarSim\Runtime\Domain\Equipment\ElectricalEquipmentInstance.cs(235,15): warning CS8632: The annotation for nullable reference types should only be used in code within a '#nullable' annotations context.
Assets\SolarSim\Runtime\Domain\Equipment\ElectricalEquipmentInstance.cs(259,9): error CS0246: The type or namespace name 'Guid' could not be found (are you missing a using directive or an assembly reference?)
Assets\SolarSim\Runtime\Domain\Equipment\ElectricalEquipmentInstance.cs(262,15): warning CS8632: The annotation for nullable reference types should only be used in code within a '#nullable' annotations context.
Assets\SolarSim\Runtime\Domain\Equipment\ElectricalEquipmentInstance.cs(18,22): error CS0246: The type or namespace name 'List<>' could not be found (are you missing a using directive or an assembly reference?)
Assets\SolarSim\Runtime\Domain\Equipment\ElectricalEquipmentInstance.cs(34,9): error CS0246: The type or namespace name 'Guid' could not be found (are you missing a using directive or an assembly reference?)
Assets\SolarSim\Runtime\Domain\Equipment\ElectricalEquipmentInstance.cs(42,9): error CS0246: The type or namespace name 'List<>' could not be found (are you missing a using directive or an assembly reference?)
Assets\SolarSim\Runtime\Domain\Equipment\ElectricalEquipmentInstance.cs(43,32): warning CS8632: The annotation for nullable reference types should only be used in code within a '#nullable' annotations context.
Library\PackageCache\com.unity.inputsystem@7fe8299111a7\InputSystem\Plugins\HID\HIDDescriptorWindow.cs(95,34): error CS0619: 'TreeViewState' is obsolete: 'TreeViewState is now deprecated. You can likely now use TreeViewState<int> instead and not think more about it. But if you were using that identifier to store InstanceID data, you should instead opt to upgrade your TreeViews to use TreeViewState<InstanceID> to get the proper typing.'
Library\PackageCache\com.unity.inputsystem@7fe8299111a7\InputSystem\Plugins\HID\HIDDescriptorWindow.cs(113,47): error CS0619: 'TreeView' is obsolete: 'TreeView is now deprecated. You can likely now use TreeView<int> instead and not think more about it. But if you were using that identifier to store InstanceID data, you should instead opt to upgrade your TreeViews to use TreeView<InstanceID> to get the proper typing.'
Library\PackageCache\com.unity.inputsystem@7fe8299111a7\InputSystem\Plugins\HID\HIDDescriptorWindow.cs(117,42): error CS0619: 'TreeViewState' is obsolete: 'TreeViewState is now deprecated. You can likely now use TreeViewState<int> instead and not think more about it. But if you were using that identifier to store InstanceID data, you should instead opt to upgrade your TreeViews to use TreeViewState<InstanceID> to get the proper typing.'
Library\PackageCache\com.unity.inputsystem@7fe8299111a7\InputSystem\Plugins\HID\HIDDescriptorWindow.cs(124,32): error CS0619: 'TreeViewItem' is obsolete: 'TreeViewItem is now deprecated. You can likely now use TreeViewItem<int> instead and not think more about it. But if you were using that identifier to store InstanceID data, you should instead opt to upgrade your TreeViews to use TreeViewItem<InstanceID> to get the proper typing.'
Library\PackageCache\com.unity.inputsystem@7fe8299111a7\InputSystem\Plugins\HID\HIDDescriptorWindow.cs(140,21): error CS0619: 'TreeViewItem' is obsolete: 'TreeViewItem is now deprecated. You can likely now use TreeViewItem<int> instead and not think more about it. But if you were using that identifier to store InstanceID data, you should instead opt to upgrade your TreeViews to use TreeViewItem<InstanceID> to get the proper typing.'
Library\PackageCache\com.unity.inputsystem@7fe8299111a7\InputSystem\Plugins\HID\HIDDescriptorWindow.cs(173,62): error CS0619: 'TreeViewItem' is obsolete: 'TreeViewItem is now deprecated. You can likely now use TreeViewItem<int> instead and not think more about it. But if you were using that identifier to store InstanceID data, you should instead opt to upgrade your TreeViews to use TreeViewItem<InstanceID> to get the proper typing.'
Library\PackageCache\com.unity.inputsystem@7fe8299111a7\InputSystem\Plugins\HID\HIDDescriptorWindow.cs(173,21): error CS0619: 'TreeViewItem' is obsolete: 'TreeViewItem is now deprecated. You can likely now use TreeViewItem<int> instead and not think more about it. But if you were using that identifier to store InstanceID data, you should instead opt to upgrade your TreeViews to use TreeViewItem<InstanceID> to get the proper typing.'
Library\PackageCache\com.unity.inputsystem@7fe8299111a7\InputSystem\Plugins\HID\HIDDescriptorWindow.cs(208,43): error CS0619: 'TreeViewItem' is obsolete: 'TreeViewItem is now deprecated. You can likely now use TreeViewItem<int> instead and not think more about it. But if you were using that identifier to store InstanceID data, you should instead opt to upgrade your TreeViews to use TreeViewItem<InstanceID> to get the proper typing.'
Library\PackageCache\com.unity.inputsystem@7fe8299111a7\InputSystem\Plugins\HID\HIDDescriptorWindow.cs(208,21): error CS0619: 'TreeViewItem' is obsolete: 'TreeViewItem is now deprecated. You can likely now use TreeViewItem<int> instead and not think more about it. But if you were using that identifier to store InstanceID data, you should instead opt to upgrade your TreeViews to use TreeViewItem<InstanceID> to get the proper typing.'
Library\PackageCache\com.unity.inputsystem@7fe8299111a7\InputSystem\Editor\AssetEditor\InputActionTreeViewItems.cs(15,50): error CS0619: 'TreeViewItem' is obsolete: 'TreeViewItem is now deprecated. You can likely now use TreeViewItem<int> instead and not think more about it. But if you were using that identifier to store InstanceID data, you should instead opt to upgrade your TreeViews to use TreeViewItem<InstanceID> to get the proper typing.'
Library\PackageCache\com.unity.inputsystem@7fe8299111a7\InputSystem\Editor\AssetEditor\InputActionEditorWindow.cs(696,52): error CS0619: 'TreeView' is obsolete: 'TreeView is now deprecated. You can likely now use TreeView<int> instead and not think more about it. But if you were using that identifier to store InstanceID data, you should instead opt to upgrade your TreeViews to use TreeView<InstanceID> to get the proper typing.'
Library\PackageCache\com.unity.inputsystem@7fe8299111a7\InputSystem\Editor\AssetEditor\InputActionEditorWindow.cs(821,34): error CS0619: 'TreeViewState' is obsolete: 'TreeViewState is now deprecated. You can likely now use TreeViewState<int> instead and not think more about it. But if you were using that identifier to store InstanceID data, you should instead opt to upgrade your TreeViews to use TreeViewState<InstanceID> to get the proper typing.'
Library\PackageCache\com.unity.inputsystem@7fe8299111a7\InputSystem\Editor\AssetEditor\InputActionEditorWindow.cs(822,34): error CS0619: 'TreeViewState' is obsolete: 'TreeViewState is now deprecated. You can likely now use TreeViewState<int> instead and not think more about it. But if you were using that identifier to store InstanceID data, you should instead opt to upgrade your TreeViews to use TreeViewState<InstanceID> to get the proper typing.'
Library\PackageCache\com.unity.inputsystem@7fe8299111a7\InputSystem\Editor\AssetEditor\InputActionTreeViewItems.cs(177,47): error CS0619: 'TreeViewItem' is obsolete: 'TreeViewItem is now deprecated. You can likely now use TreeViewItem<int> instead and not think more about it. But if you were using that identifier to store InstanceID data, you should instead opt to upgrade your TreeViews to use TreeViewItem<InstanceID> to get the proper typing.'
Library\PackageCache\com.unity.inputsystem@7fe8299111a7\InputSystem\Editor\AssetEditor\InputActionTreeViewItems.cs(188,34): error CS0619: 'TreeViewItem' is obsolete: 'TreeViewItem is now deprecated. You can likely now use TreeViewItem<int> instead and not think more about it. But if you were using that identifier to store InstanceID data, you should instead opt to upgrade your TreeViews to use TreeViewItem<InstanceID> to get the proper typing.'
Library\PackageCache\com.unity.inputsystem@7fe8299111a7\InputSystem\Editor\AssetEditor\InputActionTreeViewItems.cs(198,35): error CS0619: 'TreeViewItem' is obsolete: 'TreeViewItem is now deprecated. You can likely now use TreeViewItem<int> instead and not think more about it. But if you were using that identifier to store InstanceID data, you should instead opt to upgrade your TreeViews to use TreeViewItem<InstanceID> to get the proper typing.'
Library\PackageCache\com.unity.inputsystem@7fe8299111a7\InputSystem\Editor\AssetEditor\InputActionTreeViewItems.cs(193,45): error CS0619: 'TreeViewItem' is obsolete: 'TreeViewItem is now deprecated. You can likely now use TreeViewItem<int> instead and not think more about it. But if you were using that identifier to store InstanceID data, you should instead opt to upgrade your TreeViews to use TreeViewItem<InstanceID> to get the proper typing.'
Library\PackageCache\com.unity.inputsystem@7fe8299111a7\InputSystem\Editor\AssetEditor\InputActionTreeViewItems.cs(213,53): error CS0619: 'TreeViewItem' is obsolete: 'TreeViewItem is now deprecated. You can likely now use TreeViewItem<int> instead and not think more about it. But if you were using that identifier to store InstanceID data, you should instead opt to upgrade your TreeViews to use TreeViewItem<InstanceID> to get the proper typing.'
Library\PackageCache\com.unity.inputsystem@7fe8299111a7\InputSystem\Editor\AssetEditor\InputActionTreeViewItems.cs(312,44): error CS0619: 'TreeViewItem' is obsolete: 'TreeViewItem is now deprecated. You can likely now use TreeViewItem<int> instead and not think more about it. But if you were using that identifier to store InstanceID data, you should instead opt to upgrade your TreeViews to use TreeViewItem<InstanceID> to get the proper typing.'
Library\PackageCache\com.unity.inputsystem@7fe8299111a7\InputSystem\Editor\AssetEditor\InputActionTreeViewItems.cs(326,35): error CS0619: 'TreeViewItem' is obsolete: 'TreeViewItem is now deprecated. You can likely now use TreeViewItem<int> instead and not think more about it. But if you were using that identifier to store InstanceID data, you should instead opt to upgrade your TreeViews to use TreeViewItem<InstanceID> to get the proper typing.'
Library\PackageCache\com.unity.inputsystem@7fe8299111a7\InputSystem\Editor\AssetEditor\InputActionTreeViewItems.cs(441,45): error CS0619: 'TreeViewItem' is obsolete: 'TreeViewItem is now deprecated. You can likely now use TreeViewItem<int> instead and not think more about it. But if you were using that identifier to store InstanceID data, you should instead opt to upgrade your TreeViews to use TreeViewItem<InstanceID> to get the proper typing.'
Library\PackageCache\com.unity.inputsystem@7fe8299111a7\InputSystem\Editor\AssetEditor\InputActionTreeView.cs(45,42): error CS0619: 'TreeView' is obsolete: 'TreeView is now deprecated. You can likely now use TreeView<int> instead and not think more about it. But if you were using that identifier to store InstanceID data, you should instead opt to upgrade your TreeViews to use TreeView<InstanceID> to get the proper typing.'
Library\PackageCache\com.unity.inputsystem@7fe8299111a7\InputSystem\Editor\AssetEditor\InputActionTreeViewItems.cs(506,58): error CS0619: 'TreeViewItem' is obsolete: 'TreeViewItem is now deprecated. You can likely now use TreeViewItem<int> instead and not think more about it. But if you were using that identifier to store InstanceID data, you should instead opt to upgrade your TreeViews to use TreeViewItem<InstanceID> to get the proper typing.'
Library\PackageCache\com.unity.inputsystem@7fe8299111a7\InputSystem\Editor\AssetEditor\InputActionTreeViewItems.cs(553,64): error CS0619: 'TreeViewItem' is obsolete: 'TreeViewItem is now deprecated. You can likely now use TreeViewItem<int> instead and not think more about it. But if you were using that identifier to store InstanceID data, you should instead opt to upgrade your TreeViews to use TreeViewItem<InstanceID> to get the proper typing.'
Library\PackageCache\com.unity.inputsystem@7fe8299111a7\InputSystem\Editor\AssetEditor\InputActionTreeView.cs(66,23): error CS0619: 'TreeViewItem' is obsolete: 'TreeViewItem is now deprecated. You can likely now use TreeViewItem<int> instead and not think more about it. But if you were using that identifier to store InstanceID data, you should instead opt to upgrade your TreeViews to use TreeViewItem<InstanceID> to get the proper typing.'
Library\PackageCache\com.unity.inputsystem@7fe8299111a7\InputSystem\Editor\AssetEditor\InputActionTreeView.cs(78,23): error CS0619: 'TreeViewItem' is obsolete: 'TreeViewItem is now deprecated. You can likely now use TreeViewItem<int> instead and not think more about it. But if you were using that identifier to store InstanceID data, you should instead opt to upgrade your TreeViews to use TreeViewItem<InstanceID> to get the proper typing.'
Library\PackageCache\com.unity.inputsystem@7fe8299111a7\InputSystem\Editor\AssetEditor\InputActionTreeView.cs(90,23): error CS0619: 'TreeViewItem' is obsolete: 'TreeViewItem is now deprecated. You can likely now use TreeViewItem<int> instead and not think more about it. But if you were using that identifier to store InstanceID data, you should instead opt to upgrade your TreeViews to use TreeViewItem<InstanceID> to get the proper typing.'
Library\PackageCache\com.unity.inputsystem@7fe8299111a7\InputSystem\Editor\AssetEditor\InputActionTreeView.cs(98,23): error CS0619: 'TreeViewItem' is obsolete: 'TreeViewItem is now deprecated. You can likely now use TreeViewItem<int> instead and not think more about it. But if you were using that identifier to store InstanceID data, you should instead opt to upgrade your TreeViews to use TreeViewItem<InstanceID> to get the proper typing.'
Library\PackageCache\com.unity.inputsystem@7fe8299111a7\InputSystem\Editor\AssetEditor\InputActionTreeView.cs(109,28): error CS0619: 'TreeViewItem' is obsolete: 'TreeViewItem is now deprecated. You can likely now use TreeViewItem<int> instead and not think more about it. But if you were using that identifier to store InstanceID data, you should instead opt to upgrade your TreeViews to use TreeViewItem<InstanceID> to get the proper typing.'
Library\PackageCache\com.unity.inputsystem@7fe8299111a7\InputSystem\Editor\AssetEditor\InputActionTreeView.cs(246,60): error CS0619: 'TreeViewItem' is obsolete: 'TreeViewItem is now deprecated. You can likely now use TreeViewItem<int> instead and not think more about it. But if you were using that identifier to store InstanceID data, you should instead opt to upgrade your TreeViews to use TreeViewItem<InstanceID> to get the proper typing.'
Library\PackageCache\com.unity.inputsystem@7fe8299111a7\InputSystem\Editor\AssetEditor\InputActionTreeView.cs(383,37): error CS0619: 'TreeViewItem' is obsolete: 'TreeViewItem is now deprecated. You can likely now use TreeViewItem<int> instead and not think more about it. But if you were using that identifier to store InstanceID data, you should instead opt to upgrade your TreeViews to use TreeViewItem<InstanceID> to get the proper typing.'
Library\PackageCache\com.unity.inputsystem@7fe8299111a7\InputSystem\Editor\AssetEditor\InputActionTreeView.cs(391,43): error CS0619: 'TreeViewItem' is obsolete: 'TreeViewItem is now deprecated. You can likely now use TreeViewItem<int> instead and not think more about it. But if you were using that identifier to store InstanceID data, you should instead opt to upgrade your TreeViews to use TreeViewItem<InstanceID> to get the proper typing.'
Library\PackageCache\com.unity.inputsystem@7fe8299111a7\InputSystem\Editor\AssetEditor\InputActionTreeView.cs(1368,62): error CS0619: 'TreeViewItem' is obsolete: 'TreeViewItem is now deprecated. You can likely now use TreeViewItem<int> instead and not think more about it. But if you were using that identifier to store InstanceID data, you should instead opt to upgrade your TreeViews to use TreeViewItem<InstanceID> to get the proper typing.'
Library\PackageCache\com.unity.inputsystem@7fe8299111a7\InputSystem\Editor\AssetEditor\InputActionTreeView.cs(1373,70): error CS0619: 'TreeViewItem' is obsolete: 'TreeViewItem is now deprecated. You can likely now use TreeViewItem<int> instead and not think more about it. But if you were using that identifier to store InstanceID data, you should instead opt to upgrade your TreeViews to use TreeViewItem<InstanceID> to get the proper typing.'
Library\PackageCache\com.unity.inputsystem@7fe8299111a7\InputSystem\Editor\AssetEditor\InputActionTreeView.cs(1381,48): error CS0619: 'TreeViewItem' is obsolete: 'TreeViewItem is now deprecated. You can likely now use TreeViewItem<int> instead and not think more about it. But if you were using that identifier to store InstanceID data, you should instead opt to upgrade your TreeViews to use TreeViewItem<InstanceID> to get the proper typing.'
Library\PackageCache\com.unity.inputsystem@7fe8299111a7\InputSystem\Editor\AssetEditor\InputActionTreeView.cs(1438,20): error CS0619: 'TreeViewItem' is obsolete: 'TreeViewItem is now deprecated. You can likely now use TreeViewItem<int> instead and not think more about it. But if you were using that identifier to store InstanceID data, you should instead opt to upgrade your TreeViews to use TreeViewItem<InstanceID> to get the proper typing.'
Library\PackageCache\com.unity.inputsystem@7fe8299111a7\InputSystem\Editor\AssetEditor\InputActionTreeView.cs(1444,21): error CS0619: 'TreeViewItem' is obsolete: 'TreeViewItem is now deprecated. You can likely now use TreeViewItem<int> instead and not think more about it. But if you were using that identifier to store InstanceID data, you should instead opt to upgrade your TreeViews to use TreeViewItem<InstanceID> to get the proper typing.'
Library\PackageCache\com.unity.inputsystem@7fe8299111a7\InputSystem\Editor\AssetEditor\InputActionTreeView.cs(49,71): error CS0619: 'TreeViewState' is obsolete: 'TreeViewState is now deprecated. You can likely now use TreeViewState<int> instead and not think more about it. But if you were using that identifier to store InstanceID data, you should instead opt to upgrade your TreeViews to use TreeViewState<InstanceID> to get the proper typing.'
Library\PackageCache\com.unity.inputsystem@7fe8299111a7\InputSystem\Editor\AssetEditor\InputActionTreeView.cs(731,20): error CS0619: 'TreeViewItem' is obsolete: 'TreeViewItem is now deprecated. You can likely now use TreeViewItem<int> instead and not think more about it. But if you were using that identifier to store InstanceID data, you should instead opt to upgrade your TreeViews to use TreeViewItem<InstanceID> to get the proper typing.'
Library\PackageCache\com.unity.inputsystem@7fe8299111a7\InputSystem\Editor\AssetEditor\InputActionTreeView.cs(1704,44): error CS0619: 'TreeViewItem' is obsolete: 'TreeViewItem is now deprecated. You can likely now use TreeViewItem<int> instead and not think more about it. But if you were using that identifier to store InstanceID data, you should instead opt to upgrade your TreeViews to use TreeViewItem<InstanceID> to get the proper typing.'
Library\PackageCache\com.unity.inputsystem@7fe8299111a7\InputSystem\Editor\Debugger\InputDebuggerWindow.cs(349,34): error CS0619: 'TreeViewState' is obsolete: 'TreeViewState is now deprecated. You can likely now use TreeViewState<int> instead and not think more about it. But if you were using that identifier to store InstanceID data, you should instead opt to upgrade your TreeViews to use TreeViewState<InstanceID> to get the proper typing.'
Library\PackageCache\com.unity.inputsystem@7fe8299111a7\InputSystem\Editor\Debugger\InputDebuggerWindow.cs(395,45): error CS0619: 'TreeView' is obsolete: 'TreeView is now deprecated. You can likely now use TreeView<int> instead and not think more about it. But if you were using that identifier to store InstanceID data, you should instead opt to upgrade your TreeViews to use TreeView<InstanceID> to get the proper typing.'
Library\PackageCache\com.unity.inputsystem@7fe8299111a7\InputSystem\Editor\Debugger\InputDebuggerWindow.cs(397,20): error CS0619: 'TreeViewItem' is obsolete: 'TreeViewItem is now deprecated. You can likely now use TreeViewItem<int> instead and not think more about it. But if you were using that identifier to store InstanceID data, you should instead opt to upgrade your TreeViews to use TreeViewItem<InstanceID> to get the proper typing.'
Library\PackageCache\com.unity.inputsystem@7fe8299111a7\InputSystem\Editor\Debugger\InputDebuggerWindow.cs(398,20): error CS0619: 'TreeViewItem' is obsolete: 'TreeViewItem is now deprecated. You can likely now use TreeViewItem<int> instead and not think more about it. But if you were using that identifier to store InstanceID data, you should instead opt to upgrade your TreeViews to use TreeViewItem<InstanceID> to get the proper typing.'
Library\PackageCache\com.unity.inputsystem@7fe8299111a7\InputSystem\Editor\Debugger\InputDebuggerWindow.cs(399,20): error CS0619: 'TreeViewItem' is obsolete: 'TreeViewItem is now deprecated. You can likely now use TreeViewItem<int> instead and not think more about it. But if you were using that identifier to store InstanceID data, you should instead opt to upgrade your TreeViews to use TreeViewItem<InstanceID> to get the proper typing.'
Library\PackageCache\com.unity.inputsystem@7fe8299111a7\InputSystem\Editor\Debugger\InputDebuggerWindow.cs(400,20): error CS0619: 'TreeViewItem' is obsolete: 'TreeViewItem is now deprecated. You can likely now use TreeViewItem<int> instead and not think more about it. But if you were using that identifier to store InstanceID data, you should instead opt to upgrade your TreeViews to use TreeViewItem<InstanceID> to get the proper typing.'
Library\PackageCache\com.unity.inputsystem@7fe8299111a7\InputSystem\Editor\Debugger\InputDebuggerWindow.cs(401,20): error CS0619: 'TreeViewItem' is obsolete: 'TreeViewItem is now deprecated. You can likely now use TreeViewItem<int> instead and not think more about it. But if you were using that identifier to store InstanceID data, you should instead opt to upgrade your TreeViews to use TreeViewItem<InstanceID> to get the proper typing.'
Library\PackageCache\com.unity.inputsystem@7fe8299111a7\InputSystem\Editor\Debugger\InputDebuggerWindow.cs(402,20): error CS0619: 'TreeViewItem' is obsolete: 'TreeViewItem is now deprecated. You can likely now use TreeViewItem<int> instead and not think more about it. But if you were using that identifier to store InstanceID data, you should instead opt to upgrade your TreeViews to use TreeViewItem<InstanceID> to get the proper typing.'
Library\PackageCache\com.unity.inputsystem@7fe8299111a7\InputSystem\Editor\Debugger\InputDebuggerWindow.cs(404,40): error CS0619: 'TreeViewState' is obsolete: 'TreeViewState is now deprecated. You can likely now use TreeViewState<int> instead and not think more about it. But if you were using that identifier to store InstanceID data, you should instead opt to upgrade your TreeViews to use TreeViewState<InstanceID> to get the proper typing.'
Library\PackageCache\com.unity.inputsystem@7fe8299111a7\InputSystem\Editor\Debugger\InputDebuggerWindow.cs(481,32): error CS0619: 'TreeViewItem' is obsolete: 'TreeViewItem is now deprecated. You can likely now use TreeViewItem<int> instead and not think more about it. But if you were using that identifier to store InstanceID data, you should instead opt to upgrade your TreeViews to use TreeViewItem<InstanceID> to get the proper typing.'
Library\PackageCache\com.unity.inputsystem@7fe8299111a7\InputSystem\Editor\Internal\InputEventTreeView.cs(22,41): error CS0619: 'TreeView' is obsolete: 'TreeView is now deprecated. You can likely now use TreeView<int> instead and not think more about it. But if you were using that identifier to store InstanceID data, you should instead opt to upgrade your TreeViews to use TreeView<InstanceID> to get the proper typing.'
Library\PackageCache\com.unity.inputsystem@7fe8299111a7\InputSystem\Editor\Debugger\InputDebuggerWindow.cs(627,34): error CS0619: 'TreeViewItem' is obsolete: 'TreeViewItem is now deprecated. You can likely now use TreeViewItem<int> instead and not think more about it. But if you were using that identifier to store InstanceID data, you should instead opt to upgrade your TreeViews to use TreeViewItem<InstanceID> to get the proper typing.'
Library\PackageCache\com.unity.inputsystem@7fe8299111a7\InputSystem\Editor\Debugger\InputDebuggerWindow.cs(653,108): error CS0619: 'TreeViewItem' is obsolete: 'TreeViewItem is now deprecated. You can likely now use TreeViewItem<int> instead and not think more about it. But if you were using that identifier to store InstanceID data, you should instead opt to upgrade your TreeViews to use TreeViewItem<InstanceID> to get the proper typing.'
Library\PackageCache\com.unity.inputsystem@7fe8299111a7\InputSystem\Editor\Debugger\InputDebuggerWindow.cs(677,44): error CS0619: 'TreeViewItem' is obsolete: 'TreeViewItem is now deprecated. You can likely now use TreeViewItem<int> instead and not think more about it. But if you were using that identifier to store InstanceID data, you should instead opt to upgrade your TreeViews to use TreeViewItem<InstanceID> to get the proper typing.'
Library\PackageCache\com.unity.inputsystem@7fe8299111a7\InputSystem\Editor\Debugger\InputDebuggerWindow.cs(702,44): error CS0619: 'TreeViewItem' is obsolete: 'TreeViewItem is now deprecated. You can likely now use TreeViewItem<int> instead and not think more about it. But if you were using that identifier to store InstanceID data, you should instead opt to upgrade your TreeViews to use TreeViewItem<InstanceID> to get the proper typing.'
Library\PackageCache\com.unity.inputsystem@7fe8299111a7\InputSystem\Editor\Internal\InputEventTreeView.cs(39,101): error CS0619: 'TreeViewState' is obsolete: 'TreeViewState is now deprecated. You can likely now use TreeViewState<int> instead and not think more about it. But if you were using that identifier to store InstanceID data, you should instead opt to upgrade your TreeViews to use TreeViewState<InstanceID> to get the proper typing.'
Library\PackageCache\com.unity.inputsystem@7fe8299111a7\InputSystem\Editor\Debugger\InputDebuggerWindow.cs(744,82): error CS0619: 'TreeViewItem' is obsolete: 'TreeViewItem is now deprecated. You can likely now use TreeViewItem<int> instead and not think more about it. But if you were using that identifier to store InstanceID data, you should instead opt to upgrade your TreeViews to use TreeViewItem<InstanceID> to get the proper typing.'
Library\PackageCache\com.unity.inputsystem@7fe8299111a7\InputSystem\Editor\Debugger\InputDebuggerWindow.cs(744,21): error CS0619: 'TreeViewItem' is obsolete: 'TreeViewItem is now deprecated. You can likely now use TreeViewItem<int> instead and not think more about it. But if you were using that identifier to store InstanceID data, you should instead opt to upgrade your TreeViews to use TreeViewItem<InstanceID> to get the proper typing.'
Library\PackageCache\com.unity.inputsystem@7fe8299111a7\InputSystem\Editor\Debugger\InputDebuggerWindow.cs(811,81): error CS0619: 'TreeViewItem' is obsolete: 'TreeViewItem is now deprecated. You can likely now use TreeViewItem<int> instead and not think more about it. But if you were using that identifier to store InstanceID data, you should instead opt to upgrade your TreeViews to use TreeViewItem<InstanceID> to get the proper typing.'
Library\PackageCache\com.unity.inputsystem@7fe8299111a7\InputSystem\Editor\Debugger\InputDebuggerWindow.cs(888,47): error CS0619: 'TreeViewItem' is obsolete: 'TreeViewItem is now deprecated. You can likely now use TreeViewItem<int> instead and not think more about it. But if you were using that identifier to store InstanceID data, you should instead opt to upgrade your TreeViews to use TreeViewItem<InstanceID> to get the proper typing.'
Library\PackageCache\com.unity.inputsystem@7fe8299111a7\InputSystem\Editor\Debugger\InputDebuggerWindow.cs(900,44): error CS0619: 'TreeViewItem' is obsolete: 'TreeViewItem is now deprecated. You can likely now use TreeViewItem<int> instead and not think more about it. But if you were using that identifier to store InstanceID data, you should instead opt to upgrade your TreeViews to use TreeViewItem<InstanceID> to get the proper typing.'
Library\PackageCache\com.unity.inputsystem@7fe8299111a7\InputSystem\Editor\Internal\InputEventTreeView.cs(179,28): error CS0619: 'TreeViewItem' is obsolete: 'TreeViewItem is now deprecated. You can likely now use TreeViewItem<int> instead and not think more about it. But if you were using that identifier to store InstanceID data, you should instead opt to upgrade your TreeViews to use TreeViewItem<InstanceID> to get the proper typing.'
Library\PackageCache\com.unity.inputsystem@7fe8299111a7\InputSystem\Editor\Debugger\InputDebuggerWindow.cs(924,47): error CS0619: 'TreeViewItem' is obsolete: 'TreeViewItem is now deprecated. You can likely now use TreeViewItem<int> instead and not think more about it. But if you were using that identifier to store InstanceID data, you should instead opt to upgrade your TreeViews to use TreeViewItem<InstanceID> to get the proper typing.'
Library\PackageCache\com.unity.inputsystem@7fe8299111a7\InputSystem\Editor\Internal\TreeViewHelpers.cs(13,64): error CS0619: 'TreeViewItem' is obsolete: 'TreeViewItem is now deprecated. You can likely now use TreeViewItem<int> instead and not think more about it. But if you were using that identifier to store InstanceID data, you should instead opt to upgrade your TreeViews to use TreeViewItem<InstanceID> to get the proper typing.'
Library\PackageCache\com.unity.inputsystem@7fe8299111a7\InputSystem\Editor\Debugger\InputDebuggerWindow.cs(980,43): error CS0619: 'TreeViewItem' is obsolete: 'TreeViewItem is now deprecated. You can likely now use TreeViewItem<int> instead and not think more about it. But if you were using that identifier to store InstanceID data, you should instead opt to upgrade your TreeViews to use TreeViewItem<InstanceID> to get the proper typing.'
Library\PackageCache\com.unity.inputsystem@7fe8299111a7\InputSystem\Editor\Debugger\InputDebuggerWindow.cs(980,21): error CS0619: 'TreeViewItem' is obsolete: 'TreeViewItem is now deprecated. You can likely now use TreeViewItem<int> instead and not think more about it. But if you were using that identifier to store InstanceID data, you should instead opt to upgrade your TreeViews to use TreeViewItem<InstanceID> to get the proper typing.'
Library\PackageCache\com.unity.inputsystem@7fe8299111a7\InputSystem\Editor\Internal\TreeViewHelpers.cs(26,44): error CS0619: 'TreeViewItem' is obsolete: 'TreeViewItem is now deprecated. You can likely now use TreeViewItem<int> instead and not think more about it. But if you were using that identifier to store InstanceID data, you should instead opt to upgrade your TreeViews to use TreeViewItem<InstanceID> to get the proper typing.'
Library\PackageCache\com.unity.inputsystem@7fe8299111a7\InputSystem\Editor\Internal\TreeViewHelpers.cs(26,65): error CS0619: 'TreeViewItem' is obsolete: 'TreeViewItem is now deprecated. You can likely now use TreeViewItem<int> instead and not think more about it. But if you were using that identifier to store InstanceID data, you should instead opt to upgrade your TreeViews to use TreeViewItem<InstanceID> to get the proper typing.'
Library\PackageCache\com.unity.inputsystem@7fe8299111a7\InputSystem\Editor\Internal\TreeViewHelpers.cs(41,48): error CS0619: 'TreeView' is obsolete: 'TreeView is now deprecated. You can likely now use TreeView<int> instead and not think more about it. But if you were using that identifier to store InstanceID data, you should instead opt to upgrade your TreeViews to use TreeView<InstanceID> to get the proper typing.'
Library\PackageCache\com.unity.inputsystem@7fe8299111a7\InputSystem\Editor\Internal\TreeViewHelpers.cs(41,67): error CS0619: 'TreeViewItem' is obsolete: 'TreeViewItem is now deprecated. You can likely now use TreeViewItem<int> instead and not think more about it. But if you were using that identifier to store InstanceID data, you should instead opt to upgrade your TreeViews to use TreeViewItem<InstanceID> to get the proper typing.'
Library\PackageCache\com.unity.inputsystem@7fe8299111a7\InputSystem\Editor\Internal\TreeViewHelpers.cs(14,27): error CS0619: 'TreeViewItem' is obsolete: 'TreeViewItem is now deprecated. You can likely now use TreeViewItem<int> instead and not think more about it. But if you were using that identifier to store InstanceID data, you should instead opt to upgrade your TreeViews to use TreeViewItem<InstanceID> to get the proper typing.'
Library\PackageCache\com.unity.inputsystem@7fe8299111a7\InputSystem\Editor\Debugger\InputDebuggerWindow.cs(996,40): error CS0619: 'TreeViewItem' is obsolete: 'TreeViewItem is now deprecated. You can likely now use TreeViewItem<int> instead and not think more about it. But if you were using that identifier to store InstanceID data, you should instead opt to upgrade your TreeViews to use TreeViewItem<InstanceID> to get the proper typing.'
Library\PackageCache\com.unity.inputsystem@7fe8299111a7\InputSystem\Editor\Internal\InputEventTreeView.cs(110,36): error CS0619: 'TreeViewState' is obsolete: 'TreeViewState is now deprecated. You can likely now use TreeViewState<int> instead and not think more about it. But if you were using that identifier to store InstanceID data, you should instead opt to upgrade your TreeViews to use TreeViewState<InstanceID> to get the proper typing.'
Library\PackageCache\com.unity.inputsystem@7fe8299111a7\InputSystem\Editor\Debugger\InputDebuggerWindow.cs(1001,51): error CS0619: 'TreeViewItem' is obsolete: 'TreeViewItem is now deprecated. You can likely now use TreeViewItem<int> instead and not think more about it. But if you were using that identifier to store InstanceID data, you should instead opt to upgrade your TreeViews to use TreeViewItem<InstanceID> to get the proper typing.'
Library\PackageCache\com.unity.inputsystem@7fe8299111a7\InputSystem\Editor\Internal\InputEventTreeView.cs(280,35): error CS0619: 'TreeViewItem' is obsolete: 'TreeViewItem is now deprecated. You can likely now use TreeViewItem<int> instead and not think more about it. But if you were using that identifier to store InstanceID data, you should instead opt to upgrade your TreeViews to use TreeViewItem<InstanceID> to get the proper typing.'
Library\PackageCache\com.unity.inputsystem@7fe8299111a7\InputSystem\Editor\Debugger\InputDebuggerWindow.cs(1006,47): error CS0619: 'TreeViewItem' is obsolete: 'TreeViewItem is now deprecated. You can likely now use TreeViewItem<int> instead and not think more about it. But if you were using that identifier to store InstanceID data, you should instead opt to upgrade your TreeViews to use TreeViewItem<InstanceID> to get the proper typing.'
Library\PackageCache\com.unity.inputsystem@7fe8299111a7\InputSystem\Editor\Debugger\InputDebuggerWindow.cs(1011,40): error CS0619: 'TreeViewItem' is obsolete: 'TreeViewItem is now deprecated. You can likely now use TreeViewItem<int> instead and not think more about it. But if you were using that identifier to store InstanceID data, you should instead opt to upgrade your TreeViews to use TreeViewItem<InstanceID> to get the proper typing.'
Library\PackageCache\com.unity.inputsystem@7fe8299111a7\InputSystem\Editor\Internal\InputStateWindow.cs(406,34): error CS0619: 'TreeViewState' is obsolete: 'TreeViewState is now deprecated. You can likely now use TreeViewState<int> instead and not think more about it. But if you were using that identifier to store InstanceID data, you should instead opt to upgrade your TreeViews to use TreeViewState<InstanceID> to get the proper typing.'
Library\PackageCache\com.unity.inputsystem@7fe8299111a7\InputSystem\Editor\Internal\InputControlTreeView.cs(18,43): error CS0619: 'TreeView' is obsolete: 'TreeView is now deprecated. You can likely now use TreeView<int> instead and not think more about it. But if you were using that identifier to store InstanceID data, you should instead opt to upgrade your TreeViews to use TreeView<InstanceID> to get the proper typing.'
Library\PackageCache\com.unity.inputsystem@7fe8299111a7\InputSystem\Editor\Internal\InputControlTreeView.cs(28,102): error CS0619: 'TreeViewState' is obsolete: 'TreeViewState is now deprecated. You can likely now use TreeViewState<int> instead and not think more about it. But if you were using that identifier to store InstanceID data, you should instead opt to upgrade your TreeViews to use TreeViewState<InstanceID> to get the proper typing.'
Library\PackageCache\com.unity.inputsystem@7fe8299111a7\InputSystem\Editor\Internal\InputControlTreeView.cs(139,28): error CS0619: 'TreeViewItem' is obsolete: 'TreeViewItem is now deprecated. You can likely now use TreeViewItem<int> instead and not think more about it. But if you were using that identifier to store InstanceID data, you should instead opt to upgrade your TreeViews to use TreeViewItem<InstanceID> to get the proper typing.'
Library\PackageCache\com.unity.inputsystem@7fe8299111a7\InputSystem\Editor\Internal\InputControlTreeView.cs(131,57): error CS0619: 'TreeViewState' is obsolete: 'TreeViewState is now deprecated. You can likely now use TreeViewState<int> instead and not think more about it. But if you were using that identifier to store InstanceID data, you should instead opt to upgrade your TreeViews to use TreeViewState<InstanceID> to get the proper typing.'
Library\PackageCache\com.unity.inputsystem@7fe8299111a7\InputSystem\Editor\Internal\InputControlTreeView.cs(331,37): error CS0619: 'TreeViewItem' is obsolete: 'TreeViewItem is now deprecated. You can likely now use TreeViewItem<int> instead and not think more about it. But if you were using that identifier to store InstanceID data, you should instead opt to upgrade your TreeViews to use TreeViewItem<InstanceID> to get the proper typing.'
Library\PackageCache\com.unity.inputsystem@7fe8299111a7\InputSystem\Editor\PropertyDrawers\InputActionDrawerBase.cs(161,28): error CS0619: 'TreeViewItem' is obsolete: 'TreeViewItem is now deprecated. You can likely now use TreeViewItem<int> instead and not think more about it. But if you were using that identifier to store InstanceID data, you should instead opt to upgrade your TreeViews to use TreeViewItem<InstanceID> to get the proper typing.'
Library\PackageCache\com.unity.inputsystem@7fe8299111a7\InputSystem\Editor\PropertyDrawers\InputActionMapDrawer.cs(14,28): error CS0619: 'TreeViewItem' is obsolete: 'TreeViewItem is now deprecated. You can likely now use TreeViewItem<int> instead and not think more about it. But if you were using that identifier to store InstanceID data, you should instead opt to upgrade your TreeViews to use TreeViewItem<InstanceID> to get the proper typing.'
Library\PackageCache\com.unity.inputsystem@7fe8299111a7\InputSystem\Editor\PropertyDrawers\InputActionDrawer.cs(14,28): error CS0619: 'TreeViewItem' is obsolete: 'TreeViewItem is now deprecated. You can likely now use TreeViewItem<int> instead and not think more about it. But if you were using that identifier to store InstanceID data, you should instead opt to upgrade your TreeViews to use TreeViewItem<InstanceID> to get the proper typing.'
Library\PackageCache\com.unity.inputsystem@7fe8299111a7\InputSystem\Editor\Debugger\InputDeviceDebuggerWindow.cs(518,34): error CS0619: 'TreeViewState' is obsolete: 'TreeViewState is now deprecated. You can likely now use TreeViewState<int> instead and not think more about it. But if you were using that identifier to store InstanceID data, you should instead opt to upgrade your TreeViews to use TreeViewState<InstanceID> to get the proper typing.'
Library\PackageCache\com.unity.inputsystem@7fe8299111a7\InputSystem\Editor\Debugger\InputDeviceDebuggerWindow.cs(519,34): error CS0619: 'TreeViewState' is obsolete: 'TreeViewState is now deprecated. You can likely now use TreeViewState<int> instead and not think more about it. But if you were using that identifier to store InstanceID data, you should instead opt to upgrade your TreeViews to use TreeViewState<InstanceID> to get the proper typing.'
AssetDatabase: script compilation time: 12.843949s
Scripts have compiler errors.
Exiting without the bug reporter. Application will terminate with return code 1